id,inventory_key,name,city,province,street_address,postal_code,country,website_url,latitude,longitude,operating_status,publication_status,verification_status,review_notes,source_urls,suggested_tags
5402debd-2567-5c85-af4d-31354fd1f113,museum-nl:museum-boijmans-van-beuningen,Museum Boijmans Van Beuningen,,,,,NL,https://www.boijmans.nl,51.91442,4.473268,unknown,draft,unreviewed,Bronvermelding is geen controle van actuele opening of toegankelijkheid.,https://www.museum.nl/nl/museum-boijmans-van-beuningen,kunst
760fa7b6-2d12-5a3c-8e26-f1ddb9053704,museum-nl:kasteel-huis-bergh,Kasteel Huis Bergh,'s-Heerenberg,,Hof van Bergh 8,7041 AC,NL,https://www.huisbergh.nl,51.874696,6.240762,unknown,draft,unreviewed,Bronvermelding is geen controle van actuele opening of toegankelijkheid.,https://www.museum.nl/nl/kasteel-huis-bergh,
7e361c3f-c140-55c4-96b0-1bbe175f142d,museum-nl:nederlands-artillerie-museum,Nederlands Artillerie Museum,'t Harde,,Eperweg 149,8084 HE,NL,https://www.nederlandsartilleriemuseum.nl,52.390775,5.907402,unknown,draft,unreviewed,Bronvermelding is geen controle van actuele opening of toegankelijkheid.,https://www.museum.nl/nl/nederlands-artillerie-museum,
2af923e0-b168-514f-8399-fcf32c2c6085,museum-nl:crash-luchtoorlog-en-verzetsmuseum-40-45,CRASH Luchtoorlog- en Verzetsmuseum '40-'45,Aalsmeerderbrug,,Aalsmeerderdijk 460,1436 BM,NL,https://www.crash40-45.nl,52.268773,4.734975,unknown,draft,unreviewed,Bronvermelding is geen controle van actuele opening of toegankelijkheid.,https://www.museum.nl/nl/crash-luchtoorlog-en-verzetsmuseum-40-45,geschiedenis
ef6fef24-982d-5aaa-8ce2-65c2426f3ddd,museum-nl:museumpark-archeon,Museumpark Archeon,Alphen a/d Rijn,,Archeonlaan 1,2408 ZB,NL,https://www.archeon.nl,52.114113,4.651694,unknown,draft,unreviewed,Bronvermelding is geen controle van actuele opening of toegankelijkheid.,https://www.museum.nl/nl/museumpark-archeon,
55198fea-c768-58c8-85e9-cdc1d8a1edaa,museum-nl:kasteel-ammersoyen,Kasteel Ammersoyen,Ammerzoden,,Kasteellaan 1,5324 JR,NL,https://www.glk.nl/ammersoyen,51.751578,5.229429,unknown,draft,unreviewed,Bronvermelding is geen controle van actuele opening of toegankelijkheid.,https://www.museum.nl/nl/kasteel-ammersoyen,
cb708cee-ce9d-573a-8ff6-b1bacb6eda3e,museum-nl:het-sterkenhuis,Het Sterkenhuis,Bergen NH,,Oude Prinsweg 21,1861 CS,NL,https://www.museumhetsterkenhuis.nl,52.669723,4.69964,unknown,draft,unreviewed,Bronvermelding is geen controle van actuele opening of toegankelijkheid.,https://www.museum.nl/nl/het-sterkenhuis,
fa8c181f-1885-5b0c-92a4-072ec1f8e916,museum-nl:museum-bussemakerhuis,Museum Bussemakerhuis,Borne,,Ennekerdijk 11,7622 ED,NL,http://www.museumbussemakerhuis.nl,52.29933,6.760636,unknown,draft,unreviewed,Bronvermelding is geen controle van actuele opening of toegankelijkheid.,https://www.museum.nl/nl/museum-bussemakerhuis,
6e31d28f-b17e-569c-b1fc-35b329c730d7,museum-nl:museum-spakenburg,Museum Spakenburg,Bunschoten-Spakenburg,,Oude Schans 47-63,3752 AH,NL,https://www.museumspakenburg.nl,52.254588,5.37789,unknown,draft,unreviewed,Bronvermelding is geen controle van actuele opening of toegankelijkheid.,https://www.museum.nl/nl/museum-spakenburg,
ce3b5fb1-e0aa-5335-93a3-d8297087ce74,museum-nl:landbouw-juttersmuseum-swartwoude,Landbouw-Juttersmuseum 'Swartwoude',Buren-Ameland,,Hoofdweg 1,9164 KL,NL,https://www.amelandermusea.nl,53.447354,5.796895,unknown,draft,unreviewed,Bronvermelding is geen controle van actuele opening of toegankelijkheid.,https://www.museum.nl/nl/landbouw-juttersmuseum-swartwoude,
21933f77-b7ef-5f2b-9eb2-b3741bb86205,museum-nl:observeum-burgum,Observeum Burgum,Burgum,,Menno van Coehoornweg 9,9251 LV,NL,https://www.observeum.nl,53.205466,6.001736,unknown,draft,unreviewed,Bronvermelding is geen controle van actuele opening of toegankelijkheid.,https://www.museum.nl/nl/observeum-burgum,
3f6e752b-d6ee-58a3-a976-3c0c915f5311,museum-nl:cruquius-museum,Cruquius Museum,Cruquius,,Cruquiusdijk 27,2142 ER,NL,https://www.cruquius-museum.nl,52.338199,4.638092,unknown,draft,unreviewed,Bronvermelding is geen controle van actuele opening of toegankelijkheid.,https://www.museum.nl/nl/cruquius-museum,
bb7b9066-2a03-55f5-a8af-0f1c973b0541,museum-nl:texels-erfgoedmuseum-waelstee,Texels erfgoedmuseum Waelstee,De Waal (Texel),,Hogereind 6,1793 AG,NL,https://www.museumtexel.nl,53.072466,4.82144,unknown,draft,unreviewed,Bronvermelding is geen controle van actuele opening of toegankelijkheid.,https://www.museum.nl/nl/texels-erfgoedmuseum-waelstee,
374724e9-eb40-5107-9c99-ea5ee7bdad4c,museum-nl:oudheidkamer-texel,Oudheidkamer Texel,Den Burg,,Kogerstraat 1,1791 EN,NL,https://www.oudheidkamertexel.nl/,53.05549,4.796318,unknown,draft,unreviewed,Bronvermelding is geen controle van actuele opening of toegankelijkheid.,https://www.museum.nl/nl/oudheidkamer-texel,geschiedenis
3a4ba1da-8973-562a-abd9-52b964dfb904,museum-nl:marinemuseum,Marinemuseum,Den Helder,,Hoofdgracht 3,1781 AA,NL,https://www.marinemuseum.nl,52.963811,4.772207,unknown,draft,unreviewed,Bronvermelding is geen controle van actuele opening of toegankelijkheid.,https://www.museum.nl/nl/marinemuseum,maritiem
5d915a03-6fb9-541b-b604-70c3a24d793d,museum-nl:nationaal-reddingmuseum-dorus-rijkers,Nationaal Reddingmuseum Dorus Rijkers,Den Helder,,Willemsoord 60g,1781 AS,NL,https://www.reddingmuseum.nl,52.958456,4.768207,unknown,draft,unreviewed,Bronvermelding is geen controle van actuele opening of toegankelijkheid.,https://www.museum.nl/nl/nationaal-reddingmuseum-dorus-rijkers,
4f9e04fd-5c63-54d0-bfb2-9acf614c3501,museum-nl:project-de-nollen,Project De Nollen,Den Helder,,Burgemeester Ritmeesterweg 10,1784 NV,NL,https://www.projectdenollen.nl,52.9326,4.759562,unknown,draft,unreviewed,Bronvermelding is geen controle van actuele opening of toegankelijkheid.,https://www.museum.nl/nl/project-de-nollen,
c699e7cd-a937-57cc-9684-ea19e6adf9b7,museum-nl:drawing-centre-diepenheim,Drawing Centre Diepenheim,Diepenheim,,Grotestraat 17,7478 AA,NL,https://drawingcentre.nl/,52.200662,6.550402,unknown,draft,unreviewed,Bronvermelding is geen controle van actuele opening of toegankelijkheid.,https://www.museum.nl/nl/drawing-centre-diepenheim,
8bf5b02b-11a7-512b-8d5d-8dd09d2a393e,museum-nl:kasteel-doornenburg,Kasteel Doornenburg,Doornenburg,,Kerkstraat 27,6686 BS,NL,https://www.kasteeldoornenburg.nl,51.894473,5.999148,unknown,draft,unreviewed,Bronvermelding is geen controle van actuele opening of toegankelijkheid.,https://www.museum.nl/nl/kasteel-doornenburg,
f9385da6-1a5c-5a04-b77e-cce27f8c75be,museum-nl:museum-fort-pannerden,Museum Fort Pannerden,Doornenburg,,Waaldijk 1,6686 MV,NL,https://fortpannerden.eu/,51.880974,6.026588,unknown,draft,unreviewed,Bronvermelding is geen controle van actuele opening of toegankelijkheid.,https://www.museum.nl/nl/museum-fort-pannerden,
6a059bb9-731b-5abf-a594-ff35670c66bd,museum-nl:kasteel-de-haar,Kasteel de Haar,Haarzuilens,,Kasteellaan 1,3455 RR,NL,https://www.kasteeldehaar.nl,52.120076,4.984137,unknown,draft,unreviewed,Bronvermelding is geen controle van actuele opening of toegankelijkheid.,https://www.museum.nl/nl/kasteel-de-haar,
acfd3cf1-fb1d-57f5-af32-6db2e9075d0f,museum-nl:kasteel-het-nijenhuis,Kasteel Het Nijenhuis,Heino/Wijhe,,t Neijenhuis 10,8131 RD,NL,https://www.museumdefundatie.nl,52.416462,6.213569,unknown,draft,unreviewed,Bronvermelding is geen controle van actuele opening of toegankelijkheid.,https://www.museum.nl/nl/kasteel-het-nijenhuis,
5d87f930-fd4e-582a-ba89-a919e986f889,museum-nl:museum-hengelo,Museum Hengelo,Hengelo,,Beekstraat 51,7551 DP,NL,https://www.museumhengelo.nl,52.26417,6.791883,unknown,draft,unreviewed,Bronvermelding is geen controle van actuele opening of toegankelijkheid.,https://www.museum.nl/nl/museum-hengelo,
cea5b4ed-6e5d-54ce-84c3-7a6589e9ffca,museum-nl:oyfo-techniekmuseum,Oyfo Techniekmuseum,Hengelo,,F. Hazemeijerstraat 300,7555 RJ,NL,https://www.oyfotechniekmuseum.nl,52.26255,6.783162,unknown,draft,unreviewed,Bronvermelding is geen controle van actuele opening of toegankelijkheid.,https://www.museum.nl/nl/oyfo-techniekmuseum,
28eecb2d-7a34-5a88-84f1-64486a62b216,museum-nl:kasteel-hernen,Kasteel Hernen,Hernen,,Dorpsstraat 40,6616 AH,NL,https://www.glk.nl/hernen,51.834516,5.676183,unknown,draft,unreviewed,Bronvermelding is geen controle van actuele opening of toegankelijkheid.,https://www.museum.nl/nl/kasteel-hernen,
f5cf784e-112d-5652-99b4-2ba8a80d2d93,museum-nl:toekomstmuseum-geofort,Toekomstmuseum GeoFort,Herwijnen,,Nieuwe Steeg 74,4171 KG,NL,https://www.geofort.nl,51.865124,5.124496,unknown,draft,unreviewed,Bronvermelding is geen controle van actuele opening of toegankelijkheid.,https://www.museum.nl/nl/toekomstmuseum-geofort,
962fc178-08b3-56a0-aaf4-ab6bcd328f48,museum-nl:museum-jan-lont,Museum Jan Lont,Hippolytushoef,,Stroe&#xEB;rweg 39,1777 NE,NL,https://www.museumjanlont.nl/,52.929042,4.985873,unknown,draft,unreviewed,Bronvermelding is geen controle van actuele opening of toegankelijkheid.,https://www.museum.nl/nl/museum-jan-lont,
c7e88d07-b76e-5924-8c03-7a188eba1783,museum-nl:cultuur-historisch-museum-sorgdrager,Cultuur-Historisch Museum Sorgdrager,Hollum-Ameland,,Herenweg 1,9161 AM,NL,https://www.amelandermusea.nl,53.437989,5.641203,unknown,draft,unreviewed,Bronvermelding is geen controle van actuele opening of toegankelijkheid.,https://www.museum.nl/nl/cultuur-historisch-museum-sorgdrager,geschiedenis
8e800f67-f7fc-57f2-953d-8cde564bf227,museum-nl:maritiem-centrum-abraham-fock,"Maritiem Centrum ""Abraham Fock""",Hollum-Ameland,,Oranjeweg 18,9161 CC,NL,https://www.amelandermusea.nl,53.443039,5.636899,unknown,draft,unreviewed,Bronvermelding is geen controle van actuele opening of toegankelijkheid.,https://www.museum.nl/nl/maritiem-centrum-abraham-fock,maritiem
20432a95-78f1-5f83-9075-f2748684c3d8,museum-nl:de-statenpoort,De Statenpoort,Hoorn,,Nieuwstraat 23,1621 EA,NL,,52.641418,5.059867,unknown,draft,unreviewed,Bronvermelding is geen controle van actuele opening of toegankelijkheid.,https://www.museum.nl/nl/de-statenpoort,
5f7cc832-36a2-52fa-b9ec-d7e1d0768b06,museum-nl:museum-van-de-20e-eeuw,Museum van de 20e Eeuw,Hoorn,,Krententuin 24(Oostereiland),1621 DG,NL,https://www.museumhoorn.nl,52.63508,5.062423,unknown,draft,unreviewed,Bronvermelding is geen controle van actuele opening of toegankelijkheid.,https://www.museum.nl/nl/museum-van-de-20e-eeuw,
0179bfe3-0af4-5c36-b500-e1a6d08da7c6,museum-nl:huizer-museum,Huizer Museum,Huizen,,Achterbaan 82,1271 TZ,NL,https://www.huizermuseum.nl,52.300061,5.234477,unknown,draft,unreviewed,Bronvermelding is geen controle van actuele opening of toegankelijkheid.,https://www.museum.nl/nl/huizer-museum,
9f69bc60-5e2e-5d0b-b2ab-65572fba9796,museum-nl:katwijks-museum,Katwijks Museum,Katwijk aan Zee,,Voorstraat 46,2225 ER,NL,https://www.katwijksmuseum.nl,52.203699,4.397068,unknown,draft,unreviewed,Bronvermelding is geen controle van actuele opening of toegankelijkheid.,https://www.museum.nl/nl/katwijks-museum,
d8734064-cf85-558c-98c9-635734ec1794,museum-nl:streekmuseum-krimpenerwaard,Streekmuseum Krimpenerwaard,Krimpen a/d Ijssel,,IJsseldijk 312,2922 BM,NL,https://www.streekmuseumkrimpenerwaard.nl,51.919971,4.588117,unknown,draft,unreviewed,Bronvermelding is geen controle van actuele opening of toegankelijkheid.,https://www.museum.nl/nl/streekmuseum-krimpenerwaard,streekgeschiedenis
98651057-8ba9-5e2c-b97a-56c719fb1227,museum-nl:singer-laren,Singer Laren,Laren (NH),,Oude Drift 1,1251 BS,NL,https://www.singerlaren.nl,52.259383,5.221566,unknown,draft,unreviewed,Bronvermelding is geen controle van actuele opening of toegankelijkheid.,https://www.museum.nl/nl/singer-laren,
27fe6931-1750-557d-9ce0-7ca06fb035e0,museum-nl:nationaal-monument-kamp-amersfoort,Nationaal Monument Kamp Amersfoort,Leusden,,Loes van Overeemlaan 19,3832 RZ,NL,https://www.kampamersfoort.nl,52.132332,5.36531,unknown,draft,unreviewed,Bronvermelding is geen controle van actuele opening of toegankelijkheid.,https://www.museum.nl/nl/nationaal-monument-kamp-amersfoort,
943efe1f-c343-5720-b4ec-e9312e5ef0e4,museum-nl:kasteel-museum-sypesteyn,Kasteel Museum Sypesteyn,Loosdrecht,,Nieuw Loosdrechtsedijk 150,1231 LC,NL,https://www.sypesteyn.nl,52.193542,5.122415,unknown,draft,unreviewed,Bronvermelding is geen controle van actuele opening of toegankelijkheid.,https://www.museum.nl/nl/kasteel-museum-sypesteyn,
a56dbafb-a9a8-5dc6-85e8-0c2198b3f241,museum-nl:museum-lunteren,Museum Lunteren,Lunteren,,Dorpsstraat 55,6741 AB,NL,https://www.museumlunteren.nl/,52.083998,5.62091,unknown,draft,unreviewed,Bronvermelding is geen controle van actuele opening of toegankelijkheid.,https://www.museum.nl/nl/museum-lunteren,
1b460362-9530-5180-8a0e-10afaaed5f7a,museum-nl:maas-binnenvaartmuseum,Maas Binnenvaartmuseum,Maasbracht,,Havenstraat 12,6051 CR,NL,https://www.maas-binnenvaartmuseum.nl,51.146851,5.886239,unknown,draft,unreviewed,Bronvermelding is geen controle van actuele opening of toegankelijkheid.,https://www.museum.nl/nl/maas-binnenvaartmuseum,
bd20d0d3-e93f-550b-8ae7-8e46551ac9fa,museum-nl:marker-museum,Marker Museum,Marken,,Kerkbuurt 44-47,1156 BL,NL,https://www.markermuseum.nl,52.460483,5.106179,unknown,draft,unreviewed,Bronvermelding is geen controle van actuele opening of toegankelijkheid.,https://www.museum.nl/nl/marker-museum,
497c070b-1e2f-5405-aa82-14975b907438,museum-nl:forteiland-pampus,Forteiland Pampus,Muiden,,Fort Pampus 1,1398 PX,NL,https://www.pampus.nl,52.36504,5.06958,unknown,draft,unreviewed,Bronvermelding is geen controle van actuele opening of toegankelijkheid.,https://www.museum.nl/nl/forteiland-pampus,
ce24e6ac-26fc-5d7d-8def-00da46cb9d79,museum-nl:rijksmuseum-muiderslot,Rijksmuseum Muiderslot,Muiden,,Herengracht 1,1398 AA,NL,https://www.muiderslot.nl,52.333336,5.071592,unknown,draft,unreviewed,Bronvermelding is geen controle van actuele opening of toegankelijkheid.,https://www.museum.nl/nl/rijksmuseum-muiderslot,
2fd28c04-8cf3-5c5a-acbb-782f28c968c2,museum-nl:weegschaal-museum-naarden,Weegschaal Museum Naarden,Naarden-Vesting,,Turfpoortstraat 27,1411 ED,NL,https://www.weegschaalmuseum.nl,52.29459,5.162754,unknown,draft,unreviewed,Bronvermelding is geen controle van actuele opening of toegankelijkheid.,https://www.museum.nl/nl/weegschaal-museum-naarden,
4399a54d-d90e-5de7-a2f7-fde8772b15cf,museum-nl:natuurcentrum-ameland,Natuurcentrum Ameland,Nes-Ameland,,Strandweg 38,9163 GN,NL,https://www.amelandermusea.nl,53.44978,5.775109,unknown,draft,unreviewed,Bronvermelding is geen controle van actuele opening of toegankelijkheid.,https://www.museum.nl/nl/natuurcentrum-ameland,natuur
77d6e263-86f1-587c-ba43-5b9cd3200ba8,museum-nl:bevrijdingsmuseum-zeeland,Bevrijdingsmuseum Zeeland,Nieuwdorp (Borsele),,Coudorp 41,4455 AH,NL,https://www.bevrijdingsmuseumzeeland.nl,51.467729,3.744075,unknown,draft,unreviewed,Bronvermelding is geen controle van actuele opening of toegankelijkheid.,https://www.museum.nl/nl/bevrijdingsmuseum-zeeland,
69b0545d-67a8-54e0-bdf8-65034b8714eb,museum-nl:boerderijmuseum-de-bovenstreek,Boerderijmuseum De Bovenstreek,Oldebroek,,Bovenstraatweg 10A,8096 PE,NL,https://www.boerderijmuseum.nl,52.442705,5.913297,unknown,draft,unreviewed,Bronvermelding is geen controle van actuele opening of toegankelijkheid.,https://www.museum.nl/nl/boerderijmuseum-de-bovenstreek,streekgeschiedenis
d1a72f47-3de3-5709-ad55-3fbc59a6a397,museum-nl:slot-zuylen,Slot Zuylen,Oud-Zuilen,,Tournooiveld 1,3611 AS,NL,https://www.slotzuylen.nl,52.127171,5.073096,unknown,draft,unreviewed,Bronvermelding is geen controle van actuele opening of toegankelijkheid.,https://www.museum.nl/nl/slot-zuylen,
bcfcbab8-053a-50c7-babc-cbb15b6ab8f2,museum-nl:museum-kaap-skil,Museum Kaap Skil,"Oudeschild, Texel",,Heemskerckstraat 9,1792 AA,NL,https://www.kaapskil.nl,53.039199,4.848042,unknown,draft,unreviewed,Bronvermelding is geen controle van actuele opening of toegankelijkheid.,https://www.museum.nl/nl/museum-kaap-skil,
20afeb70-c93f-5296-8948-6efaa7705237,museum-nl:rijksmuseum-slot-loevestein,Rijksmuseum Slot Loevestein,Poederoijen,,Loevestein 1,5307 TG,NL,https://www.slotloevestein.nl,51.816432,5.021387,unknown,draft,unreviewed,Bronvermelding is geen controle van actuele opening of toegankelijkheid.,https://www.museum.nl/nl/rijksmuseum-slot-loevestein,
a15b5172-bac5-5329-8def-d35f45a6a3d7,museum-nl:museum-de-tien-malen,Museum 'De Tien Malen',Putten,,Garderenseweg 97,3881 NC,NL,https://detienmalen.nl/wisselexpositie-2026-cornelis-jetses/,52.251791,5.626362,unknown,draft,unreviewed,Bronvermelding is geen controle van actuele opening of toegankelijkheid.,https://www.museum.nl/nl/museum-de-tien-malen,
2c63b7ff-e1eb-5fac-aaee-9c23a840ca20,museum-nl:kasteel-rosendael,Kasteel Rosendael,Rozendaal,,Rosendael 1,6891 DA,NL,https://www.glk.nl/rosendael,52.010061,5.965142,unknown,draft,unreviewed,Bronvermelding is geen controle van actuele opening of toegankelijkheid.,https://www.museum.nl/nl/kasteel-rosendael,
69e35ede-847c-54a8-b8cf-e47b20c92837,museum-nl:museum-more-kasteel-ruurlo,Museum MORE | Kasteel Ruurlo,Ruurlo,,Vordenseweg 2,7261 LZ,NL,https://www.museummore-kasteelruurlo.nl/,52.078833,6.445037,unknown,draft,unreviewed,Bronvermelding is geen controle van actuele opening of toegankelijkheid.,https://www.museum.nl/nl/museum-more-kasteel-ruurlo,
211db0a6-a7ab-5aa0-a367-32993db45947,museum-nl:muzee-scheveningen,Muzee Scheveningen,Scheveningen,,Neptunusstraat 92,2586 GT,NL,https://www.muzeescheveningen.nl,52.108224,4.282908,unknown,draft,unreviewed,Bronvermelding is geen controle van actuele opening of toegankelijkheid.,https://www.museum.nl/nl/muzee-scheveningen,
e96ddecb-66a9-5aa3-9c5f-e3422dc926e4,museum-nl:maaseiland-museum,Maaseiland Museum,Stevensweert,,Jan van Steffeswertplein 1,6107 BZ,NL,https://maaseilandmuseum.nl/,51.131941,5.844215,unknown,draft,unreviewed,Bronvermelding is geen controle van actuele opening of toegankelijkheid.,https://www.museum.nl/nl/maaseiland-museum,
5a6f8fe3-23e5-52be-be54-4d79f17d6027,museum-nl:missiemuseum-steyl,Missiemuseum Steyl,Steyl,,Veerweg 6,5935 BK,NL,https://www.missiemuseum.nl,51.333645,6.120318,unknown,draft,unreviewed,Bronvermelding is geen controle van actuele opening of toegankelijkheid.,https://www.museum.nl/nl/missiemuseum-steyl,
bf46e13a-9d9d-5716-a831-2d0f68f8a9d2,museum-nl:keramiekcentrum-tiendschuur-tegelen,Keramiekcentrum Tiendschuur Tegelen,Tegelen,,Kasteellaan 8,5932 AG,NL,http://www.tiendschuur.net/,51.33162,6.136467,unknown,draft,unreviewed,Bronvermelding is geen controle van actuele opening of toegankelijkheid.,https://www.museum.nl/nl/keramiekcentrum-tiendschuur-tegelen,
e69b2689-22a5-55dc-8622-6b28dc9b78cb,museum-nl:kasteel-cannenburch,Kasteel Cannenburch,Vaassen,,Maarten van Rossumplein 4,8171 EB,NL,https://www.glk.nl/cannenburch,52.291717,5.964747,unknown,draft,unreviewed,Bronvermelding is geen controle van actuele opening of toegankelijkheid.,https://www.museum.nl/nl/kasteel-cannenburch,
02c1ece3-9654-5630-8f92-22d4fd0e4395,museum-nl:kasteelruine-fluweelengrot-valkenburg,Kasteelruïne - Fluweelengrot Valkenburg,Valkenburg,,Daalhemerweg 27,6301 BJ,NL,https://www.kasteelvalkenburg.nl,50.860821,5.830375,unknown,draft,unreviewed,Bronvermelding is geen controle van actuele opening of toegankelijkheid.,https://www.museum.nl/nl/kasteelruine-fluweelengrot-valkenburg,
f138ec54-d381-53ff-9f41-d0166c596093,museum-nl:museum-valkenburg,Museum Valkenburg,Valkenburg LB,,Grotestraat Centrum 31,6301 CW,NL,https://www.museumvalkenburg.nl,50.863715,5.83208,unknown,draft,unreviewed,Bronvermelding is geen controle van actuele opening of toegankelijkheid.,https://www.museum.nl/nl/museum-valkenburg,
3fad56d3-1fee-5896-a273-ded7cf3361dd,museum-nl:stoomtrein-katwijk-leiden,Stoomtrein Katwijk Leiden,Valkenburg ZH,,J. Pellenbargweg 1,2235 SP,NL,https://www.stoomtreinkatwijkleiden.nl,52.159412,4.443693,unknown,draft,unreviewed,Bronvermelding is geen controle van actuele opening of toegankelijkheid.,https://www.museum.nl/nl/stoomtrein-katwijk-leiden,vervoer
1022afc4-987c-579e-bc3f-7b294cab7300,museum-nl:museum-romeinse-katakomben,Museum Romeinse Katakomben,Valkenburg a/d Geul,,Plenkertstraat 55,6301 GL,NL,https://www.katakomben.nl,50.865516,5.821651,unknown,draft,unreviewed,Bronvermelding is geen controle van actuele opening of toegankelijkheid.,https://www.museum.nl/nl/museum-romeinse-katakomben,
2175046d-a6d7-537f-b591-a3420e1ad29b,museum-nl:stedelijk-museum-vianen,Stedelijk Museum Vianen,Vianen UT,,Voorstraat 97,4132 AP,NL,https://www.stedelijkmuseumvianen.nl,51.992828,5.092667,unknown,draft,unreviewed,Bronvermelding is geen controle van actuele opening of toegankelijkheid.,https://www.museum.nl/nl/stedelijk-museum-vianen,
ac8b9843-593c-5589-a793-c54029d518c8,museum-nl:kunstfort-vijfhuizen,Kunstfort Vijfhuizen,Vijfhuizen,,Fortwachter 1,2141 EE,NL,http://www.kunstfort.nl/,52.347407,4.670797,unknown,draft,unreviewed,Bronvermelding is geen controle van actuele opening of toegankelijkheid.,https://www.museum.nl/nl/kunstfort-vijfhuizen,kunst
59ec4255-daa3-52d1-9131-404e41b47145,museum-nl:museum-tromps-huys,Museum Tromp's Huys,Vlieland,,Dorpsstraat 99,8899 AD,NL,https://www.trompshuys.nl,53.294962,5.067699,unknown,draft,unreviewed,Bronvermelding is geen controle van actuele opening of toegankelijkheid.,https://www.museum.nl/nl/museum-tromps-huys,
ff2f5d0d-1686-5c5c-ab9a-ada63d73b986,museum-nl:stadsmuseum-vollenhove,Stadsmuseum Vollenhove,Vollenhove,,Bisschopstraat 36,8325 BC,NL,https://www.chcvollenhove.nl,52.680967,5.951294,unknown,draft,unreviewed,Bronvermelding is geen controle van actuele opening of toegankelijkheid.,https://www.museum.nl/nl/stadsmuseum-vollenhove,streekgeschiedenis
124d28bc-7cca-56a2-807a-fb5afc5f8eb0,museum-nl:heiligenbeeldenmuseum,Heiligenbeeldenmuseum,Vorden,,Ruurloseweg 101,7251 LD,NL,https://www.heiligenbeeldenmuseum.nl,52.101895,6.358984,unknown,draft,unreviewed,Bronvermelding is geen controle van actuele opening of toegankelijkheid.,https://www.museum.nl/nl/heiligenbeeldenmuseum,beeldhouwkunst
61f33dbd-6a7b-5e58-a537-7665643b0149,museum-nl:nederlands-zuivelmuseum,Nederlands Zuivelmuseum,Wapenveld,,Kanaaldijk 63,8191 WL,NL,https://www.zuivelmuseum.nl/,52.42608,6.07968,unknown,draft,unreviewed,Bronvermelding is geen controle van actuele opening of toegankelijkheid.,https://www.museum.nl/nl/nederlands-zuivelmuseum,
af143638-a8f5-573b-bcae-7531006bc054,museum-nl:museum-weesp,Museum Weesp,Weesp,,Nieuwstraat 41,1381 BB,NL,https://www.museumweesp.nl/,52.306708,5.042824,unknown,draft,unreviewed,Bronvermelding is geen controle van actuele opening of toegankelijkheid.,https://www.museum.nl/nl/museum-weesp,
e7026133-1c43-5197-a147-00ccca3f6ac9,museum-nl:honig-breethuis,Honig Breethuis,Zaandijk,,Lagedijk 80,1544 BJ,NL,https://www.honigbreethuis.nl,52.473403,4.813315,unknown,draft,unreviewed,Bronvermelding is geen controle van actuele opening of toegankelijkheid.,https://www.museum.nl/nl/honig-breethuis,
8edfa3a7-938a-5511-92d1-8c4914560b37,museum-nl:zandvoorts-museum,Zandvoorts Museum,Zandvoort,,Louis Davidsstraat 19,2042 LS,NL,https://www.zandvoortsmuseum.nl,52.372538,4.531619,unknown,draft,unreviewed,Bronvermelding is geen controle van actuele opening of toegankelijkheid.,https://www.museum.nl/nl/zandvoorts-museum,
06475b0d-c685-59b8-87dc-b30160ce146d,museum-nl:schoonewelle-mus-voor-natuur-en-ambacht,Schoonewelle Mus. voor Natuur en Ambacht,Zwartsluis,,Handelskade 25,8064 DV,NL,https://www.schoonewelle.nl,52.640475,6.073178,unknown,draft,unreviewed,Bronvermelding is geen controle van actuele opening of toegankelijkheid.,https://www.museum.nl/nl/schoonewelle-mus-voor-natuur-en-ambacht,natuur
3be148ed-fe6d-56ec-b36f-97c9cd039703,wikipedia:Drenthe:draaiorgelmuseum:assen,Draaiorgelmuseum,Assen,Drenthe,,,NL,,,,unknown,draft,unreviewed,Provinciale lijst; adres en actuele status nog controleren.,https://nl.wikipedia.org/wiki/Lijst_van_musea_in_Drenthe,
cd78184c-a1ee-5884-870b-093e0a2120ef,museum-nl:drents-museum,Drents Museum,Assen,Drenthe,Brink 1,9401 HS,NL,https://www.drentsmuseum.nl,52.992901,6.564276,unknown,draft,unreviewed,Bronvermelding is geen controle van actuele opening of toegankelijkheid.,https://www.museum.nl/nl/drents-museum | https://nl.wikipedia.org/wiki/Lijst_van_musea_in_Drenthe,
6c868391-9b80-5581-b4bf-ffebcdaa1d40,wikipedia:Drenthe:stedelijkmuseumvoorhedendaagsekunst:assen,Stedelijk Museum voor Hedendaagse Kunst,Assen,Drenthe,,,NL,,,,unknown,draft,unreviewed,Provinciale lijst; adres en actuele status nog controleren.,https://nl.wikipedia.org/wiki/Lijst_van_musea_in_Drenthe,hedendaagse kunst | kunst
ddfc434e-c387-5c9e-bd4c-e4df7d809aac,wikipedia:Drenthe:stoottroepenmuseum:assen,Stoottroepenmuseum,Assen,Drenthe,,,NL,,,,unknown,draft,unreviewed,Provinciale lijst; adres en actuele status nog controleren.,https://nl.wikipedia.org/wiki/Lijst_van_musea_in_Drenthe,
dfab42f2-beaf-58e6-951b-215c2db1d57a,wikipedia:Drenthe:harmoniummuseumnederland:bargercompascuum,Harmonium Museum Nederland,Barger-Compascuum,Drenthe,,,NL,,,,unknown,draft,unreviewed,Provinciale lijst; adres en actuele status nog controleren.,https://nl.wikipedia.org/wiki/Lijst_van_musea_in_Drenthe,
e3ab5ccf-9cec-59ea-8ba0-a30d8cad8320,wikipedia:Drenthe:veenpark:bargercompascuum,Veenpark,Barger-Compascuum,Drenthe,,,NL,,,,unknown,draft,unreviewed,Provinciale lijst; adres en actuele status nog controleren.,https://nl.wikipedia.org/wiki/Lijst_van_musea_in_Drenthe,
a1f68539-7224-5b5a-b038-646e1962f586,wikipedia:Drenthe:oudheidkamerbeilen:beilen,Oudheidkamer Beilen,Beilen,Drenthe,,,NL,,,,unknown,draft,unreviewed,Provinciale lijst; adres en actuele status nog controleren.,https://nl.wikipedia.org/wiki/Lijst_van_musea_in_Drenthe,geschiedenis
50156115-32e1-5898-8719-e547c31c674b,museum-nl:hunebedcentrum,Hunebedcentrum,Borger,Drenthe,Hunebedstraat 27,9531 JT,NL,https://www.hunebedcentrum.eu,52.930676,6.798667,unknown,draft,unreviewed,Bronvermelding is geen controle van actuele opening of toegankelijkheid.,https://www.museum.nl/nl/hunebedcentrum | https://nl.wikipedia.org/wiki/Lijst_van_musea_in_Drenthe,
0b2e121d-baa9-50cf-bbad-3b6e64b74906,wikipedia:Drenthe:stedelijkmuseum:coevorden,Stedelijk Museum,Coevorden,Drenthe,,,NL,,,,unknown,draft,unreviewed,Provinciale lijst; adres en actuele status nog controleren.,https://nl.wikipedia.org/wiki/Lijst_van_musea_in_Drenthe,
17f1c17f-4886-5aea-9ad7-fbb10fae7824,museum-nl:stedelijk-museum-coevorden,Stedelijk Museum Coevorden,Coevorden,Drenthe,Haven 4,7741 JV,NL,https://www.museumcoevorden.nl,52.661165,6.742915,unknown,draft,unreviewed,Bronvermelding is geen controle van actuele opening of toegankelijkheid. Provincie afgeleid uit plaatsnaam in provinciale lijst; controleren.,https://www.museum.nl/nl/stedelijk-museum-coevorden,
1c2862f1-3370-5c4d-b777-72241276eb73,wikipedia:Drenthe:draaiorgelmuseumfolkloreklanken:dewijk,Draaiorgelmuseum Folkloreklanken,De Wijk,Drenthe,,,NL,,,,closed,draft,unreviewed,Mogelijk historisch/gesloten. Provinciale lijst; adres en actuele status nog controleren.,https://nl.wikipedia.org/wiki/Lijst_van_musea_in_Drenthe,
911df3e5-438a-58cd-86c3-e856a84829fa,wikipedia:Drenthe:museumtoldestriekiezer:dewijk,Museum 't Olde Striekiezer,De Wijk,Drenthe,,,NL,,,,unknown,draft,unreviewed,Provinciale lijst; adres en actuele status nog controleren.,https://nl.wikipedia.org/wiki/Lijst_van_musea_in_Drenthe,
4b297be3-8eed-50f8-a499-6b54bcba7124,wikipedia:Drenthe:oermuseumwestdrenthe:diever,OERmuseum West-Drenthe,Diever,Drenthe,,,NL,,,,unknown,draft,unreviewed,Provinciale lijst; adres en actuele status nog controleren.,https://nl.wikipedia.org/wiki/Lijst_van_musea_in_Drenthe,
14e9dce3-2d32-5d6d-9d18-d1a173286ade,wikipedia:Drenthe:expositieboerderijversteendleven:drouwen,Expositieboerderij Versteend Leven,Drouwen,Drenthe,,,NL,,,,unknown,draft,unreviewed,Provinciale lijst; adres en actuele status nog controleren.,https://nl.wikipedia.org/wiki/Lijst_van_musea_in_Drenthe,
6cccacd0-b0c3-5bf6-9ec0-d5584034fcb1,wikipedia:Drenthe:planetron:dwingeloo,Planetron,Dwingeloo,Drenthe,,,NL,,,,closed,draft,unreviewed,Mogelijk historisch/gesloten. Provinciale lijst; adres en actuele status nog controleren.,https://nl.wikipedia.org/wiki/Lijst_van_musea_in_Drenthe,
141b8ef5-b159-5cd7-bed4-b66e08ac9fe7,wikipedia:Drenthe:steentijdmuseumterremerveille:dwingeloo,Steentijdmuseum Terre Merveille,Dwingeloo,Drenthe,,,NL,,,,unknown,draft,unreviewed,Provinciale lijst; adres en actuele status nog controleren.,https://nl.wikipedia.org/wiki/Lijst_van_musea_in_Drenthe,
432b3e1e-d233-5247-81e2-aba4a8c1d946,museum-nl:drents-museum-de-buitenplaats,Drents Museum De Buitenplaats,Eelde,Drenthe,Hoofdweg 76,9761 EK,NL,https://www.dmdebuitenplaats.nl,53.133391,6.563544,unknown,draft,unreviewed,Bronvermelding is geen controle van actuele opening of toegankelijkheid. Provincie afgeleid uit plaatsnaam in provinciale lijst; controleren.,https://www.museum.nl/nl/drents-museum-de-buitenplaats,
f83221a6-fa06-5ef5-a9cc-b40e066c7930,museum-nl:internationaal-klompenmuseum,Internationaal Klompenmuseum,Eelde,Drenthe,Wolfhorn 1,9761 BA,NL,https://www.klompenmuseum.nl,53.138197,6.568075,unknown,draft,unreviewed,Bronvermelding is geen controle van actuele opening of toegankelijkheid.,https://www.museum.nl/nl/internationaal-klompenmuseum | https://nl.wikipedia.org/wiki/Lijst_van_musea_in_Drenthe,
ab206c34-ef97-57db-a3eb-20cb190756c2,wikipedia:Drenthe:museumdebuitenplaats:eelde,Museum De Buitenplaats,Eelde,Drenthe,,,NL,,,,unknown,draft,unreviewed,Provinciale lijst; adres en actuele status nog controleren.,https://nl.wikipedia.org/wiki/Lijst_van_musea_in_Drenthe,
34f430df-b565-5ca4-bc01-64d01aec4e9c,wikipedia:Drenthe:museumvosbergen:eelde,Museum Vosbergen,Eelde,Drenthe,,,NL,,,,unknown,draft,unreviewed,Provinciale lijst; adres en actuele status nog controleren.,https://nl.wikipedia.org/wiki/Lijst_van_musea_in_Drenthe,
d7562d8e-bff9-50b7-adea-1f702ee75ddd,wikipedia:Drenthe:dorpsmuseumdekluis:eext,Dorpsmuseum De Kluis,Eext,Drenthe,,,NL,,,,unknown,draft,unreviewed,Provinciale lijst; adres en actuele status nog controleren.,https://nl.wikipedia.org/wiki/Lijst_van_musea_in_Drenthe,
5bd2c14d-2d0c-5422-97ca-c31c332be720,wikipedia:Drenthe:agamuseum:emmen,AGA Museum,Emmen,Drenthe,,,NL,,,,unknown,draft,unreviewed,Provinciale lijst; adres en actuele status nog controleren.,https://nl.wikipedia.org/wiki/Lijst_van_musea_in_Drenthe,
0a08d4fd-739f-5971-8968-76f0d941863a,wikipedia:Drenthe:ergensinnederland19391945:emmen,Ergens in Nederland 1939-1945,Emmen,Drenthe,,,NL,,,,unknown,draft,unreviewed,Provinciale lijst; adres en actuele status nog controleren.,https://nl.wikipedia.org/wiki/Lijst_van_musea_in_Drenthe,
cabcd404-9706-52d8-8ba5-5d406c7cdd66,wikipedia:Drenthe:fcemmenmuseum:emmen,FC Emmen Museum,Emmen,Drenthe,,,NL,,,,unknown,draft,unreviewed,Provinciale lijst; adres en actuele status nog controleren.,https://nl.wikipedia.org/wiki/Lijst_van_musea_in_Drenthe,
05270d91-8c44-5820-a4b2-a4996c477913,wikipedia:Drenthe:museumofcontemporarytibetanart:emmen,Museum of Contemporary Tibetan Art,Emmen,Drenthe,,,NL,,,,unknown,draft,unreviewed,Provinciale lijst; adres en actuele status nog controleren.,https://nl.wikipedia.org/wiki/Lijst_van_musea_in_Drenthe,hedendaagse kunst
61fab26a-2148-56e2-98df-de1f043e68c8,museum-nl:museum-of-contemporary-tibetan-art-mocta,Museum of Contemporary Tibetan Art (MOCTA),Emmen,Drenthe,Hoofdstraat 16C,7811 EP,NL,https://www.mocta.nl,52.784743,6.897869,unknown,draft,unreviewed,Bronvermelding is geen controle van actuele opening of toegankelijkheid. Provincie afgeleid uit plaatsnaam in provinciale lijst; controleren.,https://www.museum.nl/nl/museum-of-contemporary-tibetan-art-mocta,hedendaagse kunst
ace75439-340c-5273-91f1-bed4371d4046,wikipedia:Drenthe:nabershof:emmen,Nabershof,Emmen,Drenthe,,,NL,,,,unknown,draft,unreviewed,Provinciale lijst; adres en actuele status nog controleren.,https://nl.wikipedia.org/wiki/Lijst_van_musea_in_Drenthe,
babfdc08-a515-5a33-8249-1fb9f019acfe,wikipedia:Drenthe:zuivelfabriekenkorenmalerijnoordbarge:emmen,Zuivelfabriek en korenmalerij Noordbarge,Emmen,Drenthe,,,NL,,,,unknown,draft,unreviewed,Provinciale lijst; adres en actuele status nog controleren.,https://nl.wikipedia.org/wiki/Lijst_van_musea_in_Drenthe,
56a8f5e8-f2ff-52eb-adac-04a97aba71ae,wikipedia:Drenthe:dewoonbootvannelisenleentje:emmererfscheidenveen,De Woonboot van Nelis en Leentje,Emmer-Erfscheidenveen,Drenthe,,,NL,,,,unknown,draft,unreviewed,Provinciale lijst; adres en actuele status nog controleren.,https://nl.wikipedia.org/wiki/Lijst_van_musea_in_Drenthe,
22010ab6-8f84-5d00-8ab4-58cc8e2ca9a9,museum-nl:industrieel-smalspoormuseum,Industrieel Smalspoormuseum,Erica,Drenthe,Griendtsveenstraat 140,7887 TK,NL,https://www.smalspoorcentrum.nl/,52.678069,6.950542,unknown,draft,unreviewed,Bronvermelding is geen controle van actuele opening of toegankelijkheid.,https://www.museum.nl/nl/industrieel-smalspoormuseum | https://nl.wikipedia.org/wiki/Lijst_van_musea_in_Drenthe,vervoer
4ac773f7-78ff-50b6-9384-d1bee6b3f932,wikipedia:Drenthe:bebinghehoes:exloo,Bebinghehoes,Exloo,Drenthe,,,NL,,,,unknown,draft,unreviewed,Provinciale lijst; adres en actuele status nog controleren.,https://nl.wikipedia.org/wiki/Lijst_van_musea_in_Drenthe,
b3ee5184-69ce-5e8f-9781-14a289c41e00,wikipedia:Drenthe:klokkenmuseumfrederiksoord:frederiksoord,Klokkenmuseum Frederiksoord,Frederiksoord,Drenthe,,,NL,,,,unknown,draft,unreviewed,Provinciale lijst; adres en actuele status nog controleren.,https://nl.wikipedia.org/wiki/Lijst_van_musea_in_Drenthe,
175e1abf-592a-5977-b9d8-c92e788cb1e8,wikipedia:Drenthe:museumdekoloniehof:frederiksoord,Museum De Koloniehof,Frederiksoord,Drenthe,,,NL,,,,unknown,draft,unreviewed,Provinciale lijst; adres en actuele status nog controleren.,https://nl.wikipedia.org/wiki/Lijst_van_musea_in_Drenthe,
3ee6e033-520a-5ccc-b4be-75cc46798afc,museum-nl:museum-de-proefkolonie,Museum de Proefkolonie,Frederiksoord,Drenthe,Majoor van Swietenlaan 1a,8382 CE,NL,https://www.proefkolonie.nl,52.844695,6.188978,unknown,draft,unreviewed,Bronvermelding is geen controle van actuele opening of toegankelijkheid. Provincie afgeleid uit plaatsnaam in provinciale lijst; controleren.,https://www.museum.nl/nl/museum-de-proefkolonie,
28869cb9-f6d6-5bc3-bf4c-601239236907,wikipedia:Drenthe:accordeonmuseumhartemeijer:gasselternijveenschemond,Accordeonmuseum Harte Meijer,Gasselternijveenschemond,Drenthe,,,NL,,,,unknown,draft,unreviewed,Provinciale lijst; adres en actuele status nog controleren.,https://nl.wikipedia.org/wiki/Lijst_van_musea_in_Drenthe,
3f666188-a2d5-5e2e-b800-b6b3c7a4930b,wikipedia:Drenthe:cbmuseum:grolloo,C+B Museum,Grolloo,Drenthe,,,NL,,,,unknown,draft,unreviewed,Provinciale lijst; adres en actuele status nog controleren.,https://nl.wikipedia.org/wiki/Lijst_van_musea_in_Drenthe,
fb368f54-9653-57a2-8e64-e7d68a27213d,wikipedia:Drenthe:museumde5000morgen:hoogeveen,Museum De 5000 Morgen,Hoogeveen,Drenthe,,,NL,,,,unknown,draft,unreviewed,Provinciale lijst; adres en actuele status nog controleren.,https://nl.wikipedia.org/wiki/Lijst_van_musea_in_Drenthe,
b4090c23-f40b-5737-8227-b9e36a652762,museum-nl:herinneringscentrum-kamp-westerbork,Herinneringscentrum Kamp Westerbork,Hooghalen,Drenthe,Oosthalen 8,9414 TG,NL,https://www.kampwesterbork.nl,52.92138,6.569835,unknown,draft,unreviewed,Bronvermelding is geen controle van actuele opening of toegankelijkheid. Provincie afgeleid uit plaatsnaam in provinciale lijst; controleren.,https://www.museum.nl/nl/herinneringscentrum-kamp-westerbork,
8c8f2edd-203c-5c59-8ad4-f7cdafe0f26d,wikipedia:Drenthe:radiosterrenwachtwesterbork:hooghalen,Radiosterrenwacht Westerbork,Hooghalen,Drenthe,,,NL,,,,unknown,draft,unreviewed,Provinciale lijst; adres en actuele status nog controleren.,https://nl.wikipedia.org/wiki/Lijst_van_musea_in_Drenthe,
a2f3a5e1-f722-5b2a-8cd5-a9fe6dd239ba,wikipedia:Drenthe:voormaligkampwesterbork:hooghalen,Voormalig Kamp Westerbork,Hooghalen,Drenthe,,,NL,,,,closed,draft,unreviewed,Mogelijk historisch/gesloten. Provinciale lijst; adres en actuele status nog controleren.,https://nl.wikipedia.org/wiki/Lijst_van_musea_in_Drenthe,
be6e7edc-5349-5f01-b010-94aeb0227d71,wikipedia:Drenthe:landgoedwelgelegen:koekange,Landgoed Welgelegen,Koekange,Drenthe,,,NL,,,,unknown,draft,unreviewed,Provinciale lijst; adres en actuele status nog controleren.,https://nl.wikipedia.org/wiki/Lijst_van_musea_in_Drenthe,
02a65ef1-5bb8-5876-b933-5dfe8fe7734b,wikipedia:Drenthe:kik:kolderveen,KiK,Kolderveen,Drenthe,,,NL,,,,unknown,draft,unreviewed,Provinciale lijst; adres en actuele status nog controleren.,https://nl.wikipedia.org/wiki/Lijst_van_musea_in_Drenthe,
8c009bea-7626-5371-8244-78365f19b07c,wikipedia:Drenthe:frensenhoes:meppel,Frensenhoes,Meppel,Drenthe,,,NL,,,,unknown,draft,unreviewed,Provinciale lijst; adres en actuele status nog controleren.,https://nl.wikipedia.org/wiki/Lijst_van_musea_in_Drenthe,
10e8a276-c549-5478-a495-754dec6ff83f,wikipedia:Drenthe:kunsthuissecretarie:meppel,Kunsthuis Secretarie,Meppel,Drenthe,,,NL,,,,unknown,draft,unreviewed,Provinciale lijst; adres en actuele status nog controleren.,https://nl.wikipedia.org/wiki/Lijst_van_musea_in_Drenthe,kunst
166c82a4-b11a-53ce-ad8a-152453632015,museum-nl:museum-indruk,Museum Indruk,Meppel,Drenthe,Kleine Oever 11,7941 BK,NL,https://www.museumindruk.nl,52.69657,6.188937,unknown,draft,unreviewed,Bronvermelding is geen controle van actuele opening of toegankelijkheid.,https://www.museum.nl/nl/museum-indruk | https://nl.wikipedia.org/wiki/Lijst_van_musea_in_Drenthe,
8a861a3c-e5e5-5488-a90a-36903b5154c5,wikipedia:Drenthe:vangoghhuis:nieuwamsterdam,Van Gogh Huis,Nieuw-Amsterdam,Drenthe,,,NL,,,,unknown,draft,unreviewed,Provinciale lijst; adres en actuele status nog controleren.,https://nl.wikipedia.org/wiki/Lijst_van_musea_in_Drenthe,kunst
e44d4ac6-a158-50a7-9ae2-877573cd7c55,wikipedia:Drenthe:royalgoedewaagen:nieuwbuinen,Royal Goedewaagen,Nieuw-Buinen,Drenthe,,,NL,,,,unknown,draft,unreviewed,Provinciale lijst; adres en actuele status nog controleren.,https://nl.wikipedia.org/wiki/Lijst_van_musea_in_Drenthe,
ec240a61-b17e-5d2c-a0bf-27b758593de6,museum-nl:museum-collectie-brands,Museum Collectie Brands,Nieuw-Dordrecht,Drenthe,Herenstreek 11,7885 AT,NL,https://www.collectie-brands.nl,52.750123,6.970027,unknown,draft,unreviewed,Bronvermelding is geen controle van actuele opening of toegankelijkheid.,https://www.museum.nl/nl/museum-collectie-brands | https://nl.wikipedia.org/wiki/Lijst_van_musea_in_Drenthe,
66671518-2a76-5aa2-a09f-529eddb7877d,wikipedia:Drenthe:kunstpaviljoen:nieuwroden,Kunstpaviljoen,Nieuw-Roden,Drenthe,,,NL,,,,unknown,draft,unreviewed,Provinciale lijst; adres en actuele status nog controleren.,https://nl.wikipedia.org/wiki/Lijst_van_musea_in_Drenthe,kunst
97d25583-e5ba-56fb-9377-31ce0a2f0faa,wikipedia:Drenthe:landskeukenculinairhistorischmuseum:nieuwroden,Landskeuken-Culinair Historisch Museum,Nieuw-Roden,Drenthe,,,NL,,,,unknown,draft,unreviewed,Provinciale lijst; adres en actuele status nog controleren.,https://nl.wikipedia.org/wiki/Lijst_van_musea_in_Drenthe,geschiedenis
e34e7191-f881-5670-8a39-d6ee9ea0eb88,wikipedia:Drenthe:applemuseum:orvelte,AppleMuseum,Orvelte,Drenthe,,,NL,,,,unknown,draft,unreviewed,Provinciale lijst; adres en actuele status nog controleren.,https://nl.wikipedia.org/wiki/Lijst_van_musea_in_Drenthe,
4f3ca9f3-0009-5a24-a288-ab9ac1b9aad0,wikipedia:Drenthe:jankruismuseum:orvelte,Jan Kruis Museum,Orvelte,Drenthe,,,NL,,,,unknown,draft,unreviewed,Provinciale lijst; adres en actuele status nog controleren.,https://nl.wikipedia.org/wiki/Lijst_van_musea_in_Drenthe,
da6d4f9c-a4b3-5f3b-b9ef-91e43ae4f19a,wikipedia:Drenthe:museumdorporvelte:orvelte,Museumdorp Orvelte,Orvelte,Drenthe,,,NL,,,,unknown,draft,unreviewed,Provinciale lijst; adres en actuele status nog controleren.,https://nl.wikipedia.org/wiki/Lijst_van_musea_in_Drenthe,
811e7c14-813a-5059-9701-b1e618ce2124,wikipedia:Drenthe:landgoedmensinge:roden,Landgoed Mensinge,Roden,Drenthe,,,NL,,,,unknown,draft,unreviewed,Provinciale lijst; adres en actuele status nog controleren.,https://nl.wikipedia.org/wiki/Lijst_van_musea_in_Drenthe,
195000db-e9c2-5214-8ce9-e6cbea3f10b7,museum-nl:museum-havezate-mensinge,Museum Havezate Mensinge,Roden,Drenthe,Mensingheweg 7,9301 KA,NL,https://www.mensinge.nl,53.134429,6.434921,unknown,draft,unreviewed,Bronvermelding is geen controle van actuele opening of toegankelijkheid. Provincie afgeleid uit plaatsnaam in provinciale lijst; controleren.,https://www.museum.nl/nl/museum-havezate-mensinge,
0527e56c-dff8-52cb-a59e-aaa5faa3f995,wikipedia:Drenthe:scheepstrakabinet:roden,Scheepstra Kabinet,Roden,Drenthe,,,NL,,,,unknown,draft,unreviewed,Provinciale lijst; adres en actuele status nog controleren.,https://nl.wikipedia.org/wiki/Lijst_van_musea_in_Drenthe,
af13ad03-8a8b-564a-b459-eafd91cad4ee,wikipedia:Drenthe:speelgoedmuseumkinderwereld:roden,Speelgoedmuseum Kinderwereld,Roden,Drenthe,,,NL,,,,unknown,draft,unreviewed,Provinciale lijst; adres en actuele status nog controleren.,https://nl.wikipedia.org/wiki/Lijst_van_musea_in_Drenthe,
20871981-fb3e-5863-9701-deb4c42adf48,museum-nl:speelgoedmuseum-roden,Speelgoedmuseum Roden,Roden,Drenthe,Brink 31,9301 JK,NL,https://Speelgoedmuseumroden.nl,53.135209,6.432146,unknown,draft,unreviewed,Bronvermelding is geen controle van actuele opening of toegankelijkheid. Provincie afgeleid uit plaatsnaam in provinciale lijst; controleren.,https://www.museum.nl/nl/speelgoedmuseum-roden,
c6ede170-5762-5841-b485-4018914d5678,wikipedia:Drenthe:olieenkorenmolenwoldzigt:roderwolde,Olie- en Korenmolen Woldzigt,Roderwolde,Drenthe,,,NL,,,,unknown,draft,unreviewed,Provinciale lijst; adres en actuele status nog controleren.,https://nl.wikipedia.org/wiki/Lijst_van_musea_in_Drenthe,
c22c0f1a-9247-5c45-b14b-c4f1025dc62a,wikipedia:Drenthe:streekmuseumhetdorpvanbartje:rolde,Streekmuseum Het Dorp van Bartje,Rolde,Drenthe,,,NL,,,,unknown,draft,unreviewed,Provinciale lijst; adres en actuele status nog controleren.,https://nl.wikipedia.org/wiki/Lijst_van_musea_in_Drenthe,streekgeschiedenis
3f988554-279d-5d13-bb7b-e44fd9f38be9,wikipedia:Drenthe:museumboerderijpasmanshuus:ruinen,Museumboerderij Pasmans Huus,Ruinen,Drenthe,,,NL,,,,unknown,draft,unreviewed,Provinciale lijst; adres en actuele status nog controleren.,https://nl.wikipedia.org/wiki/Lijst_van_musea_in_Drenthe,
44fcf00d-2af0-5a59-9c6d-949c6b2509d0,wikipedia:Drenthe:museumboerderijdekarstenhoeve:ruinerwold,Museumboerderij de Karstenhoeve,Ruinerwold,Drenthe,,,NL,,,,unknown,draft,unreviewed,Provinciale lijst; adres en actuele status nog controleren.,https://nl.wikipedia.org/wiki/Lijst_van_musea_in_Drenthe,
b6875a37-8df0-54e3-be56-3642ad2077c3,wikipedia:Drenthe:zwaantjehansstokmanshof:schoonebeek,Zwaantje Hans-Stokman's Hof,Schoonebeek,Drenthe,,,NL,,,,unknown,draft,unreviewed,Provinciale lijst; adres en actuele status nog controleren.,https://nl.wikipedia.org/wiki/Lijst_van_musea_in_Drenthe,
7cf872cf-2af1-54ae-b6fe-20d18605272a,wikipedia:Drenthe:ellertenbrammertmuseum:schoonoord,Ellert en Brammertmuseum,Schoonoord,Drenthe,,,NL,,,,unknown,draft,unreviewed,Provinciale lijst; adres en actuele status nog controleren.,https://nl.wikipedia.org/wiki/Lijst_van_musea_in_Drenthe,
50e6d81e-bc79-54c9-a988-278e9fb1b6ae,wikipedia:Drenthe:motorbrommermuseum:schoonoord,Motor & Brommer Museum,Schoonoord,Drenthe,,,NL,,,,unknown,draft,unreviewed,Provinciale lijst; adres en actuele status nog controleren.,https://nl.wikipedia.org/wiki/Lijst_van_musea_in_Drenthe,
f56b0553-5704-5b40-88cd-be49b4effcc1,wikipedia:Drenthe:museumrestauratieatelierdepoffer:tweedeexloermond,Museum Restauratie Atelier de Poffer,Tweede Exloërmond,Drenthe,,,NL,,,,unknown,draft,unreviewed,Provinciale lijst; adres en actuele status nog controleren.,https://nl.wikipedia.org/wiki/Lijst_van_musea_in_Drenthe,
b5e3e665-44b3-54fe-a94f-9cdd18597200,wikipedia:Drenthe:cultuurhistorischewaardenindedrentseveenkolonien:valthermond,Cultuurhistorische Waarden in de Drentse Veenkoloniën,Valthermond,Drenthe,,,NL,,,,unknown,draft,unreviewed,Provinciale lijst; adres en actuele status nog controleren.,https://nl.wikipedia.org/wiki/Lijst_van_musea_in_Drenthe,geschiedenis
89c6f18b-34cf-5d11-a119-547827fb7711,wikipedia:Drenthe:tractorenwerktuigenmuseumjandrenthe:valthermond,Tractor en Werktuigen Museum Jan Drenthe,Valthermond,Drenthe,,,NL,,,,unknown,draft,unreviewed,Provinciale lijst; adres en actuele status nog controleren.,https://nl.wikipedia.org/wiki/Lijst_van_musea_in_Drenthe,
c93145ff-c049-5719-8711-8ec50e4b5925,wikipedia:Drenthe:gevangenismuseum:veenhuizen,Gevangenismuseum,Veenhuizen,Drenthe,,,NL,,,,unknown,draft,unreviewed,Provinciale lijst; adres en actuele status nog controleren.,https://nl.wikipedia.org/wiki/Lijst_van_musea_in_Drenthe,
ad4f6e2d-c5a8-5bda-b2c9-07fc831b3f73,wikipedia:Drenthe:kaasmakerijkaaslust:veenhuizen,Kaasmakerij Kaaslust,Veenhuizen,Drenthe,,,NL,,,,unknown,draft,unreviewed,Provinciale lijst; adres en actuele status nog controleren.,https://nl.wikipedia.org/wiki/Lijst_van_musea_in_Drenthe,
808bad8b-a568-5c7f-ae21-32396faad3c4,museum-nl:nationaal-gevangenismuseum,Nationaal Gevangenismuseum,Veenhuizen,Drenthe,Oude Gracht 1,9341 AA,NL,https://www.gevangenismuseum.nl,53.041622,6.391424,unknown,draft,unreviewed,Bronvermelding is geen controle van actuele opening of toegankelijkheid. Provincie afgeleid uit plaatsnaam in provinciale lijst; controleren.,https://www.museum.nl/nl/nationaal-gevangenismuseum,
f6b287d5-0d5a-54d7-837c-dd4c83e8c493,museum-nl:miramar-zeemuseum,Miramar Zeemuseum,Vledder,Drenthe,Vledderweg 25,8381 AB,NL,https://www.miramar-zeemuseum.nl,52.850332,6.196324,unknown,draft,unreviewed,Bronvermelding is geen controle van actuele opening of toegankelijkheid.,https://www.museum.nl/nl/miramar-zeemuseum | https://nl.wikipedia.org/wiki/Lijst_van_musea_in_Drenthe,
9f9f51fd-bc79-59d6-b6f5-48ab471c16a6,wikipedia:Drenthe:museumsvledder:vledder,Museums Vledder,Vledder,Drenthe,,,NL,,,,unknown,draft,unreviewed,Provinciale lijst; adres en actuele status nog controleren.,https://nl.wikipedia.org/wiki/Lijst_van_musea_in_Drenthe,
ca9c1d13-c6c0-5a38-9b71-c8047abfe716,wikipedia:Drenthe:klokkengieterijmuseum:vries,Klokkengieterijmuseum,Vries,Drenthe,,,NL,,,,unknown,draft,unreviewed,Provinciale lijst; adres en actuele status nog controleren.,https://nl.wikipedia.org/wiki/Lijst_van_musea_in_Drenthe,
6c881f9b-a2aa-5adf-a979-15041b11cb1d,wikipedia:Drenthe:veenloopcentrum:weiteveen,Veenloopcentrum,Weiteveen,Drenthe,,,NL,,,,unknown,draft,unreviewed,Provinciale lijst; adres en actuele status nog controleren.,https://nl.wikipedia.org/wiki/Lijst_van_musea_in_Drenthe,
0be81822-0a78-5a03-a13c-1c9f8a7ff730,wikipedia:Drenthe:museumvanpapierknipkunst:westerbork,Museum van Papierknipkunst,Westerbork,Drenthe,,,NL,,,,unknown,draft,unreviewed,Provinciale lijst; adres en actuele status nog controleren.,https://nl.wikipedia.org/wiki/Lijst_van_musea_in_Drenthe,kunst
bc8dc96c-34d1-5b23-98c7-42eb1c3d5e6f,wikipedia:Drenthe:voormaligkampwesterbork:westerbork,Voormalig Kamp Westerbork,Westerbork,Drenthe,,,NL,,,,closed,draft,unreviewed,Mogelijk historisch/gesloten. Provinciale lijst; adres en actuele status nog controleren.,https://nl.wikipedia.org/wiki/Lijst_van_musea_in_Drenthe,
6ee7bae9-178b-578c-94b8-5857de42f737,wikipedia:Drenthe:museummeringa:zandpol,Museum Meringa,Zandpol,Drenthe,,,NL,,,,unknown,draft,unreviewed,Provinciale lijst; adres en actuele status nog controleren.,https://nl.wikipedia.org/wiki/Lijst_van_musea_in_Drenthe,
665d6709-ba2e-5ad6-8b77-e0584245ada5,wikipedia:Drenthe:dewachter:zuidlaren,De Wachter,Zuidlaren,Drenthe,,,NL,,,,unknown,draft,unreviewed,Provinciale lijst; adres en actuele status nog controleren.,https://nl.wikipedia.org/wiki/Lijst_van_musea_in_Drenthe,
585eb37a-1f8a-54e3-98db-16715ffd42f6,wikipedia:Drenthe:handkarrenmuseumdewemme:zuidwolde,Handkarrenmuseum De Wemme,Zuidwolde,Drenthe,,,NL,,,,unknown,draft,unreviewed,Provinciale lijst; adres en actuele status nog controleren.,https://nl.wikipedia.org/wiki/Lijst_van_musea_in_Drenthe,
6d0deaa6-fcc4-536a-b376-d0b09c77594a,museum-nl:jij-bent-m,Jij bent M,Almere,Flevoland,Esplanade 10,1315 TA,NL,https://jijbentm.art,52.367105,5.218819,unknown,draft,unreviewed,Bronvermelding is geen controle van actuele opening of toegankelijkheid. Provincie afgeleid uit plaatsnaam in provinciale lijst; controleren.,https://www.museum.nl/nl/jij-bent-m,
298d8b42-77ec-5527-a6b8-580dfddb071d,museum-nl:kunstlinie-almere-kunsthal,Kunstlinie Almere - Kunsthal,Almere,Flevoland,Esplanade 10,1315 TA,NL,https://kunstlinie.nl/,52.367105,5.218819,unknown,draft,unreviewed,Bronvermelding is geen controle van actuele opening of toegankelijkheid. Provincie afgeleid uit plaatsnaam in provinciale lijst; controleren.,https://www.museum.nl/nl/kunstlinie-almere-kunsthal,kunst
1e677e62-5c3c-5ffd-8441-df7bbb453bfc,wikipedia:Flevoland:museumdepaviljoens:almere,Museum De Paviljoens,Almere,Flevoland,,,NL,,,,closed,draft,unreviewed,Mogelijk historisch/gesloten. Provinciale lijst; adres en actuele status nog controleren.,https://nl.wikipedia.org/wiki/Lijst_van_musea_in_Flevoland,
7836e480-deb0-5e8a-a23a-8c8f0494e334,wikipedia:Flevoland:nederlandspolitiemuseum:almere,Nederlands Politiemuseum,Almere,Flevoland,,,NL,,,,closed,draft,unreviewed,Mogelijk historisch/gesloten. Provinciale lijst; adres en actuele status nog controleren.,https://nl.wikipedia.org/wiki/Lijst_van_musea_in_Flevoland,
e4901032-cc8a-5213-bb83-eb919e20f1b5,wikipedia:Flevoland:mechanischerfgoedcentrum:dronten,Mechanisch Erfgoed Centrum,Dronten,Flevoland,,,NL,,,,unknown,draft,unreviewed,Provinciale lijst; adres en actuele status nog controleren.,https://nl.wikipedia.org/wiki/Lijst_van_musea_in_Flevoland,
1d9899c2-3cd8-5012-892d-55b88a745fcd,museum-nl:luchtvaartmuseum-aviodrome,Luchtvaartmuseum Aviodrome,Lelystad,Flevoland,Pelikaanweg 50,8218 PG,NL,https://www.aviodrome.nl,52.457296,5.529689,unknown,draft,unreviewed,Bronvermelding is geen controle van actuele opening of toegankelijkheid. Provincie afgeleid uit plaatsnaam in provinciale lijst; controleren.,https://www.museum.nl/nl/luchtvaartmuseum-aviodrome,vervoer
67f3a381-ab0b-557e-acfb-2d08be7e0c06,museum-nl:museum-batavialand,Museum Batavialand,Lelystad,Flevoland,Oostvaardersdijk 01 13,8242 PA,NL,https://www.batavialand.nl,52.521364,5.436977,unknown,draft,unreviewed,Bronvermelding is geen controle van actuele opening of toegankelijkheid.,https://www.museum.nl/nl/museum-batavialand | https://nl.wikipedia.org/wiki/Lijst_van_musea_in_Flevoland,
bb8c2d7b-6478-5bc9-a297-6b7bb8c86a98,wikipedia:Flevoland:nationaalluchtvaartthemaparkaviodrome:lelystad,Nationaal Luchtvaart-Themapark Aviodrome,Lelystad,Flevoland,,,NL,,,,unknown,draft,unreviewed,Provinciale lijst; adres en actuele status nog controleren.,https://nl.wikipedia.org/wiki/Lijst_van_musea_in_Flevoland,vervoer
89f03b5e-f8bb-5bd1-8dfb-6452b0b3bb6f,wikipedia:Flevoland:nationaalruimtevaartmuseum:lelystad,Nationaal Ruimtevaart Museum,Lelystad,Flevoland,,,NL,,,,unknown,draft,unreviewed,Provinciale lijst; adres en actuele status nog controleren.,https://nl.wikipedia.org/wiki/Lijst_van_musea_in_Flevoland,kunst
cbf5bc39-7389-5448-9c62-be465d7360b8,wikipedia:Flevoland:museumnagele:nagele,Museum Nagele,Nagele,Flevoland,,,NL,,,,unknown,draft,unreviewed,Provinciale lijst; adres en actuele status nog controleren.,https://nl.wikipedia.org/wiki/Lijst_van_musea_in_Flevoland,
172fdccb-101a-5543-adb5-9f3b00f593f0,wikipedia:Flevoland:museumhuispolman:nagele,Museumhuis Polman,Nagele,Flevoland,,,NL,,,,unknown,draft,unreviewed,Provinciale lijst; adres en actuele status nog controleren.,https://nl.wikipedia.org/wiki/Lijst_van_musea_in_Flevoland,
3cb2017d-9f0b-513e-8dd6-432946b5cd6e,museum-nl:museum-schokland,Museum Schokland,Schokland,Flevoland,Middelbuurt 3,8319 AB,NL,https://www.museumschokland.nl,52.634571,5.777633,unknown,draft,unreviewed,Bronvermelding is geen controle van actuele opening of toegankelijkheid.,https://www.museum.nl/nl/museum-schokland | https://nl.wikipedia.org/wiki/Lijst_van_musea_in_Flevoland,
05fd011c-53bb-56d6-9757-4cb7846d1d14,wikipedia:Flevoland:hetouderaadhuis:urk,Het Oude Raadhuis,Urk,Flevoland,,,NL,,,,unknown,draft,unreviewed,Provinciale lijst; adres en actuele status nog controleren.,https://nl.wikipedia.org/wiki/Lijst_van_musea_in_Flevoland,
1622ab11-753c-55c2-98f3-6443de7ca2cc,museum-nl:het-oude-raadhuis-urk,Het Oude Raadhuis Urk,Urk,Flevoland,Wijk 2 - 2,8321 EP,NL,https://www.museumopurk.nl/,52.661365,5.596024,unknown,draft,unreviewed,Bronvermelding is geen controle van actuele opening of toegankelijkheid. Provincie afgeleid uit plaatsnaam in provinciale lijst; controleren.,https://www.museum.nl/nl/het-oude-raadhuis-urk,
dc0bddab-1c06-5acb-9371-a722fec9314a,wikipedia:Friesland:allingawier:allingawier,Allingawier,Allingawier,Friesland,,,NL,,,,unknown,draft,unreviewed,Provinciale lijst; adres en actuele status nog controleren.,https://nl.wikipedia.org/wiki/Lijst_van_musea_in_Friesland,
beea9a32-58e9-5554-b842-22a87cef7adc,wikipedia:Friesland:anjum:anjum,Anjum,Anjum,Friesland,,,NL,,,,unknown,draft,unreviewed,Provinciale lijst; adres en actuele status nog controleren.,https://nl.wikipedia.org/wiki/Lijst_van_musea_in_Friesland,
07b0fb6e-dff7-57d0-84a3-b8b9ef522cc9,wikipedia:Friesland:appelscha:appelscha,Appelscha,Appelscha,Friesland,,,NL,,,,closed,draft,unreviewed,Mogelijk historisch/gesloten. Provinciale lijst; adres en actuele status nog controleren.,https://nl.wikipedia.org/wiki/Lijst_van_musea_in_Friesland,
e7c700ce-86f2-5068-a189-91fc4991e454,wikipedia:Friesland:beers:beers,Beers,Beers,Friesland,,,NL,,,,unknown,draft,unreviewed,Provinciale lijst; adres en actuele status nog controleren.,https://nl.wikipedia.org/wiki/Lijst_van_musea_in_Friesland,
9119a39e-0b30-5386-8d38-e016a8757a7d,wikipedia:Friesland:bergum:bergum,Bergum,Bergum,Friesland,,,NL,,,,unknown,draft,unreviewed,Provinciale lijst; adres en actuele status nog controleren.,https://nl.wikipedia.org/wiki/Lijst_van_musea_in_Friesland,
98843f52-1b03-5b9a-ad48-351d29bac29e,wikipedia:Friesland:birdaard:birdaard,Birdaard,Birdaard,Friesland,,,NL,,,,unknown,draft,unreviewed,Provinciale lijst; adres en actuele status nog controleren.,https://nl.wikipedia.org/wiki/Lijst_van_musea_in_Friesland,
768de9aa-c0c0-5e34-81a9-e837fb9c672f,wikipedia:Friesland:bolsward:bolsward,Bolsward,Bolsward,Friesland,,,NL,,,,unknown,draft,unreviewed,Provinciale lijst; adres en actuele status nog controleren.,https://nl.wikipedia.org/wiki/Lijst_van_musea_in_Friesland,
6b3c3679-857c-5c23-8475-5d1b8094880a,museum-nl:botanische-tuin-de-kruidhof,Botanische Tuin De Kruidhof,Buitenpost,Friesland,Schoolstraat 29B,9285 NE,NL,https://www.dekruidhof.nl,53.255979,6.139327,unknown,draft,unreviewed,Bronvermelding is geen controle van actuele opening of toegankelijkheid. Provincie afgeleid uit plaatsnaam in provinciale lijst; controleren.,https://www.museum.nl/nl/botanische-tuin-de-kruidhof,
45ed5fdf-2eea-5de7-881d-4a4d9bc97bb9,wikipedia:Friesland:buitenpost:buitenpost,Buitenpost,Buitenpost,Friesland,,,NL,,,,unknown,draft,unreviewed,Provinciale lijst; adres en actuele status nog controleren.,https://nl.wikipedia.org/wiki/Lijst_van_musea_in_Friesland,
169aea36-cf32-587a-98ba-2170bcbf18f9,wikipedia:Friesland:buren:buren,Buren,Buren,Friesland,,,NL,,,,unknown,draft,unreviewed,Provinciale lijst; adres en actuele status nog controleren.,https://nl.wikipedia.org/wiki/Lijst_van_musea_in_Friesland,
ee0ea447-1848-5d97-9f8f-70ac79b97ed4,wikipedia:Friesland:damwoude:damwoude,Damwoude,Damwoude,Friesland,,,NL,,,,unknown,draft,unreviewed,Provinciale lijst; adres en actuele status nog controleren.,https://nl.wikipedia.org/wiki/Lijst_van_musea_in_Friesland,
b881faef-aa06-5751-bf68-8b840169e888,wikipedia:Friesland:deinum:deinum,Deinum,Deinum,Friesland,,,NL,,,,unknown,draft,unreviewed,Provinciale lijst; adres en actuele status nog controleren.,https://nl.wikipedia.org/wiki/Lijst_van_musea_in_Friesland,
8b6782d9-6ab4-5492-b9bb-7be9dd95a90b,wikipedia:Friesland:dokkum:dokkum,Dokkum,Dokkum,Friesland,,,NL,,,,unknown,draft,unreviewed,Provinciale lijst; adres en actuele status nog controleren.,https://nl.wikipedia.org/wiki/Lijst_van_musea_in_Friesland,
d3b20910-af17-5b64-b193-1ad67cf70308,museum-nl:museum-dokkum,Museum Dokkum,Dokkum,Friesland,Diepswal 27,9101 LA,NL,https://www.museumdokkum.nl,53.325311,6.000281,unknown,draft,unreviewed,Bronvermelding is geen controle van actuele opening of toegankelijkheid. Provincie afgeleid uit plaatsnaam in provinciale lijst; controleren.,https://www.museum.nl/nl/museum-dokkum,
51ea34bc-0237-54ce-a183-4bcd471d20ce,wikipedia:Friesland:drachten:drachten,Drachten,Drachten,Friesland,,,NL,,,,unknown,draft,unreviewed,Provinciale lijst; adres en actuele status nog controleren.,https://nl.wikipedia.org/wiki/Lijst_van_musea_in_Friesland,
d8323e10-6b74-5eb4-8934-c78370638c29,museum-nl:museum-drachten,Museum Drachten,Drachten,Friesland,Museumplein 2,9203 DD,NL,https://www.museumdrachten.nl,53.10434,6.097541,unknown,draft,unreviewed,Bronvermelding is geen controle van actuele opening of toegankelijkheid. Provincie afgeleid uit plaatsnaam in provinciale lijst; controleren.,https://www.museum.nl/nl/museum-drachten,
ad4e57f0-73d8-5990-8163-3af10f5eccd6,wikipedia:Friesland:ee:ee,Ee,Ee,Friesland,,,NL,,,,unknown,draft,unreviewed,Provinciale lijst; adres en actuele status nog controleren.,https://nl.wikipedia.org/wiki/Lijst_van_musea_in_Friesland,
40a748dd-331d-5c6a-a849-017cfdb884b3,wikipedia:Friesland:eernewoude:eernewoude,Eernewoude,Eernewoude,Friesland,,,NL,,,,unknown,draft,unreviewed,Provinciale lijst; adres en actuele status nog controleren.,https://nl.wikipedia.org/wiki/Lijst_van_musea_in_Friesland,
b489330c-a70b-5fd2-b026-6eaf4fa14776,wikipedia:Friesland:firdgum:firdgum,Firdgum,Firdgum,Friesland,,,NL,,,,unknown,draft,unreviewed,Provinciale lijst; adres en actuele status nog controleren.,https://nl.wikipedia.org/wiki/Lijst_van_musea_in_Friesland,
5aaf2dcd-5a53-5b2a-a103-772a555b6e42,wikipedia:Friesland:fochteloo:fochteloo,Fochteloo,Fochteloo,Friesland,,,NL,,,,unknown,draft,unreviewed,Provinciale lijst; adres en actuele status nog controleren.,https://nl.wikipedia.org/wiki/Lijst_van_musea_in_Friesland,
00a3d564-b6ac-57af-a386-a7c585ce5841,wikipedia:Friesland:formerum:formerum,Formerum,Formerum,Friesland,,,NL,,,,unknown,draft,unreviewed,Provinciale lijst; adres en actuele status nog controleren.,https://nl.wikipedia.org/wiki/Lijst_van_musea_in_Friesland,
f94ef5ee-8f6f-53e0-b56c-7218bceda296,wikipedia:Friesland:franeker:franeker,Franeker,Franeker,Friesland,,,NL,,,,unknown,draft,unreviewed,Provinciale lijst; adres en actuele status nog controleren.,https://nl.wikipedia.org/wiki/Lijst_van_musea_in_Friesland,
dbd22f1d-f375-587f-91ad-b72b150dbc66,museum-nl:koninklijk-eise-eisinga-planetarium,Koninklijk Eise Eisinga Planetarium,Franeker,Friesland,Eise Eisingastraat 3,8801 KE,NL,https://www.planetarium-friesland.nl,53.18741,5.543691,unknown,draft,unreviewed,Bronvermelding is geen controle van actuele opening of toegankelijkheid. Provincie afgeleid uit plaatsnaam in provinciale lijst; controleren.,https://www.museum.nl/nl/koninklijk-eise-eisinga-planetarium,
28a13fca-cd9f-5d86-9a91-7ee35f8114d7,museum-nl:museum-martena,Museum Martena,Franeker,Friesland,Voorstraat 35,8801 LA,NL,https://www.museummartena.nl,53.186417,5.542203,unknown,draft,unreviewed,Bronvermelding is geen controle van actuele opening of toegankelijkheid. Provincie afgeleid uit plaatsnaam in provinciale lijst; controleren.,https://www.museum.nl/nl/museum-martena,
f0591542-cf66-5be8-9814-e9d9d5a78479,wikipedia:Friesland:gorredijk:gorredijk,Gorredijk,Gorredijk,Friesland,,,NL,,,,unknown,draft,unreviewed,Provinciale lijst; adres en actuele status nog controleren.,https://nl.wikipedia.org/wiki/Lijst_van_musea_in_Friesland,
3e5fb7a5-4a34-5404-9f0a-638a9d9969de,museum-nl:museum-opsterlan,Museum Opsterlân,Gorredijk,Friesland,Hoofdstraat 59,8401 BW,NL,https://www.museumopsterlan.nl/,53.00194,6.063361,unknown,draft,unreviewed,Bronvermelding is geen controle van actuele opening of toegankelijkheid. Provincie afgeleid uit plaatsnaam in provinciale lijst; controleren.,https://www.museum.nl/nl/museum-opsterlan,
420f3f42-0f20-5954-92ab-b406faf17493,wikipedia:Friesland:grouw:grouw,Grouw,Grouw,Friesland,,,NL,,,,unknown,draft,unreviewed,Provinciale lijst; adres en actuele status nog controleren.,https://nl.wikipedia.org/wiki/Lijst_van_musea_in_Friesland,
470cf836-eca9-507a-af2a-17499efc4d95,wikipedia:Friesland:harkema:harkema,Harkema,Harkema,Friesland,,,NL,,,,unknown,draft,unreviewed,Provinciale lijst; adres en actuele status nog controleren.,https://nl.wikipedia.org/wiki/Lijst_van_musea_in_Friesland,
21d6332b-ba01-5ca9-93f1-bb480ea04806,museum-nl:openluchtmuseum-en-themapark-de-spitkeet,Openluchtmuseum en Themapark De Spitkeet,Harkema,Friesland,De Dunen 3,9281 KT,NL,https://www.despitkeet.nl,53.179135,6.119032,unknown,draft,unreviewed,Bronvermelding is geen controle van actuele opening of toegankelijkheid. Provincie afgeleid uit plaatsnaam in provinciale lijst; controleren.,https://www.museum.nl/nl/openluchtmuseum-en-themapark-de-spitkeet,openlucht
104bb656-f8f9-5cda-be75-66622953f362,museum-nl:hannemahuis,Hannemahuis,Harlingen,Friesland,Voorstraat 56,8861 BM,NL,https://www.hannemahuis.nl,53.174581,5.419242,unknown,draft,unreviewed,Bronvermelding is geen controle van actuele opening of toegankelijkheid. Provincie afgeleid uit plaatsnaam in provinciale lijst; controleren.,https://www.museum.nl/nl/hannemahuis,
2ac7efb0-4f23-5841-96af-ee198eec8440,wikipedia:Friesland:harlingen:harlingen,Harlingen,Harlingen,Friesland,,,NL,,,,unknown,draft,unreviewed,Provinciale lijst; adres en actuele status nog controleren.,https://nl.wikipedia.org/wiki/Lijst_van_musea_in_Friesland,
58349354-0005-50fe-8963-0ef2560ff630,wikipedia:Friesland:heeg:heeg,Heeg,Heeg,Friesland,,,NL,,,,unknown,draft,unreviewed,Provinciale lijst; adres en actuele status nog controleren.,https://nl.wikipedia.org/wiki/Lijst_van_musea_in_Friesland,
97fdd665-2413-550b-9cd5-91d59c32b3ba,wikipedia:Friesland:heerenveen:heerenveen,Heerenveen,Heerenveen,Friesland,,,NL,,,,unknown,draft,unreviewed,Provinciale lijst; adres en actuele status nog controleren.,https://nl.wikipedia.org/wiki/Lijst_van_musea_in_Friesland,
6e0d3502-bad5-5a03-bf24-009fafc0d493,museum-nl:museum-belvedere,Museum Belvédère,Heerenveen,Friesland,Oranje Nassaulaan 70,8453 HA,NL,https://www.museumbelvedere.nl,52.957933,5.961951,unknown,draft,unreviewed,Bronvermelding is geen controle van actuele opening of toegankelijkheid. Provincie afgeleid uit plaatsnaam in provinciale lijst; controleren.,https://www.museum.nl/nl/museum-belvedere,
6435797b-c3be-56d7-bfcb-841435ef0e47,museum-nl:museum-heerenveen,Museum Heerenveen,Heerenveen,Friesland,Minckelersstraat 11,8442 CE,NL,https://www.museumheerenveen.frl,52.959988,5.926062,unknown,draft,unreviewed,Bronvermelding is geen controle van actuele opening of toegankelijkheid. Provincie afgeleid uit plaatsnaam in provinciale lijst; controleren.,https://www.museum.nl/nl/museum-heerenveen,
278f51d2-9054-5c23-8902-1154cd3bbc78,wikipedia:Friesland:hindeloopen:hindeloopen,Hindeloopen,Hindeloopen,Friesland,,,NL,,,,unknown,draft,unreviewed,Provinciale lijst; adres en actuele status nog controleren.,https://nl.wikipedia.org/wiki/Lijst_van_musea_in_Friesland,
4c3ffe6a-4086-57e5-8d50-159ad07abdcd,museum-nl:museum-hindeloopen,Museum Hindeloopen,Hindeloopen,Friesland,Dijkweg 1-3,8713 KD,NL,https://www.museumhindeloopen.nl,52.943323,5.398612,unknown,draft,unreviewed,Bronvermelding is geen controle van actuele opening of toegankelijkheid. Provincie afgeleid uit plaatsnaam in provinciale lijst; controleren.,https://www.museum.nl/nl/museum-hindeloopen,
a220492c-4fd9-5944-9f11-c62c0f132732,wikipedia:Friesland:hollum:hollum,Hollum,Hollum,Friesland,,,NL,,,,unknown,draft,unreviewed,Provinciale lijst; adres en actuele status nog controleren.,https://nl.wikipedia.org/wiki/Lijst_van_musea_in_Friesland,
d58d6e3c-b88f-56f8-af47-58a4fdac7239,wikipedia:Friesland:hoorn:hoorn,Hoorn,Hoorn,Friesland,,,NL,,,,unknown,draft,unreviewed,Provinciale lijst; adres en actuele status nog controleren.,https://nl.wikipedia.org/wiki/Lijst_van_musea_in_Friesland,
96a4d4c1-50d0-512d-b79c-c9e3a7c13f3c,wikipedia:Friesland:ijlst:ijlst,IJlst,IJlst,Friesland,,,NL,,,,unknown,draft,unreviewed,Provinciale lijst; adres en actuele status nog controleren.,https://nl.wikipedia.org/wiki/Lijst_van_musea_in_Friesland,
e40a32b7-873c-525c-9b71-f01b78c00bcc,wikipedia:Friesland:ijsbrechtum:ijsbrechtum,IJsbrechtum,IJsbrechtum,Friesland,,,NL,,,,unknown,draft,unreviewed,Provinciale lijst; adres en actuele status nog controleren.,https://nl.wikipedia.org/wiki/Lijst_van_musea_in_Friesland,
967694ff-a5ab-52a4-b9d1-a7ddad7b2b8e,wikipedia:Friesland:janum:janum,Janum,Janum,Friesland,,,NL,,,,unknown,draft,unreviewed,Provinciale lijst; adres en actuele status nog controleren.,https://nl.wikipedia.org/wiki/Lijst_van_musea_in_Friesland,
637dd504-4388-5830-942a-845ad9a8216e,wikipedia:Friesland:jelsum:jelsum,Jelsum,Jelsum,Friesland,,,NL,,,,unknown,draft,unreviewed,Provinciale lijst; adres en actuele status nog controleren.,https://nl.wikipedia.org/wiki/Lijst_van_musea_in_Friesland,
13d77607-50f3-53d2-b09e-cbe6479ab7c3,wikipedia:Friesland:joure:joure,Joure,Joure,Friesland,,,NL,,,,unknown,draft,unreviewed,Provinciale lijst; adres en actuele status nog controleren.,https://nl.wikipedia.org/wiki/Lijst_van_musea_in_Friesland,
20a69bdc-fc03-50c3-b0b9-5b49646185f3,museum-nl:museum-joure,Museum Joure,Joure,Friesland,Museumstraat 2,8501 CD,NL,https://www.museumjoure.nl,52.967646,5.79631,unknown,draft,unreviewed,Bronvermelding is geen controle van actuele opening of toegankelijkheid. Provincie afgeleid uit plaatsnaam in provinciale lijst; controleren.,https://www.museum.nl/nl/museum-joure,
8f467553-b7a2-596f-a228-a37d0a5aad83,wikipedia:Friesland:kollum:kollum,Kollum,Kollum,Friesland,,,NL,,,,unknown,draft,unreviewed,Provinciale lijst; adres en actuele status nog controleren.,https://nl.wikipedia.org/wiki/Lijst_van_musea_in_Friesland,
c3b8f3d2-b608-58cf-a272-2bbf18d1cbe5,museum-nl:kazemattenmuseum-kornwerderzand,Kazemattenmuseum Kornwerderzand,Kornwerderzand,Friesland,Afsluitdijk 5,8752 TP,NL,https://www.kazemattenmuseum.nl,53.073113,5.333155,unknown,draft,unreviewed,Bronvermelding is geen controle van actuele opening of toegankelijkheid. Provincie afgeleid uit plaatsnaam in provinciale lijst; controleren.,https://www.museum.nl/nl/kazemattenmuseum-kornwerderzand,
a624df32-e5f3-5092-8dca-b2eea7227bd9,wikipedia:Friesland:kornwerderzand:kornwerderzand,Kornwerderzand,Kornwerderzand,Friesland,,,NL,,,,unknown,draft,unreviewed,Provinciale lijst; adres en actuele status nog controleren.,https://nl.wikipedia.org/wiki/Lijst_van_musea_in_Friesland,
5fa42939-ef25-52fe-9299-c22df27ddb98,museum-nl:fries-landbouwmuseum,Fries Landbouwmuseum,Leeuwarden,Friesland,Felling 6,8912 CG,NL,https://landbouwmuseumfriesland.nl/,53.179228,5.78947,unknown,draft,unreviewed,Bronvermelding is geen controle van actuele opening of toegankelijkheid. Provincie afgeleid uit plaatsnaam in provinciale lijst; controleren.,https://www.museum.nl/nl/fries-landbouwmuseum,
b0bd5e77-f9a9-524a-bdc1-245142a24ff9,museum-nl:fries-museum,Fries Museum,Leeuwarden,Friesland,Wilhelminaplein 92,8911 BS,NL,https://www.friesmuseum.nl,53.199569,5.79425,unknown,draft,unreviewed,Bronvermelding is geen controle van actuele opening of toegankelijkheid. Provincie afgeleid uit plaatsnaam in provinciale lijst; controleren.,https://www.museum.nl/nl/fries-museum,
e4cb2465-631a-5c97-ae67-cf53d66daad4,museum-nl:fries-verzetsmuseum,Fries Verzetsmuseum,Leeuwarden,Friesland,Wilhelminaplein 92,8911 BS,NL,https://www.friesverzetsmuseum.nl,53.199569,5.79425,unknown,draft,unreviewed,Bronvermelding is geen controle van actuele opening of toegankelijkheid. Provincie afgeleid uit plaatsnaam in provinciale lijst; controleren.,https://www.museum.nl/nl/fries-verzetsmuseum,geschiedenis
24c37893-b1ae-51e6-8c0b-0546bef7fc3d,museum-nl:huis-van-eysinga,Huis Van Eysinga,Leeuwarden,Friesland,Koningsstraat 25,8911 KV,NL,https://www.hendrickdekeyser.nl/museumbezoek/huis-van-eysinga-leeuwarden,53.202618,5.800826,unknown,draft,unreviewed,Bronvermelding is geen controle van actuele opening of toegankelijkheid. Provincie afgeleid uit plaatsnaam in provinciale lijst; controleren.,https://www.museum.nl/nl/huis-van-eysinga,
d117a62d-9e50-56e1-ab19-feb92d50abba,museum-nl:keramiekmuseum-princessehof,Keramiekmuseum Princessehof,Leeuwarden,Friesland,Grote Kerkstraat 11,8911 DZ,NL,https://www.princessehof.nl,53.203033,5.792079,unknown,draft,unreviewed,Bronvermelding is geen controle van actuele opening of toegankelijkheid. Provincie afgeleid uit plaatsnaam in provinciale lijst; controleren.,https://www.museum.nl/nl/keramiekmuseum-princessehof,
1eadefec-20d9-58f8-8700-5b3c77ac3031,wikipedia:Friesland:leeuwarden:leeuwarden,Leeuwarden,Leeuwarden,Friesland,,,NL,,,,unknown,draft,unreviewed,Provinciale lijst; adres en actuele status nog controleren.,https://nl.wikipedia.org/wiki/Lijst_van_musea_in_Friesland,
651592c5-e4d1-5e39-8b62-76e6b998630c,museum-nl:natuurmuseum-fryslan,Natuurmuseum Fryslân,Leeuwarden,Friesland,Schoenmakersperk 2,8911 EM,NL,https://www.natuurmuseumfryslan.nl,53.204061,5.795687,unknown,draft,unreviewed,Bronvermelding is geen controle van actuele opening of toegankelijkheid. Provincie afgeleid uit plaatsnaam in provinciale lijst; controleren.,https://www.museum.nl/nl/natuurmuseum-fryslan,natuur
a7401feb-6cf9-50f6-b9db-f7fa73f18e6c,wikipedia:Friesland:lemmer:lemmer,Lemmer,Lemmer,Friesland,,,NL,,,,unknown,draft,unreviewed,Provinciale lijst; adres en actuele status nog controleren.,https://nl.wikipedia.org/wiki/Lijst_van_musea_in_Friesland,
15eb9bfd-4948-58d2-a4e8-a4d9547bc7fa,wikipedia:Friesland:makkinga:makkinga,Makkinga,Makkinga,Friesland,,,NL,,,,unknown,draft,unreviewed,Provinciale lijst; adres en actuele status nog controleren.,https://nl.wikipedia.org/wiki/Lijst_van_musea_in_Friesland,
2248e59d-6453-5633-8cd4-1f24f66143f3,wikipedia:Friesland:marssum:marssum,Marssum,Marssum,Friesland,,,NL,,,,unknown,draft,unreviewed,Provinciale lijst; adres en actuele status nog controleren.,https://nl.wikipedia.org/wiki/Lijst_van_musea_in_Friesland,
7095c474-a89f-5900-be09-5b3084c1f4e7,wikipedia:Friesland:moddergat:moddergat,Moddergat,Moddergat,Friesland,,,NL,,,,unknown,draft,unreviewed,Provinciale lijst; adres en actuele status nog controleren.,https://nl.wikipedia.org/wiki/Lijst_van_musea_in_Friesland,
9e052f00-db3f-5120-97c1-d61cd02951a8,museum-nl:t-fiskershuske,t Fiskershúske,Moddergat,Friesland,Fiskerspaad 4-8A,9142 VN,NL,https://www.museummoddergat.nl,53.4050369,6.0756485,unknown,draft,unreviewed,Bronvermelding is geen controle van actuele opening of toegankelijkheid. Provincie afgeleid uit plaatsnaam in provinciale lijst; controleren.,https://www.museum.nl/nl/t-fiskershuske,
d1c333ad-d5b2-5fa3-9e35-47ca679302d2,wikipedia:Friesland:molkwerum:molkwerum,Molkwerum,Molkwerum,Friesland,,,NL,,,,unknown,draft,unreviewed,Provinciale lijst; adres en actuele status nog controleren.,https://nl.wikipedia.org/wiki/Lijst_van_musea_in_Friesland,
db186b9e-fcc3-5792-9c68-d45cfcc1e310,wikipedia:Friesland:nes:nes,Nes,Nes,Friesland,,,NL,,,,unknown,draft,unreviewed,Provinciale lijst; adres en actuele status nog controleren.,https://nl.wikipedia.org/wiki/Lijst_van_musea_in_Friesland,
658d24a7-1c09-5662-b144-fe7506c6897c,wikipedia:Friesland:nijbeets:nijbeets,Nij Beets,Nij Beets,Friesland,,,NL,,,,unknown,draft,unreviewed,Provinciale lijst; adres en actuele status nog controleren.,https://nl.wikipedia.org/wiki/Lijst_van_musea_in_Friesland,
901a549e-02cb-59c9-81bb-c99995fbab6e,wikipedia:Friesland:nijemirdum:nijemirdum,Nijemirdum,Nijemirdum,Friesland,,,NL,,,,unknown,draft,unreviewed,Provinciale lijst; adres en actuele status nog controleren.,https://nl.wikipedia.org/wiki/Lijst_van_musea_in_Friesland,
82d0e058-dcb6-51fe-9a91-25e4d094f4ef,wikipedia:Friesland:noordbergum:noordbergum,Noordbergum,Noordbergum,Friesland,,,NL,,,,unknown,draft,unreviewed,Provinciale lijst; adres en actuele status nog controleren.,https://nl.wikipedia.org/wiki/Lijst_van_musea_in_Friesland,
f51b720d-14f7-52cf-9b78-dd71da0d6705,museum-nl:nationaal-vlechtmuseum,Nationaal Vlechtmuseum,Noordwolde,Friesland,Mandehof 7,8391 BG,NL,https://www.vlechtmuseum.nl,52.891512,6.142906,unknown,draft,unreviewed,Bronvermelding is geen controle van actuele opening of toegankelijkheid. Provincie afgeleid uit plaatsnaam in provinciale lijst; controleren.,https://www.museum.nl/nl/nationaal-vlechtmuseum,
61ce9d8a-5a62-52df-ab83-3dc93621cecf,wikipedia:Friesland:noordwolde:noordwolde,Noordwolde,Noordwolde,Friesland,,,NL,,,,unknown,draft,unreviewed,Provinciale lijst; adres en actuele status nog controleren.,https://nl.wikipedia.org/wiki/Lijst_van_musea_in_Friesland,
16f21ff0-fb5e-58b1-b843-a80d8532d271,wikipedia:Friesland:oldeboorn:oldeboorn,Oldeboorn,Oldeboorn,Friesland,,,NL,,,,unknown,draft,unreviewed,Provinciale lijst; adres en actuele status nog controleren.,https://nl.wikipedia.org/wiki/Lijst_van_musea_in_Friesland,
726e365a-c762-5004-aeb7-1a2b1af013a6,wikipedia:Friesland:oostvlieland:oostvlieland,Oost-Vlieland,Oost-Vlieland,Friesland,,,NL,,,,unknown,draft,unreviewed,Provinciale lijst; adres en actuele status nog controleren.,https://nl.wikipedia.org/wiki/Lijst_van_musea_in_Friesland,
132ee860-01d1-5865-a4ab-02c0071f6757,wikipedia:Friesland:oudemirdum:oudemirdum,Oudemirdum,Oudemirdum,Friesland,,,NL,,,,unknown,draft,unreviewed,Provinciale lijst; adres en actuele status nog controleren.,https://nl.wikipedia.org/wiki/Lijst_van_musea_in_Friesland,
cf45c145-5e32-505b-8dc1-55ba487c3dfc,wikipedia:Friesland:ouwsterhaule:ouwsterhaule,Ouwsterhaule,Ouwsterhaule,Friesland,,,NL,,,,unknown,draft,unreviewed,Provinciale lijst; adres en actuele status nog controleren.,https://nl.wikipedia.org/wiki/Lijst_van_musea_in_Friesland,
3b170b9f-680f-587a-b2e3-88f6d35bebf3,wikipedia:Friesland:piaam:piaam,Piaam,Piaam,Friesland,,,NL,,,,unknown,draft,unreviewed,Provinciale lijst; adres en actuele status nog controleren.,https://nl.wikipedia.org/wiki/Lijst_van_musea_in_Friesland,
8c883a52-6430-57f6-ba45-b8c65e742398,wikipedia:Friesland:raard:raard,Raard,Raard,Friesland,,,NL,,,,unknown,draft,unreviewed,Provinciale lijst; adres en actuele status nog controleren.,https://nl.wikipedia.org/wiki/Lijst_van_musea_in_Friesland,
a44b1f62-c230-5493-bdd8-fc4c6afed93c,wikipedia:Friesland:schiermonnikoog:schiermonnikoog,Schiermonnikoog,Schiermonnikoog,Friesland,,,NL,,,,unknown,draft,unreviewed,Provinciale lijst; adres en actuele status nog controleren.,https://nl.wikipedia.org/wiki/Lijst_van_musea_in_Friesland,
99b325ae-11d6-5305-b74e-5746b00874bf,wikipedia:Friesland:sintjacobiparochie:sintjacobiparochie,Sint Jacobiparochie,Sint Jacobiparochie,Friesland,,,NL,,,,unknown,draft,unreviewed,Provinciale lijst; adres en actuele status nog controleren.,https://nl.wikipedia.org/wiki/Lijst_van_musea_in_Friesland,
bc0332fa-b0e8-5593-9374-49ce1862e2b8,museum-nl:museum-stedhus-sleat,Museum Stedhûs Sleat,Sloten,Friesland,Heerenwal 48,8556 XW,NL,https://www.museumsloten.nl,52.894785,5.645631,unknown,draft,unreviewed,Bronvermelding is geen controle van actuele opening of toegankelijkheid. Provincie afgeleid uit plaatsnaam in provinciale lijst; controleren.,https://www.museum.nl/nl/museum-stedhus-sleat,
406c4c5b-1ba5-5192-aa1b-1b8a6c49ad4e,wikipedia:Friesland:sloten:sloten,Sloten,Sloten,Friesland,,,NL,,,,unknown,draft,unreviewed,Provinciale lijst; adres en actuele status nog controleren.,https://nl.wikipedia.org/wiki/Lijst_van_musea_in_Friesland,
8e408ed7-2b17-5d21-adf5-ef78e7b9c796,museum-nl:fries-scheepvaart-museum,Fries Scheepvaart Museum,Sneek,Friesland,Kleinzand 16,8601 BH,NL,https://www.friesscheepvaartmuseum.nl,53.032351,5.663266,unknown,draft,unreviewed,Bronvermelding is geen controle van actuele opening of toegankelijkheid. Provincie afgeleid uit plaatsnaam in provinciale lijst; controleren.,https://www.museum.nl/nl/fries-scheepvaart-museum,kunst | maritiem
2107d4f6-8deb-5b7f-8f73-b39ec84d833f,museum-nl:nationaal-modelspoor-museum,Nationaal Modelspoor Museum,Sneek,Friesland,Alexanderstraat 4,8606 VP,NL,https://www.modelspoormuseum.nl,53.022595,5.674108,unknown,draft,unreviewed,Bronvermelding is geen controle van actuele opening of toegankelijkheid. Provincie afgeleid uit plaatsnaam in provinciale lijst; controleren.,https://www.museum.nl/nl/nationaal-modelspoor-museum,vervoer
2517c3fa-209f-5c5c-87e9-0496543e9fc8,wikipedia:Friesland:sneek:sneek,Sneek,Sneek,Friesland,,,NL,,,,unknown,draft,unreviewed,Provinciale lijst; adres en actuele status nog controleren.,https://nl.wikipedia.org/wiki/Lijst_van_musea_in_Friesland,
f27a61b4-c436-58c3-ae35-4dafb1c741d2,wikipedia:Friesland:stavoren:stavoren,Stavoren,Stavoren,Friesland,,,NL,,,,unknown,draft,unreviewed,Provinciale lijst; adres en actuele status nog controleren.,https://nl.wikipedia.org/wiki/Lijst_van_musea_in_Friesland,
924d9f72-3d0a-580e-817c-4ef4bfb9ab46,wikipedia:Friesland:steggerda:steggerda,Steggerda,Steggerda,Friesland,,,NL,,,,unknown,draft,unreviewed,Provinciale lijst; adres en actuele status nog controleren.,https://nl.wikipedia.org/wiki/Lijst_van_musea_in_Friesland,
39509cf7-840a-5b96-b3de-8a53e1dd65a0,wikipedia:Friesland:surhuisterveen:surhuisterveen,Surhuisterveen,Surhuisterveen,Friesland,,,NL,,,,unknown,draft,unreviewed,Provinciale lijst; adres en actuele status nog controleren.,https://nl.wikipedia.org/wiki/Lijst_van_musea_in_Friesland,
9e28daae-d193-5ae7-abf3-58ba6e9a34d6,wikipedia:Friesland:tijnje:tijnje,Tijnje,Tijnje,Friesland,,,NL,,,,unknown,draft,unreviewed,Provinciale lijst; adres en actuele status nog controleren.,https://nl.wikipedia.org/wiki/Lijst_van_musea_in_Friesland,
4bb27d72-e43c-593e-9451-82b16e8f39e1,wikipedia:Friesland:veenklooster:veenklooster,Veenklooster,Veenklooster,Friesland,,,NL,,,,unknown,draft,unreviewed,Provinciale lijst; adres en actuele status nog controleren.,https://nl.wikipedia.org/wiki/Lijst_van_musea_in_Friesland,
c22611cd-eace-5ec8-baee-d87986fdcd97,wikipedia:Friesland:veenwouden:veenwouden,Veenwouden,Veenwouden,Friesland,,,NL,,,,unknown,draft,unreviewed,Provinciale lijst; adres en actuele status nog controleren.,https://nl.wikipedia.org/wiki/Lijst_van_musea_in_Friesland,
3dd43e67-3122-5aad-bdef-0e3bc5f013e2,wikipedia:Friesland:wartena:wartena,Wartena,Wartena,Friesland,,,NL,,,,unknown,draft,unreviewed,Provinciale lijst; adres en actuele status nog controleren.,https://nl.wikipedia.org/wiki/Lijst_van_musea_in_Friesland,
d4021a7b-02a4-5162-8ec5-4b3cd24fff59,museum-nl:museum-t-behouden-huys,Museum 't Behouden Huys,West-Terschelling,Friesland,Commandeurstraat 30-32,8881 BB,NL,https://www.behouden-huys.nl,53.35768,5.214429,unknown,draft,unreviewed,Bronvermelding is geen controle van actuele opening of toegankelijkheid. Provincie afgeleid uit plaatsnaam in provinciale lijst; controleren.,https://www.museum.nl/nl/museum-t-behouden-huys,
14240d66-2af4-5717-bce0-c11f55ce78b5,wikipedia:Friesland:westterschelling:westterschelling,West-Terschelling,West-Terschelling,Friesland,,,NL,,,,closed,draft,unreviewed,Mogelijk historisch/gesloten. Provinciale lijst; adres en actuele status nog controleren.,https://nl.wikipedia.org/wiki/Lijst_van_musea_in_Friesland,
7630ec30-0c4f-5699-8991-2aba59f6d659,wikipedia:Friesland:wolvega:wolvega,Wolvega,Wolvega,Friesland,,,NL,,,,unknown,draft,unreviewed,Provinciale lijst; adres en actuele status nog controleren.,https://nl.wikipedia.org/wiki/Lijst_van_musea_in_Friesland,
8a244c5f-03b6-5914-b687-6f9764d981e3,wikipedia:Friesland:wommels:wommels,Wommels,Wommels,Friesland,,,NL,,,,unknown,draft,unreviewed,Provinciale lijst; adres en actuele status nog controleren.,https://nl.wikipedia.org/wiki/Lijst_van_musea_in_Friesland,
c2ab51c6-5835-5cdb-b14c-0d8f2e1d580a,museum-nl:jopie-huisman-museum,Jopie Huisman Museum,Workum,Friesland,Noard 6,8711 AH,NL,https://www.jopiehuismanmuseum.nl,52.979778,5.443705,unknown,draft,unreviewed,Bronvermelding is geen controle van actuele opening of toegankelijkheid. Provincie afgeleid uit plaatsnaam in provinciale lijst; controleren.,https://www.museum.nl/nl/jopie-huisman-museum,
a575a66d-bbf8-546f-9593-2ddf559567eb,museum-nl:warkums-erfskip,Warkums Erfskip,Workum,Friesland,Merk 4,8711 CL,NL,https://www.warkumserfskip.nl,52.979293,5.443169,unknown,draft,unreviewed,Bronvermelding is geen controle van actuele opening of toegankelijkheid. Provincie afgeleid uit plaatsnaam in provinciale lijst; controleren.,https://www.museum.nl/nl/warkums-erfskip,
2b7e1d21-bc04-5bd4-8c56-774c0bdf6ce2,wikipedia:Friesland:workum:workum,Workum,Workum,Friesland,,,NL,,,,unknown,draft,unreviewed,Provinciale lijst; adres en actuele status nog controleren.,https://nl.wikipedia.org/wiki/Lijst_van_musea_in_Friesland,
31cac3a7-b49f-5973-bf3f-39fa342f1efc,wikipedia:Gelderland:aaltensindustriemuseum:aalten,Aaltens Industrie Museum,Aalten,Gelderland,,,NL,,,,unknown,draft,unreviewed,Provinciale lijst; adres en actuele status nog controleren.,https://nl.wikipedia.org/wiki/Lijst_van_musea_in_Gelderland,
f17511c7-4b14-5035-ba1b-996aa46a5a37,wikipedia:Gelderland:boerderijmuseumdeneeth:aalten,Boerderijmuseum de Neeth,Aalten,Gelderland,,,NL,,,,unknown,draft,unreviewed,Provinciale lijst; adres en actuele status nog controleren.,https://nl.wikipedia.org/wiki/Lijst_van_musea_in_Gelderland,
126d5589-161c-5a4c-a457-3075d2bd2dab,museum-nl:nationaal-onderduikmuseum,Nationaal Onderduikmuseum,Aalten,Gelderland,Markt 14,7121 CS,NL,https://www.nationaalonderduikmuseum.nl,51.927654,6.581471,unknown,draft,unreviewed,Bronvermelding is geen controle van actuele opening of toegankelijkheid.,https://www.museum.nl/nl/nationaal-onderduikmuseum | https://nl.wikipedia.org/wiki/Lijst_van_musea_in_Gelderland,
8d9ffdaa-06de-5bd6-8329-c2e56733a0c6,wikipedia:Gelderland:museumstaal:almen,Museum Staal,Almen,Gelderland,,,NL,,,,unknown,draft,unreviewed,Provinciale lijst; adres en actuele status nog controleren.,https://nl.wikipedia.org/wiki/Lijst_van_musea_in_Gelderland,
bd0e74aa-75b4-5dcb-927c-23d1c81399be,wikipedia:Gelderland:museumvooroudeboekdrukkunst:almen,Museum voor oude boekdrukkunst,Almen,Gelderland,,,NL,,,,unknown,draft,unreviewed,Provinciale lijst; adres en actuele status nog controleren.,https://nl.wikipedia.org/wiki/Lijst_van_musea_in_Gelderland,kunst
3fbea5ae-2cbe-5ed0-96e7-e4c86ab85f88,museum-nl:coda,CODA,Apeldoorn,Gelderland,Vosselmanstraat 299,7311 CL,NL,https://www.coda-apeldoorn.nl,52.215407,5.958447,unknown,draft,unreviewed,Bronvermelding is geen controle van actuele opening of toegankelijkheid.,https://www.museum.nl/nl/coda | https://nl.wikipedia.org/wiki/Lijst_van_musea_in_Gelderland,
47a9ad1d-3104-558a-a1d1-757fd4ee7289,wikipedia:Gelderland:nederlandspolitiemuseum:apeldoorn,Nederlands Politiemuseum,Apeldoorn,Gelderland,,,NL,,,,unknown,draft,unreviewed,Provinciale lijst; adres en actuele status nog controleren.,https://nl.wikipedia.org/wiki/Lijst_van_musea_in_Gelderland,
90123c31-3f7a-5c48-8031-0e68742b8e1f,museum-nl:paleis-het-loo,Paleis Het Loo,Apeldoorn,Gelderland,Koninklijk Park 16,7315 JA,NL,https://www.paleishetloo.nl,52.234103,5.946012,unknown,draft,unreviewed,Bronvermelding is geen controle van actuele opening of toegankelijkheid.,https://www.museum.nl/nl/paleis-het-loo | https://nl.wikipedia.org/wiki/Lijst_van_musea_in_Gelderland,
6d60dacf-cbf3-5a17-9682-0c19fae089bd,wikipedia:Gelderland:stoomgemaaldetuut:appeltern,Stoomgemaal De Tuut,Appeltern,Gelderland,,,NL,,,,unknown,draft,unreviewed,Provinciale lijst; adres en actuele status nog controleren.,https://nl.wikipedia.org/wiki/Lijst_van_musea_in_Gelderland,
d6873ac5-3d61-504c-b167-abb6fe3938b8,wikipedia:Gelderland:airbornemuseum:arnhem,Airborne Museum,Arnhem,Gelderland,,,NL,,,,unknown,draft,unreviewed,Provinciale lijst; adres en actuele status nog controleren.,https://nl.wikipedia.org/wiki/Lijst_van_musea_in_Gelderland,
b2087346-1ba9-54e5-8cd3-1f2b8c6011e2,wikipedia:Gelderland:arnhemsoorlogsmuseum4045:arnhem,Arnhems Oorlogsmuseum 40-45,Arnhem,Gelderland,,,NL,,,,unknown,draft,unreviewed,Provinciale lijst; adres en actuele status nog controleren.,https://nl.wikipedia.org/wiki/Lijst_van_musea_in_Gelderland,geschiedenis
e9249878-3e2a-5441-a5aa-260bf6c9de83,wikipedia:Gelderland:arnhemsetrolleybusmuseum:arnhem,Arnhemse Trolleybus Museum,Arnhem,Gelderland,,,NL,,,,unknown,draft,unreviewed,Provinciale lijst; adres en actuele status nog controleren.,https://nl.wikipedia.org/wiki/Lijst_van_musea_in_Gelderland,
7b8ade31-740b-578f-af2d-afd7920927f8,wikipedia:Gelderland:centrumbeeldendekunst:arnhem,Centrum Beeldende Kunst,Arnhem,Gelderland,,,NL,,,,unknown,draft,unreviewed,Provinciale lijst; adres en actuele status nog controleren.,https://nl.wikipedia.org/wiki/Lijst_van_musea_in_Gelderland,beeldhouwkunst | kunst
0d3e14dd-0c40-58e6-aad6-f6ebfda57dc0,wikipedia:Gelderland:erfgoedcentrumrozet:arnhem,Erfgoedcentrum Rozet,Arnhem,Gelderland,,,NL,,,,unknown,draft,unreviewed,Provinciale lijst; adres en actuele status nog controleren.,https://nl.wikipedia.org/wiki/Lijst_van_musea_in_Gelderland,
110669ee-33f8-5e51-9df9-a2dd4644b915,museum-nl:eusebiuskerk-arnhem,Eusebiuskerk Arnhem,Arnhem,Gelderland,Kerkplein 1,6811 EB,NL,https://eusebius.nl/,51.979058,5.909649,unknown,draft,unreviewed,Bronvermelding is geen controle van actuele opening of toegankelijkheid. Provincie afgeleid uit plaatsnaam in provinciale lijst; controleren.,https://www.museum.nl/nl/eusebiuskerk-arnhem,
15cd8730-0466-5b54-96e2-740df61196d7,wikipedia:Gelderland:huiszijpendaal:arnhem,Huis Zijpendaal,Arnhem,Gelderland,,,NL,,,,unknown,draft,unreviewed,Provinciale lijst; adres en actuele status nog controleren.,https://nl.wikipedia.org/wiki/Lijst_van_musea_in_Gelderland,
64ed0fac-44a6-5985-9f2c-40e871ab8191,museum-nl:huis-zypendaal,Huis Zypendaal,Arnhem,Gelderland,Zypendaalseweg 44,6814 CL,NL,https://www.glk.nl/zypendaal,51.999238,5.893023,unknown,draft,unreviewed,Bronvermelding is geen controle van actuele opening of toegankelijkheid. Provincie afgeleid uit plaatsnaam in provinciale lijst; controleren.,https://www.museum.nl/nl/huis-zypendaal,
c3ff4d29-40e4-550b-a61f-480049ff03d0,museum-nl:museum-arnhem,Museum Arnhem,Arnhem,Gelderland,Utrechtseweg 87,6812 AA,NL,https://www.museumarnhem.nl/,51.985491,5.8922,unknown,draft,unreviewed,Bronvermelding is geen controle van actuele opening of toegankelijkheid.,https://www.museum.nl/nl/museum-arnhem | https://nl.wikipedia.org/wiki/Lijst_van_musea_in_Gelderland,
8a69ebb8-7c34-51c6-859e-772a624e212a,museum-nl:museum-bronbeek,Museum Bronbeek,Arnhem,Gelderland,Velperweg 147,6824 MB,NL,https://www.bronbeek.nl/,51.995281,5.948915,unknown,draft,unreviewed,Bronvermelding is geen controle van actuele opening of toegankelijkheid.,https://www.museum.nl/nl/museum-bronbeek | https://nl.wikipedia.org/wiki/Lijst_van_musea_in_Gelderland,
2b6be836-97d9-50fc-8c1b-b288264b366a,wikipedia:Gelderland:museumvliegbasisdeelen:arnhem,Museum vliegbasis Deelen,Arnhem,Gelderland,,,NL,,,,unknown,draft,unreviewed,Provinciale lijst; adres en actuele status nog controleren.,https://nl.wikipedia.org/wiki/Lijst_van_musea_in_Gelderland,
44446d9d-27d1-551c-9544-2dc8e9736fa3,museum-nl:nederlands-openluchtmuseum,Nederlands Openluchtmuseum,Arnhem,Gelderland,Hoeferlaan 4,6816 SG,NL,https://www.openluchtmuseum.nl,52.00809,5.907217,unknown,draft,unreviewed,Bronvermelding is geen controle van actuele opening of toegankelijkheid.,https://www.museum.nl/nl/nederlands-openluchtmuseum | https://nl.wikipedia.org/wiki/Lijst_van_musea_in_Gelderland,openlucht
99896544-2db1-501f-b2ca-cfba8caad63c,museum-nl:nederlands-watermuseum,Nederlands Watermuseum,Arnhem,Gelderland,Zijpendaalseweg 26-28,6814 CL,NL,https://www.watermuseum.nl,51.988856,5.901373,unknown,draft,unreviewed,Bronvermelding is geen controle van actuele opening of toegankelijkheid.,https://www.museum.nl/nl/nederlands-watermuseum | https://nl.wikipedia.org/wiki/Lijst_van_musea_in_Gelderland,
7172e339-d48b-50ca-a7c8-f1bfab913ea9,wikipedia:Gelderland:nederlandswijnmuseum:arnhem,Nederlands Wijnmuseum,Arnhem,Gelderland,,,NL,,,,unknown,draft,unreviewed,Provinciale lijst; adres en actuele status nog controleren.,https://nl.wikipedia.org/wiki/Lijst_van_musea_in_Gelderland,
be7ae9fc-3ebe-5d1c-beb8-5c4c6fa0ac1c,museum-nl:post-arnhem,POST Arnhem,Arnhem,Gelderland,Weverstraat 40,6811 EM,NL,https://www.platformpost.nl/,51.980928,5.906528,unknown,draft,unreviewed,Bronvermelding is geen controle van actuele opening of toegankelijkheid. Provincie afgeleid uit plaatsnaam in provinciale lijst; controleren.,https://www.museum.nl/nl/post-arnhem,
3a5efcb8-cf4d-5b14-97b5-4088d0eaf594,wikipedia:Gelderland:vitesseshomeofhistory:arnhem,Vitesse's Home of History,Arnhem,Gelderland,,,NL,,,,unknown,draft,unreviewed,Provinciale lijst; adres en actuele status nog controleren.,https://nl.wikipedia.org/wiki/Lijst_van_musea_in_Gelderland,geschiedenis
7c50d2e4-f292-5afa-9b35-6a22475134ed,wikipedia:Gelderland:hetminidome:asperen,Het Minidome,Asperen,Gelderland,,,NL,,,,unknown,draft,unreviewed,Provinciale lijst; adres en actuele status nog controleren.,https://nl.wikipedia.org/wiki/Lijst_van_musea_in_Gelderland,
ff0e51b5-15d8-59e2-b1b8-ee1906077251,wikipedia:Gelderland:borduurmuseum:barneveld,Borduurmuseum,Barneveld,Gelderland,,,NL,,,,unknown,draft,unreviewed,Provinciale lijst; adres en actuele status nog controleren.,https://nl.wikipedia.org/wiki/Lijst_van_musea_in_Gelderland,
36759f22-8af4-51a6-aeb4-e1b033136f8a,museum-nl:museum-nairac,Museum Nairac,Barneveld,Gelderland,Brouwerstraat 1,3771 HA,NL,https://www.nairac.nl,52.140566,5.584344,unknown,draft,unreviewed,Bronvermelding is geen controle van actuele opening of toegankelijkheid.,https://www.museum.nl/nl/museum-nairac | https://nl.wikipedia.org/wiki/Lijst_van_musea_in_Gelderland,
b057df23-7b18-5194-8078-36b86b68bbed,museum-nl:nederlands-pluimveemuseum,Nederlands Pluimveemuseum,Barneveld,Gelderland,Hessenweg 2a,3771 RB,NL,https://www.pluimveemuseum.nl,52.131939,5.602165,unknown,draft,unreviewed,Bronvermelding is geen controle van actuele opening of toegankelijkheid.,https://www.museum.nl/nl/nederlands-pluimveemuseum | https://nl.wikipedia.org/wiki/Lijst_van_musea_in_Gelderland,
b62b3948-1bd4-5fea-8660-f00be4823a4e,wikipedia:Gelderland:oudeambachtenspeelgoedmuseum:barneveld,Oude Ambachten & Speelgoed Museum,Barneveld,Gelderland,,,NL,,,,unknown,draft,unreviewed,Provinciale lijst; adres en actuele status nog controleren.,https://nl.wikipedia.org/wiki/Lijst_van_musea_in_Gelderland,
850dcbeb-8c82-53ed-ac43-1831a19efa25,wikipedia:Gelderland:landschapmuseum:beekubbergen,Landschapmuseum,Beek-Ubbergen,Gelderland,,,NL,,,,unknown,draft,unreviewed,Provinciale lijst; adres en actuele status nog controleren.,https://nl.wikipedia.org/wiki/Lijst_van_musea_in_Gelderland,
a532a62d-0f15-5c12-92cb-c788a063a362,museum-nl:museum-tweestromenland,Museum Tweestromenland,Beneden-Leeuwen,Gelderland,Pastoor Zijlmansstraat  3,6658 EE,NL,http://www.museumtweestromenland.nl,51.881405,5.517186,unknown,draft,unreviewed,Bronvermelding is geen controle van actuele opening of toegankelijkheid.,https://www.museum.nl/nl/museum-tweestromenland | https://nl.wikipedia.org/wiki/Lijst_van_musea_in_Gelderland,
99f1e095-8ffb-5c60-a842-47d10ae1304f,wikipedia:Gelderland:kijkluistermuseum:bennekom,Kijk & Luistermuseum,Bennekom,Gelderland,,,NL,,,,unknown,draft,unreviewed,Provinciale lijst; adres en actuele status nog controleren.,https://nl.wikipedia.org/wiki/Lijst_van_musea_in_Gelderland,
950d4f82-eb8c-5005-a5f7-5478402c32d7,museum-nl:kijk-en-luistermuseum,Kijk en Luistermuseum,Bennekom,Gelderland,Kerkstraat 1,6721 VA,NL,https://www.kijkenluistermuseum.nl,51.997645,5.675384,unknown,draft,unreviewed,Bronvermelding is geen controle van actuele opening of toegankelijkheid. Provincie afgeleid uit plaatsnaam in provinciale lijst; controleren.,https://www.museum.nl/nl/kijk-en-luistermuseum,
a51aae02-fcf1-502e-9537-58ea8aea9813,wikipedia:Gelderland:afrikamuseum:bergendal,Afrika Museum,Berg en Dal,Gelderland,,,NL,,,,unknown,draft,unreviewed,Provinciale lijst; adres en actuele status nog controleren.,https://nl.wikipedia.org/wiki/Lijst_van_musea_in_Gelderland,
49261578-2d7b-54f0-97eb-b7da051cf40b,wikipedia:Gelderland:museumparkorientalisheiliglandstichting:bergendal,Museumpark Orientalis Heilig Land Stichting,Berg en Dal,Gelderland,,,NL,,,,unknown,draft,unreviewed,Provinciale lijst; adres en actuele status nog controleren.,https://nl.wikipedia.org/wiki/Lijst_van_musea_in_Gelderland,
814d3117-16c4-5f55-8619-294464892e49,wikipedia:Gelderland:vrijheidsmuseum:bergendal,Vrijheidsmuseum,Berg en Dal,Gelderland,,,NL,,,,unknown,draft,unreviewed,Provinciale lijst; adres en actuele status nog controleren.,https://nl.wikipedia.org/wiki/Lijst_van_musea_in_Gelderland,
3325c3a3-de3d-51cd-9a21-515af8ff255b,wikipedia:Gelderland:boerderijmuseumdelebbenbrugge:borculo,Boerderijmuseum De Lebbenbrugge,Borculo,Gelderland,,,NL,,,,unknown,draft,unreviewed,Provinciale lijst; adres en actuele status nog controleren.,https://nl.wikipedia.org/wiki/Lijst_van_musea_in_Gelderland,
0193ba64-aca4-56ea-9b91-9ca9342fdffa,wikipedia:Gelderland:brandweermuseumborculo:borculo,Brandweermuseum Borculo,Borculo,Gelderland,,,NL,,,,unknown,draft,unreviewed,Provinciale lijst; adres en actuele status nog controleren.,https://nl.wikipedia.org/wiki/Lijst_van_musea_in_Gelderland,
1bfc79ba-36ac-56b5-99a9-1a86701bbc9f,wikipedia:Gelderland:kristalmuseum:borculo,Kristalmuseum,Borculo,Gelderland,,,NL,,,,unknown,draft,unreviewed,Provinciale lijst; adres en actuele status nog controleren.,https://nl.wikipedia.org/wiki/Lijst_van_musea_in_Gelderland,
bf4b3069-5f5f-526a-b0b7-f6fe3b3f859d,wikipedia:Gelderland:museumdebezinning194045:borculo,Museum 'De Bezinning 1940-45',Borculo,Gelderland,,,NL,,,,unknown,draft,unreviewed,Provinciale lijst; adres en actuele status nog controleren.,https://nl.wikipedia.org/wiki/Lijst_van_musea_in_Gelderland,
66e7c153-41d5-5b0d-b977-821649b02b89,wikipedia:Gelderland:radiomuseumborculo:borculo,Radiomuseum Borculo,Borculo,Gelderland,,,NL,,,,unknown,draft,unreviewed,Provinciale lijst; adres en actuele status nog controleren.,https://nl.wikipedia.org/wiki/Lijst_van_musea_in_Gelderland,
d31344cc-1d26-5d6e-982e-7ac218564afa,wikipedia:Gelderland:speelgoedmuseumtoygallery:brummen,Speelgoedmuseum Toy Gallery,Brummen,Gelderland,,,NL,,,,closed,draft,unreviewed,Mogelijk historisch/gesloten. Provinciale lijst; adres en actuele status nog controleren.,https://nl.wikipedia.org/wiki/Lijst_van_musea_in_Gelderland,
3858f827-1c6e-52ea-acf6-ff45e393e5f3,museum-nl:marechausseemuseum,Marechausseemuseum,Buren,Gelderland,Weeshuisstraat 9,4116 BN,NL,https://www.marechausseemuseum.nl,51.911813,5.336346,unknown,draft,unreviewed,Bronvermelding is geen controle van actuele opening of toegankelijkheid.,https://www.museum.nl/nl/marechausseemuseum | https://nl.wikipedia.org/wiki/Lijst_van_musea_in_Gelderland,
98365d30-89a0-53c3-ac9d-849603d21b25,wikipedia:Gelderland:museumburenoranje:buren,Museum Buren & Oranje,Buren,Gelderland,,,NL,,,,unknown,draft,unreviewed,Provinciale lijst; adres en actuele status nog controleren.,https://nl.wikipedia.org/wiki/Lijst_van_musea_in_Gelderland,
69322166-bd04-5322-8e6a-40bd70493c3e,wikipedia:Gelderland:elisabethweeshuis:culemborg,Elisabeth Weeshuis,Culemborg,Gelderland,,,NL,,,,unknown,draft,unreviewed,Provinciale lijst; adres en actuele status nog controleren.,https://nl.wikipedia.org/wiki/Lijst_van_musea_in_Gelderland,
9b82032a-67a4-577f-a430-ae21119941f9,museum-nl:elisabeth-weeshuis-museum,Elisabeth Weeshuis Museum,Culemborg,Gelderland,Herenstraat 29,4101 BR,NL,https://www.weeshuismuseum.nl,51.957352,5.222892,unknown,draft,unreviewed,Bronvermelding is geen controle van actuele opening of toegankelijkheid. Provincie afgeleid uit plaatsnaam in provinciale lijst; controleren.,https://www.museum.nl/nl/elisabeth-weeshuis-museum,
eba2df05-4a55-50c2-8eea-4dbce2456b74,wikipedia:Gelderland:elvispresleymuseum:culemborg,Elvis Presley Museum,Culemborg,Gelderland,,,NL,,,,unknown,draft,unreviewed,Provinciale lijst; adres en actuele status nog controleren.,https://nl.wikipedia.org/wiki/Lijst_van_musea_in_Gelderland,
45e1e5f2-4939-5c75-81b9-5d8a100bec76,museum-nl:florence-nightingale-instituut,Florence Nightingale Instituut,Culemborg,Gelderland,Industrieweg 6j,4104 AR,NL,https://www.fni.nl,51.942765,5.220913,unknown,draft,unreviewed,Bronvermelding is geen controle van actuele opening of toegankelijkheid. Provincie afgeleid uit plaatsnaam in provinciale lijst; controleren.,https://www.museum.nl/nl/florence-nightingale-instituut,
d47e4ff1-2398-5784-a41e-067bbceeebf8,wikipedia:Gelderland:gispenmuseum:culemborg,Gispen Museum,Culemborg,Gelderland,,,NL,,,,unknown,draft,unreviewed,Provinciale lijst; adres en actuele status nog controleren.,https://nl.wikipedia.org/wiki/Lijst_van_musea_in_Gelderland,
e05b7b57-59c3-5b57-8c41-9bd95a11aeba,wikipedia:Gelderland:janvanriebeeckhuis:culemborg,Jan van Riebeeckhuis,Culemborg,Gelderland,,,NL,,,,unknown,draft,unreviewed,Provinciale lijst; adres en actuele status nog controleren.,https://nl.wikipedia.org/wiki/Lijst_van_musea_in_Gelderland,
5fe11f64-05bc-526e-8013-b6229531fd87,wikipedia:Gelderland:kasteeltuinculemborg:culemborg,Kasteeltuin Culemborg,Culemborg,Gelderland,,,NL,,,,unknown,draft,unreviewed,Provinciale lijst; adres en actuele status nog controleren.,https://nl.wikipedia.org/wiki/Lijst_van_musea_in_Gelderland,
0adf7204-a968-5266-913e-92c21e7e3ca8,wikipedia:Gelderland:grenslandmuseum:dinxperlo,Grenslandmuseum,Dinxperlo,Gelderland,,,NL,,,,unknown,draft,unreviewed,Provinciale lijst; adres en actuele status nog controleren.,https://nl.wikipedia.org/wiki/Lijst_van_musea_in_Gelderland,
4f19894c-1206-5e52-aa53-4f09ed3a040d,museum-nl:grenslandmuseum-dinxperlo,Grenslandmuseum Dinxperlo,Dinxperlo,Gelderland,Markt 3,7091 CJ,NL,https://www.grenslandmuseum.nl,51.861362,6.487858,unknown,draft,unreviewed,Bronvermelding is geen controle van actuele opening of toegankelijkheid. Provincie afgeleid uit plaatsnaam in provinciale lijst; controleren.,https://www.museum.nl/nl/grenslandmuseum-dinxperlo,
cb87d4f3-78a5-5fb8-b92b-6377ccfa242b,museum-nl:lalique-museum,Lalique Museum,Doesburg,Gelderland,Gasthuisstraaat 1,6981 CP,NL,https://www.laliquemuseum.nl/,52.015227,6.134685,unknown,draft,unreviewed,Bronvermelding is geen controle van actuele opening of toegankelijkheid.,https://www.museum.nl/nl/lalique-museum | https://nl.wikipedia.org/wiki/Lijst_van_musea_in_Gelderland,
f07c2044-1dea-515b-bad1-655bcf5eb846,wikipedia:Gelderland:mosterdmuseum:doesburg,Mosterdmuseum,Doesburg,Gelderland,,,NL,,,,unknown,draft,unreviewed,Provinciale lijst; adres en actuele status nog controleren.,https://nl.wikipedia.org/wiki/Lijst_van_musea_in_Gelderland,
a0562f6a-d41a-5183-bbb6-519b5f919a14,museum-nl:openbaar-vervoer-speelgoed-museum-doesburg,Openbaar Vervoer & Speelgoed Museum Doesburg,Doesburg,Gelderland,Meipoortstraat 39,6981 DJ,NL,https://www.ovspeelgoedmuseum.nl,52.013905,6.137437,unknown,draft,unreviewed,Bronvermelding is geen controle van actuele opening of toegankelijkheid. Provincie afgeleid uit plaatsnaam in provinciale lijst; controleren.,https://www.museum.nl/nl/openbaar-vervoer-speelgoed-museum-doesburg,
e852e386-1ed0-502e-84e1-6200d2e374fd,wikipedia:Gelderland:streekmuseumderoodetoren:doesburg,Streekmuseum De Roode Toren,Doesburg,Gelderland,,,NL,,,,unknown,draft,unreviewed,Provinciale lijst; adres en actuele status nog controleren.,https://nl.wikipedia.org/wiki/Lijst_van_musea_in_Gelderland,streekgeschiedenis
27fc119f-7ac3-55d8-9af1-eb5109f3dc0e,wikipedia:Gelderland:openbaarvervoerspeelgoedmuseum:doetinchem,Openbaar Vervoer & Speelgoed Museum,Doetinchem,Gelderland,,,NL,,,,unknown,draft,unreviewed,Provinciale lijst; adres en actuele status nog controleren.,https://nl.wikipedia.org/wiki/Lijst_van_musea_in_Gelderland,
364d8ea9-c67f-5df9-b973-6d09b7e16162,museum-nl:stadsmuseum-doetinchem,Stadsmuseum Doetinchem,Doetinchem,Gelderland,Burgemeester van Nispenstraat 2,7001 BS,NL,https://www.stadsmuseumdoetinchem.nl/,51.96715,6.289729,unknown,draft,unreviewed,Bronvermelding is geen controle van actuele opening of toegankelijkheid.,https://www.museum.nl/nl/stadsmuseum-doetinchem | https://nl.wikipedia.org/wiki/Lijst_van_musea_in_Gelderland,streekgeschiedenis
c048bbc4-6bfa-5a88-928b-11be117d1370,museum-nl:kasteel-doorwerth,Kasteel Doorwerth,Doorwerth,Gelderland,Fonteinallee 2B,6865 ND,NL,https://www.glk.nl/doorwerth,51.966704,5.788797,unknown,draft,unreviewed,Bronvermelding is geen controle van actuele opening of toegankelijkheid.,https://www.museum.nl/nl/kasteel-doorwerth | https://nl.wikipedia.org/wiki/Lijst_van_musea_in_Gelderland,
ffded4b9-b725-50f6-8e41-ddaebec64e1b,wikipedia:Gelderland:museumveluwezoom:doorwerth,Museum Veluwezoom,Doorwerth,Gelderland,,,NL,,,,unknown,draft,unreviewed,Provinciale lijst; adres en actuele status nog controleren.,https://nl.wikipedia.org/wiki/Lijst_van_musea_in_Gelderland,
8237982f-5cb9-59a5-8158-dc96414895b5,wikipedia:Gelderland:museumvoornatuurenwildbeheer:doorwerth,Museum voor Natuur- en Wildbeheer,Doorwerth,Gelderland,,,NL,,,,unknown,draft,unreviewed,Provinciale lijst; adres en actuele status nog controleren.,https://nl.wikipedia.org/wiki/Lijst_van_musea_in_Gelderland,natuur
55210abb-d85c-58fc-b602-e6bf82592862,wikipedia:Gelderland:metropoledrutenautomuseum:druten,Metropole Druten Automuseum,Druten,Gelderland,,,NL,,,,unknown,draft,unreviewed,Provinciale lijst; adres en actuele status nog controleren.,https://nl.wikipedia.org/wiki/Lijst_van_musea_in_Gelderland,vervoer
6d543b4c-287c-56d4-be83-eb300c3a80f1,museum-nl:historisch-museum-ede,Historisch Museum Ede,Ede,Gelderland,Molenstraat 45,6711 AW,NL,https://www.historischmuseumede.nl,52.046408,5.667229,unknown,draft,unreviewed,Bronvermelding is geen controle van actuele opening of toegankelijkheid.,https://www.museum.nl/nl/historisch-museum-ede | https://nl.wikipedia.org/wiki/Lijst_van_musea_in_Gelderland,geschiedenis
18357f9c-80bd-511e-8d05-8678d905bd67,wikipedia:Gelderland:museumdescherper:eibergen,Museum De Scherper,Eibergen,Gelderland,,,NL,,,,unknown,draft,unreviewed,Provinciale lijst; adres en actuele status nog controleren.,https://nl.wikipedia.org/wiki/Lijst_van_musea_in_Gelderland,
d782707b-e4e3-52ef-8cbf-31e9cf3db00b,museum-nl:museum-de-scheper,Museum de Scheper,Eibergen,Gelderland,Hagen 24,7151 CA,NL,https://www.museumdescheper.nl,52.102208,6.647402,unknown,draft,unreviewed,Bronvermelding is geen controle van actuele opening of toegankelijkheid. Provincie afgeleid uit plaatsnaam in provinciale lijst; controleren.,https://www.museum.nl/nl/museum-de-scheper,
1b4dd487-4195-5f55-80e1-72bebf9a0c94,museum-nl:museum-elburg,Museum Elburg,Elburg,Gelderland,Jufferenstraat 6-8,8081 CR,NL,https://www.museumelburg.nl,52.447509,5.835695,unknown,draft,unreviewed,Bronvermelding is geen controle van actuele opening of toegankelijkheid.,https://www.museum.nl/nl/museum-elburg | https://nl.wikipedia.org/wiki/Lijst_van_musea_in_Gelderland,
7de16a77-1494-540d-8196-fd5b46d76bbe,museum-nl:museum-sjoel-elburg,Museum Sjoel Elburg,Elburg,Gelderland,Graaf Hendriksteeg 2,8081 CH,NL,https://www.sjoelelburg.nl,52.447958,5.836036,unknown,draft,unreviewed,Bronvermelding is geen controle van actuele opening of toegankelijkheid. Provincie afgeleid uit plaatsnaam in provinciale lijst; controleren.,https://www.museum.nl/nl/museum-sjoel-elburg,
9c752a4f-b143-58e5-88db-50c55e71250f,museum-nl:nationaal-orgelmuseum,Nationaal Orgelmuseum,Elburg,Gelderland,Van Kinsbergstraat 5,8081 CL,NL,https://www.nationaalorgelmuseum.nl,52.448717,5.835168,unknown,draft,unreviewed,Bronvermelding is geen controle van actuele opening of toegankelijkheid.,https://www.museum.nl/nl/nationaal-orgelmuseum | https://nl.wikipedia.org/wiki/Lijst_van_musea_in_Gelderland,
525f2cb5-7579-5a8e-b767-cce27a8eb7c8,wikipedia:Gelderland:sjoelelburg:elburg,Sjoel Elburg,Elburg,Gelderland,,,NL,,,,unknown,draft,unreviewed,Provinciale lijst; adres en actuele status nog controleren.,https://nl.wikipedia.org/wiki/Lijst_van_musea_in_Gelderland,
800f70e5-4531-5360-8a99-8d67d2b28bbc,museum-nl:veluws-museum-hagedoorns-plaatse,Veluws Museum Hagedoorns Plaatse,Epe,Gelderland,Ledderweg 11,8161 SZ,NL,https://www.hagedoornsplaatse.nl,52.335012,5.994289,unknown,draft,unreviewed,Bronvermelding is geen controle van actuele opening of toegankelijkheid. Provincie afgeleid uit plaatsnaam in provinciale lijst; controleren.,https://www.museum.nl/nl/veluws-museum-hagedoorns-plaatse,
924f6ff2-7ecc-5491-9fc0-1334db5f825d,wikipedia:Gelderland:veluwsstreekmuseum:epe,Veluws Streekmuseum,Epe,Gelderland,,,NL,,,,unknown,draft,unreviewed,Provinciale lijst; adres en actuele status nog controleren.,https://nl.wikipedia.org/wiki/Lijst_van_musea_in_Gelderland,streekgeschiedenis
023e2996-4138-527d-b657-21167ab6dd6c,wikipedia:Gelderland:betuwsfruitteeltmuseum:erichem,Betuws Fruitteelt Museum,Erichem,Gelderland,,,NL,,,,unknown,draft,unreviewed,Provinciale lijst; adres en actuele status nog controleren.,https://nl.wikipedia.org/wiki/Lijst_van_musea_in_Gelderland,
5cf14a42-396e-5ac6-8dca-70b2c67a7fe0,museum-nl:museum-het-pakhuis,Museum Het Pakhuis,Ermelo,Gelderland,Molenaarsplein 24,3851 MZ,NL,https://www.hetpakhuisermelo.nl,52.301228,5.629076,unknown,draft,unreviewed,Bronvermelding is geen controle van actuele opening of toegankelijkheid.,https://www.museum.nl/nl/museum-het-pakhuis | https://nl.wikipedia.org/wiki/Lijst_van_musea_in_Gelderland,
a8738d5f-fdb9-5c38-b4c6-0a3241bdd783,wikipedia:Gelderland:oorlogsmuseumniemandsland:gendt,Oorlogsmuseum Niemandsland,Gendt,Gelderland,,,NL,,,,unknown,draft,unreviewed,Provinciale lijst; adres en actuele status nog controleren.,https://nl.wikipedia.org/wiki/Lijst_van_musea_in_Gelderland,geschiedenis
29dda0c4-dea0-55dd-a9e6-35fe6ddad31b,museum-nl:museum-more,Museum MORE,Gorssel,Gelderland,Hoofdstraat 28,7213 CW,NL,https://www.museummore.nl,52.199463,6.200584,unknown,draft,unreviewed,Bronvermelding is geen controle van actuele opening of toegankelijkheid.,https://www.museum.nl/nl/museum-more | https://nl.wikipedia.org/wiki/Lijst_van_musea_in_Gelderland,
91582738-2ca3-59cb-911a-8d795de4f410,wikipedia:Gelderland:brouwerijmuseum:groenlo,Brouwerijmuseum,Groenlo,Gelderland,,,NL,,,,unknown,draft,unreviewed,Provinciale lijst; adres en actuele status nog controleren.,https://nl.wikipedia.org/wiki/Lijst_van_musea_in_Gelderland,
e6384986-4c41-5020-9a81-ea08c772100d,museum-nl:nationaal-museum-tachtigjarige-oorlog,Nationaal Museum Tachtigjarige Oorlog,Groenlo,Gelderland,Mattelierstraat 5,7141 BP,NL,https://www.nmto.nl,52.042346,6.617773,unknown,draft,unreviewed,Bronvermelding is geen controle van actuele opening of toegankelijkheid.,https://www.museum.nl/nl/nationaal-museum-tachtigjarige-oorlog | https://nl.wikipedia.org/wiki/Lijst_van_musea_in_Gelderland,geschiedenis
2ae389b9-f979-5cea-9299-10aba6a005a5,museum-nl:stadsmuseum-groenlo,Stadsmuseum Groenlo,Groenlo,Gelderland,Mattelierstraat 33,7141 BP,NL,https://www.stadsmuseumgroenlo.nl,52.041058,6.619253,unknown,draft,unreviewed,Bronvermelding is geen controle van actuele opening of toegankelijkheid.,https://www.museum.nl/nl/stadsmuseum-groenlo | https://nl.wikipedia.org/wiki/Lijst_van_musea_in_Gelderland,streekgeschiedenis
5b6ce31e-cb00-5180-ae35-e04007b4ddbe,museum-nl:vrijheidsmuseum,Vrijheidsmuseum,Groesbeek,Gelderland,Wylerbaan 4,6561 KR,NL,https://vrijheidsmuseum.nl/,51.785667,5.936437,unknown,draft,unreviewed,Bronvermelding is geen controle van actuele opening of toegankelijkheid.,https://www.museum.nl/nl/vrijheidsmuseum | https://nl.wikipedia.org/wiki/Lijst_van_musea_in_Gelderland,
7bfde0cc-1bc8-5d12-a2c8-e102714496da,museum-nl:marius-van-dokkum-museum,Marius van Dokkum Museum,Harderwijk,Gelderland,Academiestraat 14,3841 ES,NL,https://www.mariusvandokkummuseum.nl,52.348195,5.618281,unknown,draft,unreviewed,Bronvermelding is geen controle van actuele opening of toegankelijkheid.,https://www.museum.nl/nl/marius-van-dokkum-museum | https://nl.wikipedia.org/wiki/Lijst_van_musea_in_Gelderland,
d721f868-d6d3-550a-a404-e79adc25b431,museum-nl:stadsmuseum-harderwijk,Stadsmuseum Harderwijk,Harderwijk,Gelderland,Donkerstraat 4,3841 CC,NL,https://www.stadsmuseum-harderwijk.nl,52.34786,5.61624,unknown,draft,unreviewed,Bronvermelding is geen controle van actuele opening of toegankelijkheid.,https://www.museum.nl/nl/stadsmuseum-harderwijk | https://nl.wikipedia.org/wiki/Lijst_van_musea_in_Gelderland,streekgeschiedenis
962921a1-f173-54e7-b4fd-6fcdafe873de,museum-nl:anton-pieck-museum,Anton Pieck Museum,Hattem,Gelderland,Noordwal 31,8051 ES,NL,https://www.antonpieckmuseum.nl/,52.475458,6.067223,unknown,draft,unreviewed,Bronvermelding is geen controle van actuele opening of toegankelijkheid.,https://www.museum.nl/nl/anton-pieck-museum | https://nl.wikipedia.org/wiki/Lijst_van_musea_in_Gelderland,
0a49f0fd-e39d-5bcb-8845-a5dacca67f89,wikipedia:Gelderland:bakkerijmuseumhetwarmeland:hattem,Bakkerijmuseum Het Warme Land,Hattem,Gelderland,,,NL,,,,unknown,draft,unreviewed,Provinciale lijst; adres en actuele status nog controleren.,https://nl.wikipedia.org/wiki/Lijst_van_musea_in_Gelderland,
243a7266-5279-5183-91c7-15f6deae7d6a,museum-nl:nederlands-bakkerijmuseum,Nederlands Bakkerijmuseum,Hattem,Gelderland,Kerkhofstraat 13,8051 GG,NL,https://www.bakkerijmuseum.nl,52.474568,6.071328,unknown,draft,unreviewed,Bronvermelding is geen controle van actuele opening of toegankelijkheid. Provincie afgeleid uit plaatsnaam in provinciale lijst; controleren.,https://www.museum.nl/nl/nederlands-bakkerijmuseum,
555af903-7bed-5d6e-b52e-de3b7909bc55,wikipedia:Gelderland:voermanmuseumhattem:hattem,Voerman Museum Hattem,Hattem,Gelderland,,,NL,,,,unknown,draft,unreviewed,Provinciale lijst; adres en actuele status nog controleren.,https://nl.wikipedia.org/wiki/Lijst_van_musea_in_Gelderland,
330fc1ea-d238-5718-84e7-8ef53bd10701,museum-nl:voerman-stadsmuseum-hattem,Voerman Stadsmuseum Hattem,Hattem,Gelderland,Achterstraat 46-48,8051 GC,NL,https://voermanstadsmuseumhattem.nl/,52.47513,6.067162,unknown,draft,unreviewed,Bronvermelding is geen controle van actuele opening of toegankelijkheid. Provincie afgeleid uit plaatsnaam in provinciale lijst; controleren.,https://www.museum.nl/nl/voerman-stadsmuseum-hattem,streekgeschiedenis
ecb8a609-ad67-52c7-96ce-221e4d94a85f,wikipedia:Gelderland:historischmuseumhedel:hedel,Historisch Museum Hedel,Hedel,Gelderland,,,NL,,,,unknown,draft,unreviewed,Provinciale lijst; adres en actuele status nog controleren.,https://nl.wikipedia.org/wiki/Lijst_van_musea_in_Gelderland,geschiedenis
c005225c-b7e5-5ec8-8185-d254f4a2d19a,museum-nl:museumpark-orientalis,Museumpark Orientalis,Heilig Landstichting,Gelderland,Profetenlaan 2,6564 BL,NL,https://www.museumparkorientalis.nl/,51.816112,5.892227,unknown,draft,unreviewed,Bronvermelding is geen controle van actuele opening of toegankelijkheid. Provincie afgeleid uit plaatsnaam in provinciale lijst; controleren.,https://www.museum.nl/nl/museumpark-orientalis,
e60ec56d-79dd-5719-bb97-9d9bff0e98fb,wikipedia:Gelderland:museumparkorientalisheiliglandstichting:heiliglandstichting,Museumpark Orientalis Heilig Land Stichting,Heilig Landstichting,Gelderland,,,NL,,,,unknown,draft,unreviewed,Provinciale lijst; adres en actuele status nog controleren.,https://nl.wikipedia.org/wiki/Lijst_van_musea_in_Gelderland,
aa0287f5-ae3a-524f-b7a5-44e60a361b1b,wikipedia:Gelderland:achterhoeksmuseum19401945:hengelo,Achterhoeks Museum 1940-1945,Hengelo,Gelderland,,,NL,,,,unknown,draft,unreviewed,Provinciale lijst; adres en actuele status nog controleren.,https://nl.wikipedia.org/wiki/Lijst_van_musea_in_Gelderland,
370ffb30-da67-53aa-96a9-a7ee20a02fe8,wikipedia:Gelderland:betuwsoorlogsmuseumtheisland19441945:heteren,"Betuws Oorlogsmuseum ""The Island"" 1944-1945",Heteren,Gelderland,,,NL,,,,unknown,draft,unreviewed,Provinciale lijst; adres en actuele status nog controleren.,https://nl.wikipedia.org/wiki/Lijst_van_musea_in_Gelderland,geschiedenis
7d69900d-4eaf-59d3-a0bc-f72a560f33c3,wikipedia:Gelderland:geldersesmalspoorstichting:heteren,Gelderse Smalspoor Stichting,Heteren,Gelderland,,,NL,,,,unknown,draft,unreviewed,Provinciale lijst; adres en actuele status nog controleren.,https://nl.wikipedia.org/wiki/Lijst_van_musea_in_Gelderland,vervoer
513e04e1-f0c6-50d3-be8b-de4cd63e1d44,wikipedia:Gelderland:ateliermuseummarishuis:heumen,Ateliermuseum Maris Huis,Heumen,Gelderland,,,NL,,,,unknown,draft,unreviewed,Provinciale lijst; adres en actuele status nog controleren.,https://nl.wikipedia.org/wiki/Lijst_van_musea_in_Gelderland,
a2f65227-70a5-54f2-8409-df659365658a,wikipedia:Gelderland:aardhuis:hoogsoeren,Aardhuis,Hoog Soeren,Gelderland,,,NL,,,,unknown,draft,unreviewed,Provinciale lijst; adres en actuele status nog controleren.,https://nl.wikipedia.org/wiki/Lijst_van_musea_in_Gelderland,
f6ac32b4-1854-5c73-8a96-8240b00acfcf,wikipedia:Gelderland:meavotatuinbouwmuseumdehofsteej:huissen,Mea Vota Tuinbouwmuseum De Hofstèèj,Huissen,Gelderland,,,NL,,,,unknown,draft,unreviewed,Provinciale lijst; adres en actuele status nog controleren.,https://nl.wikipedia.org/wiki/Lijst_van_musea_in_Gelderland,
2709bfe9-99aa-57ca-a0e8-434c24e9a5bc,wikipedia:Gelderland:stadsmuseumhofvanhessen:huissen,Stadsmuseum Hof van Hessen,Huissen,Gelderland,,,NL,,,,unknown,draft,unreviewed,Provinciale lijst; adres en actuele status nog controleren.,https://nl.wikipedia.org/wiki/Lijst_van_musea_in_Gelderland,streekgeschiedenis
a78d75f5-eaed-58ea-bef8-439d5ee94c4c,wikipedia:Gelderland:haardplatenmuseum:klarenbeek,Haardplatenmuseum,Klarenbeek,Gelderland,,,NL,,,,unknown,draft,unreviewed,Provinciale lijst; adres en actuele status nog controleren.,https://nl.wikipedia.org/wiki/Lijst_van_musea_in_Gelderland,
5debc9df-f09d-5e12-8dce-6575b4860858,wikipedia:Gelderland:ervekots:lievelde,Erve Kots,Lievelde,Gelderland,,,NL,,,,unknown,draft,unreviewed,Provinciale lijst; adres en actuele status nog controleren.,https://nl.wikipedia.org/wiki/Lijst_van_musea_in_Gelderland,
2ed757d0-dddb-56cc-8f21-1343b83dc18c,wikipedia:Gelderland:fortpannerden:lingewaard,Fort Pannerden,Lingewaard,Gelderland,,,NL,,,,unknown,draft,unreviewed,Provinciale lijst; adres en actuele status nog controleren.,https://nl.wikipedia.org/wiki/Lijst_van_musea_in_Gelderland,
49faa10f-9b86-5b28-825c-de883f95018f,wikipedia:Gelderland:kasteeldoornenburg:lingewaard,Kasteel Doornenburg,Lingewaard,Gelderland,,,NL,,,,unknown,draft,unreviewed,Provinciale lijst; adres en actuele status nog controleren.,https://nl.wikipedia.org/wiki/Lijst_van_musea_in_Gelderland,
e4acecfc-5574-5fa0-a493-3b80606dc0db,wikipedia:Gelderland:meavotatuinbouwmuseumdehofsteej:lingewaard,Mea Vota Tuinbouwmuseum De Hofstèèj,Lingewaard,Gelderland,,,NL,,,,unknown,draft,unreviewed,Provinciale lijst; adres en actuele status nog controleren.,https://nl.wikipedia.org/wiki/Lijst_van_musea_in_Gelderland,
1f619a00-0d4b-5539-97f4-7bd22b608e7f,wikipedia:Gelderland:stadsmuseumhofvanhessen:lingewaard,Stadsmuseum Hof van Hessen,Lingewaard,Gelderland,,,NL,,,,unknown,draft,unreviewed,Provinciale lijst; adres en actuele status nog controleren.,https://nl.wikipedia.org/wiki/Lijst_van_musea_in_Gelderland,streekgeschiedenis
fea4a570-058e-5ccd-94e8-11be162288d9,wikipedia:Gelderland:demiddelstemolen:loenen,De Middelste Molen,Loenen,Gelderland,,,NL,,,,unknown,draft,unreviewed,Provinciale lijst; adres en actuele status nog controleren.,https://nl.wikipedia.org/wiki/Lijst_van_musea_in_Gelderland,
8f0bb5ba-5294-5cca-9eac-808ed301a5aa,wikipedia:Gelderland:accordeonmuseumdemuse:malden,Accordeonmuseum De Muse,Malden,Gelderland,,,NL,,,,unknown,draft,unreviewed,Provinciale lijst; adres en actuele status nog controleren.,https://nl.wikipedia.org/wiki/Lijst_van_musea_in_Gelderland,
a486c414-9c3c-5628-b94b-c3d615a3371f,wikipedia:Gelderland:192museum:nijkerk,192 Museum,Nijkerk,Gelderland,,,NL,,,,unknown,draft,unreviewed,Provinciale lijst; adres en actuele status nog controleren.,https://nl.wikipedia.org/wiki/Lijst_van_musea_in_Gelderland,
24f911a0-49e7-5b98-b7aa-35e6007c0099,museum-nl:museum-nijkerk,Museum Nijkerk,Nijkerk,Gelderland,Venestraat 16,3861 BX,NL,https://www.museumnijkerk.nl,52.222021,5.483455,unknown,draft,unreviewed,Bronvermelding is geen controle van actuele opening of toegankelijkheid.,https://www.museum.nl/nl/museum-nijkerk | https://nl.wikipedia.org/wiki/Lijst_van_musea_in_Gelderland,
a4ed82e5-042f-5d10-9d66-7b77acc5b6c1,wikipedia:Gelderland:huisvandenijmeegsegeschiedenis:nijmegen,Huis van de Nijmeegse Geschiedenis,Nijmegen,Gelderland,,,NL,,,,unknown,draft,unreviewed,Provinciale lijst; adres en actuele status nog controleren.,https://nl.wikipedia.org/wiki/Lijst_van_musea_in_Gelderland,geschiedenis
dfb6ec19-83c8-58b8-888d-06944004028c,museum-nl:museum-de-bastei,Museum De Bastei,Nijmegen,Gelderland,Lange Baan 4,6511 XJ,NL,https://www.debastei.nl,51.848631,5.869429,unknown,draft,unreviewed,Bronvermelding is geen controle van actuele opening of toegankelijkheid. Provincie afgeleid uit plaatsnaam in provinciale lijst; controleren.,https://www.museum.nl/nl/museum-de-bastei,
9b20b45d-5cd1-5d83-bb10-d5f86eac07c4,wikipedia:Gelderland:museumhetvalkhof:nijmegen,Museum Het Valkhof,Nijmegen,Gelderland,,,NL,,,,unknown,draft,unreviewed,Provinciale lijst; adres en actuele status nog controleren.,https://nl.wikipedia.org/wiki/Lijst_van_musea_in_Gelderland,
f5c1dd87-8817-5b93-a57d-fb368b61ec3e,museum-nl:museum-kinderdorp-neerbosch,Museum Kinderdorp Neerbosch,Nijmegen,Gelderland,Scherpenkampweg 58,6545 AL,NL,http://www.museumkinderdorpneerbosch.nl,51.843209,5.798468,unknown,draft,unreviewed,Bronvermelding is geen controle van actuele opening of toegankelijkheid. Provincie afgeleid uit plaatsnaam in provinciale lijst; controleren.,https://www.museum.nl/nl/museum-kinderdorp-neerbosch,
3e8d4968-b6d7-511d-a262-2f917dc0678b,museum-nl:museum-voor-anatomie-en-pathologie,Museum voor anatomie en pathologie,Nijmegen,Gelderland,Geert Grooteplein 21,6525 EZ,NL,https://www.radboudumc.nl/afdelingen/beeldvorming/onderdelen/anatomie/museum-voor-anatomie-en-pathologie,51.824557,5.861663,unknown,draft,unreviewed,Bronvermelding is geen controle van actuele opening of toegankelijkheid.,https://www.museum.nl/nl/museum-voor-anatomie-en-pathologie | https://nl.wikipedia.org/wiki/Lijst_van_musea_in_Gelderland,
560fa242-bfd9-5cd0-b938-5c11e5d7444a,wikipedia:Gelderland:nationaalfietsmuseumvelorama:nijmegen,Nationaal Fietsmuseum Velorama,Nijmegen,Gelderland,,,NL,,,,unknown,draft,unreviewed,Provinciale lijst; adres en actuele status nog controleren.,https://nl.wikipedia.org/wiki/Lijst_van_musea_in_Gelderland,
4a28ae2b-8d34-54a5-b740-1c52c2945622,wikipedia:Gelderland:natuurmuseumnijmegen:nijmegen,Natuurmuseum Nijmegen,Nijmegen,Gelderland,,,NL,,,,unknown,draft,unreviewed,Provinciale lijst; adres en actuele status nog controleren.,https://nl.wikipedia.org/wiki/Lijst_van_musea_in_Gelderland,natuur
1db68a93-9b64-5c5e-a8bd-6d019ac08474,museum-nl:post-nijmegen,POST Nijmegen,Nijmegen,Gelderland,Waalplein 1,6541 AX,NL,https://www.platformpost.nl,51.856844,5.838081,unknown,draft,unreviewed,Bronvermelding is geen controle van actuele opening of toegankelijkheid. Provincie afgeleid uit plaatsnaam in provinciale lijst; controleren.,https://www.museum.nl/nl/post-nijmegen,
84fc77d0-d9e8-5c18-a2e9-7b379819e262,wikipedia:Gelderland:revolutiemuseumvoormodelvliegtuigen:nijmegen,"Revolutie, museum voor modelvliegtuigen",Nijmegen,Gelderland,,,NL,,,,unknown,draft,unreviewed,Provinciale lijst; adres en actuele status nog controleren.,https://nl.wikipedia.org/wiki/Lijst_van_musea_in_Gelderland,
863e77e0-5246-5809-9bea-5df18c3f00a5,wikipedia:Gelderland:stratemakerstoren:nijmegen,Stratemakerstoren,Nijmegen,Gelderland,,,NL,,,,unknown,draft,unreviewed,Provinciale lijst; adres en actuele status nog controleren.,https://nl.wikipedia.org/wiki/Lijst_van_musea_in_Gelderland,
937fab00-3fd6-5f24-a386-0f6449de242f,museum-nl:valkhof-museum,Valkhof Museum,Nijmegen,Gelderland,Kelfkensbos 59,6511 TB,NL,http://www.valkhofmuseum.nl/,51.846395,5.871275,unknown,draft,unreviewed,Bronvermelding is geen controle van actuele opening of toegankelijkheid. Provincie afgeleid uit plaatsnaam in provinciale lijst; controleren.,https://www.museum.nl/nl/valkhof-museum,
6894f3f1-0f5c-5aaf-891a-ea43ca65871b,museum-nl:muzieum,muZIEum,Nijmegen,Gelderland,Ziekerstraat 6B,6511 LH,NL,https://www.muzieum.nl,51.845011,5.863761,unknown,draft,unreviewed,Bronvermelding is geen controle van actuele opening of toegankelijkheid.,https://www.museum.nl/nl/muzieum | https://nl.wikipedia.org/wiki/Lijst_van_musea_in_Gelderland,
ffe7c7e6-0c5e-59c1-a15f-30cbab35178c,museum-nl:noord-veluws-museum,Noord-Veluws Museum,Nunspeet,Gelderland,Winckelweg 17a,8071 DN,NL,https://www.noord-veluws-museum.nl,52.374258,5.780726,unknown,draft,unreviewed,Bronvermelding is geen controle van actuele opening of toegankelijkheid.,https://www.museum.nl/nl/noord-veluws-museum | https://nl.wikipedia.org/wiki/Lijst_van_musea_in_Gelderland,
a42c3dbc-0c27-5609-9561-cec2ced206f1,wikipedia:Gelderland:airbornemuseum:oosterbeek,Airborne Museum,Oosterbeek,Gelderland,,,NL,,,,unknown,draft,unreviewed,Provinciale lijst; adres en actuele status nog controleren.,https://nl.wikipedia.org/wiki/Lijst_van_musea_in_Gelderland,
e09775ac-17d0-54f6-b9a1-e6384277c35f,museum-nl:airborne-museum-at-hartenstein,Airborne Museum at Hartenstein,Oosterbeek,Gelderland,Utrechtseweg 232,6862 AZ,NL,https://www.airbornemuseum.nl,51.987681,5.832752,unknown,draft,unreviewed,Bronvermelding is geen controle van actuele opening of toegankelijkheid. Provincie afgeleid uit plaatsnaam in provinciale lijst; controleren.,https://www.museum.nl/nl/airborne-museum-at-hartenstein,
45f722c3-7566-502a-93ee-acda64e7cdb0,museum-nl:kroller-muller-museum,Kröller-Müller Museum,Otterlo,Gelderland,Houtkampweg 6,6731 AW,NL,https://www.krollermuller.nl,52.096224,5.817664,unknown,draft,unreviewed,Bronvermelding is geen controle van actuele opening of toegankelijkheid.,https://www.museum.nl/nl/kroller-muller-museum | https://nl.wikipedia.org/wiki/Lijst_van_musea_in_Gelderland,kunst
3894e574-4131-50ff-8dc9-adfc239aa354,wikipedia:Gelderland:museonder:otterlo,Museonder,Otterlo,Gelderland,,,NL,,,,unknown,draft,unreviewed,Provinciale lijst; adres en actuele status nog controleren.,https://nl.wikipedia.org/wiki/Lijst_van_musea_in_Gelderland,
3c7d430e-34ed-50f7-b61c-d879c363892b,museum-nl:nederlands-tegelmuseum,Nederlands Tegelmuseum,Otterlo,Gelderland,Eikenzoom 12,6731 BH,NL,https://www.nederlandstegelmuseum.nl,52.098511,5.772575,unknown,draft,unreviewed,Bronvermelding is geen controle van actuele opening of toegankelijkheid.,https://www.museum.nl/nl/nederlands-tegelmuseum | https://nl.wikipedia.org/wiki/Lijst_van_musea_in_Gelderland,
657afac9-b4de-5627-85c2-13edc675c4cf,wikipedia:Gelderland:oudeambachtenspeelgoedmuseum:terschuur,Oude Ambachten & Speelgoed Museum,Terschuur,Gelderland,,,NL,,,,unknown,draft,unreviewed,Provinciale lijst; adres en actuele status nog controleren.,https://nl.wikipedia.org/wiki/Lijst_van_musea_in_Gelderland,
dda5cb80-d67b-5d84-9afc-4a044bba578a,wikipedia:Gelderland:flipjestreekmuseum:tiel,Flipje & Streekmuseum,Tiel,Gelderland,,,NL,,,,unknown,draft,unreviewed,Provinciale lijst; adres en actuele status nog controleren.,https://nl.wikipedia.org/wiki/Lijst_van_musea_in_Gelderland,streekgeschiedenis
bce9ec7e-2d9b-5876-86b0-75c5e50fad78,museum-nl:flipje-en-streekmuseum-tiel,Flipje en Streekmuseum Tiel,Tiel,Gelderland,Plein 48,4001 LJ,NL,https://www.streekmuseumtiel.nl,51.88636,5.43978,unknown,draft,unreviewed,Bronvermelding is geen controle van actuele opening of toegankelijkheid. Provincie afgeleid uit plaatsnaam in provinciale lijst; controleren.,https://www.museum.nl/nl/flipje-en-streekmuseum-tiel,streekgeschiedenis
21053a89-386a-562e-a512-932dd8de2442,museum-nl:gelders-geologisch-museum,Gelders Geologisch Museum,Velp,Gelderland,Parkstraat 32,6881 JG,NL,https://www.geologischmuseum.nl,51.998454,5.971619,unknown,draft,unreviewed,Bronvermelding is geen controle van actuele opening of toegankelijkheid.,https://www.museum.nl/nl/gelders-geologisch-museum | https://nl.wikipedia.org/wiki/Lijst_van_musea_in_Gelderland,
0966349f-6c61-5c3d-ad09-89c6dabd7ebf,wikipedia:Gelderland:poppenspeelmuseum:vorchten,Poppenspe(e)lmuseum,Vorchten,Gelderland,,,NL,,,,unknown,draft,unreviewed,Provinciale lijst; adres en actuele status nog controleren.,https://nl.wikipedia.org/wiki/Lijst_van_musea_in_Gelderland,
8a293728-3e7a-5b78-876e-0977b53b1c44,museum-nl:de-casteelse-poort,De Casteelse Poort,Wageningen,Gelderland,Bowlespark 1a,6701 DN,NL,https://www.casteelsepoort.nl,51.964813,5.665665,unknown,draft,unreviewed,Bronvermelding is geen controle van actuele opening of toegankelijkheid.,https://www.museum.nl/nl/de-casteelse-poort | https://nl.wikipedia.org/wiki/Lijst_van_musea_in_Gelderland,
ba34158f-63c1-553e-85df-db1a7c516c9d,wikipedia:Gelderland:hermanbroodmuseum:wageningen,Herman Broodmuseum,Wageningen,Gelderland,,,NL,,,,unknown,draft,unreviewed,Provinciale lijst; adres en actuele status nog controleren.,https://nl.wikipedia.org/wiki/Lijst_van_musea_in_Gelderland,
251defdd-5915-5c7c-88c3-f43acadac2b8,wikipedia:Gelderland:museumdeopkamer:warnsveld,Museum De Opkamer,Warnsveld,Gelderland,,,NL,,,,unknown,draft,unreviewed,Provinciale lijst; adres en actuele status nog controleren.,https://nl.wikipedia.org/wiki/Lijst_van_musea_in_Gelderland,
58bade4c-5f25-534f-8bde-8e6d42bcbfa7,wikipedia:Gelderland:kasteelvanwijchen:wijchen,Kasteel van Wijchen,Wijchen,Gelderland,,,NL,,,,unknown,draft,unreviewed,Provinciale lijst; adres en actuele status nog controleren.,https://nl.wikipedia.org/wiki/Lijst_van_musea_in_Gelderland,
68688114-5024-572a-bc9b-b887a147a434,wikipedia:Gelderland:museumfreriks:winterswijk,Museum Freriks,Winterswijk,Gelderland,,,NL,,,,unknown,draft,unreviewed,Provinciale lijst; adres en actuele status nog controleren.,https://nl.wikipedia.org/wiki/Lijst_van_musea_in_Gelderland,
cdc7e293-5d85-5704-be8e-8834b5a89358,museum-nl:museumfabriek-winterswijk,MuseumFabriek Winterswijk,Winterswijk,Gelderland,Laan van Hilbelink 6-10,7101 WG,NL,https://museumfabriekwinterswijk.nl,51.969397,6.725127,unknown,draft,unreviewed,Bronvermelding is geen controle van actuele opening of toegankelijkheid.,https://www.museum.nl/nl/museumfabriek-winterswijk | https://nl.wikipedia.org/wiki/Lijst_van_musea_in_Gelderland,
0b03f861-c7c3-501b-8442-f94ed71afe22,wikipedia:Gelderland:transitoost:winterswijk,Transit Oost,Winterswijk,Gelderland,,,NL,,,,unknown,draft,unreviewed,Provinciale lijst; adres en actuele status nog controleren.,https://nl.wikipedia.org/wiki/Lijst_van_musea_in_Gelderland,
f38df3ae-584e-59b9-8e8e-b12e56b71eb0,museum-nl:villa-mondriaan,Villa Mondriaan,Winterswijk,Gelderland,Zonnebrink 4,7101 NC,NL,https://www.villamondriaan.nl,51.971722,6.723603,unknown,draft,unreviewed,Bronvermelding is geen controle van actuele opening of toegankelijkheid.,https://www.museum.nl/nl/villa-mondriaan | https://nl.wikipedia.org/wiki/Lijst_van_musea_in_Gelderland,
137c11c8-5690-5988-995c-40efdc8f067d,wikipedia:Gelderland:slotloevestein:zaltbommel,Slot Loevestein,Zaltbommel,Gelderland,,,NL,,,,unknown,draft,unreviewed,Provinciale lijst; adres en actuele status nog controleren.,https://nl.wikipedia.org/wiki/Lijst_van_musea_in_Gelderland,
e35be3e5-0fcc-5a86-99d1-e0e0214ae034,museum-nl:stadskasteel-zaltbommel,Stadskasteel Zaltbommel,Zaltbommel,Gelderland,Nonnenstraat 5,5301 BE,NL,https://www.stadskasteelzaltbommel.nl,51.811299,5.248997,unknown,draft,unreviewed,Bronvermelding is geen controle van actuele opening of toegankelijkheid.,https://www.museum.nl/nl/stadskasteel-zaltbommel | https://nl.wikipedia.org/wiki/Lijst_van_musea_in_Gelderland,
37cfa5cf-4668-5540-9f92-a3697cc263b2,museum-nl:museum-smedekinck,Museum Smedekinck,Zelhem,Gelderland,Pluimersdijk 5,7021 HW,NL,https://www.museumsmedekinck.nl,52.002521,6.357882,unknown,draft,unreviewed,Bronvermelding is geen controle van actuele opening of toegankelijkheid.,https://www.museum.nl/nl/museum-smedekinck | https://nl.wikipedia.org/wiki/Lijst_van_musea_in_Gelderland,
e9a2adfa-62b1-50ba-9f2c-5d0933528ba4,wikipedia:Gelderland:museumverplegingenverzorging:zetten,Museum Verpleging en Verzorging,Zetten,Gelderland,,,NL,,,,unknown,draft,unreviewed,Provinciale lijst; adres en actuele status nog controleren.,https://nl.wikipedia.org/wiki/Lijst_van_musea_in_Gelderland,
ed98e3a6-c009-5d61-a496-ec209a692861,museum-nl:liemers-museum,Liemers Museum,Zevenaar,Gelderland,Kerkstraat 27,6901 AA,NL,https://www.liemersmuseum.nl,51.924194,6.075046,unknown,draft,unreviewed,Bronvermelding is geen controle van actuele opening of toegankelijkheid.,https://www.museum.nl/nl/liemers-museum | https://nl.wikipedia.org/wiki/Lijst_van_musea_in_Gelderland,
f2472bca-3bcb-5ac5-a35f-060483e3a59e,wikipedia:Gelderland:nederlandsbaksteenendakpanmuseum:zevenaar,Nederlands Baksteen- en Dakpanmuseum,Zevenaar,Gelderland,,,NL,,,,unknown,draft,unreviewed,Provinciale lijst; adres en actuele status nog controleren.,https://nl.wikipedia.org/wiki/Lijst_van_musea_in_Gelderland,
d7dfd281-d778-57b5-a255-362256e79f08,wikipedia:Gelderland:geelvinckmuziekmuseum:zutphen,Geelvinck Muziek Museum,Zutphen,Gelderland,,,NL,,,,unknown,draft,unreviewed,Provinciale lijst; adres en actuele status nog controleren.,https://nl.wikipedia.org/wiki/Lijst_van_musea_in_Gelderland,
87eb4285-c7df-556e-9555-a5c048893ca9,museum-nl:museum-henriette-polak,Museum Henriette Polak,Zutphen,Gelderland,s Gravenhof 4,7201 DN,NL,https://www.museazutphen.nl/museum-henriette-polak/,52.139721,6.194506,unknown,draft,unreviewed,Bronvermelding is geen controle van actuele opening of toegankelijkheid.,https://www.museum.nl/nl/museum-henriette-polak | https://nl.wikipedia.org/wiki/Lijst_van_musea_in_Gelderland,
dd5c5bf5-64bb-5b6d-ac6f-8f9400251856,wikipedia:Gelderland:museumhavenzutphen:zutphen,Museumhaven Zutphen,Zutphen,Gelderland,,,NL,,,,unknown,draft,unreviewed,Provinciale lijst; adres en actuele status nog controleren.,https://nl.wikipedia.org/wiki/Lijst_van_musea_in_Gelderland,
0ae749a6-9157-55c9-b697-8a941c190471,museum-nl:stedelijk-museum-zutphen,Stedelijk Museum Zutphen,Zutphen,Gelderland,s Gravenhof 4,7201 DN,NL,https://www.museazutphen.nl,52.139721,6.194506,unknown,draft,unreviewed,Bronvermelding is geen controle van actuele opening of toegankelijkheid.,https://www.museum.nl/nl/stedelijk-museum-zutphen | https://nl.wikipedia.org/wiki/Lijst_van_musea_in_Gelderland,
ded4c427-7512-5d6e-8b5a-f5640b6ab85a,museum-nl:walburgiskerk-zutphen,Walburgiskerk Zutphen,Zutphen,Gelderland,Kerkhof 3,7201 DM,NL,https://walburgiskerk.nl,52.139538,6.195767,unknown,draft,unreviewed,Bronvermelding is geen controle van actuele opening of toegankelijkheid. Provincie afgeleid uit plaatsnaam in provinciale lijst; controleren.,https://www.museum.nl/nl/walburgiskerk-zutphen,
4140b0ca-ae4f-5805-b586-70196c6a1081,wikipedia:Groningen:museumsintbernardushof:aduard,Museum Sint Bernardushof,Aduard,Groningen,,,NL,,,,unknown,draft,unreviewed,Provinciale lijst; adres en actuele status nog controleren.,https://nl.wikipedia.org/wiki/Lijst_van_musea_in_Groningen,
ef7609e1-fc69-5d14-9786-0a5070c2a13b,wikipedia:Groningen:museummhlmann:appingedam,Museum Møhlmann,Appingedam,Groningen,,,NL,,,,unknown,draft,unreviewed,Provinciale lijst; adres en actuele status nog controleren.,https://nl.wikipedia.org/wiki/Lijst_van_musea_in_Groningen,
3b840691-60b6-55f1-82c9-7537b0f19713,museum-nl:museum-stad-appingedam,Museum Stad Appingedam,Appingedam,Groningen,Wijkstraat 25,9901 AE,NL,https://www.museumstadappingedam.nl,53.32053,6.857657,unknown,draft,unreviewed,Bronvermelding is geen controle van actuele opening of toegankelijkheid.,https://www.museum.nl/nl/museum-stad-appingedam | https://nl.wikipedia.org/wiki/Lijst_van_musea_in_Groningen,
d5f51521-9872-59e2-b500-171cd3f63f60,wikipedia:Groningen:vestingmuseumnieuweschans:badnieuweschans,Vestingmuseum Nieuweschans,Bad Nieuweschans,Groningen,,,NL,,,,unknown,draft,unreviewed,Provinciale lijst; adres en actuele status nog controleren.,https://nl.wikipedia.org/wiki/Lijst_van_musea_in_Groningen,
31395050-5b68-5353-b7ec-212531e250c5,wikipedia:Groningen:ambachtelijkzadelmakerijmuseum:bellingwolde,Ambachtelijk Zadelmakerij Museum,Bellingwolde,Groningen,,,NL,,,,unknown,draft,unreviewed,Provinciale lijst; adres en actuele status nog controleren.,https://nl.wikipedia.org/wiki/Lijst_van_musea_in_Groningen,
97f2055d-0eef-523b-8d30-023c82c8dd49,museum-nl:het-mow-museum-westerwolde,Het MOW | Museum Westerwolde,Bellingwolde,Groningen,Hoofdweg 161,9695 AE,NL,https://www.hetmow.nl/,53.113054,7.161994,unknown,draft,unreviewed,Bronvermelding is geen controle van actuele opening of toegankelijkheid. Provincie afgeleid uit plaatsnaam in provinciale lijst; controleren.,https://www.museum.nl/nl/het-mow-museum-westerwolde,
0a5ccf8d-42ae-51ab-b50d-4b3ba311f9eb,wikipedia:Groningen:museumdeoudewolden:bellingwolde,Museum de Oude Wolden,Bellingwolde,Groningen,,,NL,,,,unknown,draft,unreviewed,Provinciale lijst; adres en actuele status nog controleren.,https://nl.wikipedia.org/wiki/Lijst_van_musea_in_Groningen,
bed6b114-7372-58c6-8a34-3f1dcbed2bd0,wikipedia:Groningen:poppentheatermuseum:blijham,Poppentheater-museum,Blijham,Groningen,,,NL,,,,unknown,draft,unreviewed,Provinciale lijst; adres en actuele status nog controleren.,https://nl.wikipedia.org/wiki/Lijst_van_musea_in_Groningen,
b500f331-04a1-5f18-a8db-4cd1b37577f0,wikipedia:Groningen:museumlammertboerma:borgercompagnie,Museum Lammert Boerma,Borgercompagnie,Groningen,,,NL,,,,unknown,draft,unreviewed,Provinciale lijst; adres en actuele status nog controleren.,https://nl.wikipedia.org/wiki/Lijst_van_musea_in_Groningen,
6b220090-7c8d-5d7d-ae53-5e0410137273,wikipedia:Groningen:debaracquen:bourtange,De Baracquen,Bourtange,Groningen,,,NL,,,,unknown,draft,unreviewed,Provinciale lijst; adres en actuele status nog controleren.,https://nl.wikipedia.org/wiki/Lijst_van_musea_in_Groningen,
1de66bc5-d02a-5586-9c2c-c97666f9e589,wikipedia:Groningen:synagogaalmuseum:bourtange,Synagogaal Museum,Bourtange,Groningen,,,NL,,,,unknown,draft,unreviewed,Provinciale lijst; adres en actuele status nog controleren.,https://nl.wikipedia.org/wiki/Lijst_van_musea_in_Groningen,
4fff4c12-5a5a-5780-a6ca-c92346a43353,wikipedia:Groningen:vestingbourtange:bourtange,Vesting Bourtange,Bourtange,Groningen,,,NL,,,,unknown,draft,unreviewed,Provinciale lijst; adres en actuele status nog controleren.,https://nl.wikipedia.org/wiki/Lijst_van_musea_in_Groningen,
58c428ac-b184-5325-b1e6-9bc560398ea4,wikipedia:Groningen:museumdesteenfabriek:delfzijl,Museum De Steenfabriek,Delfzijl,Groningen,,,NL,,,,unknown,draft,unreviewed,Provinciale lijst; adres en actuele status nog controleren.,https://nl.wikipedia.org/wiki/Lijst_van_musea_in_Groningen,
fe523e85-5a1e-5781-a0f7-9ea3630090c6,museum-nl:muzeeaquarium-delfzijl,Muzeeaquarium Delfzijl,Delfzijl,Groningen,Zeebadweg 7,9933 AV,NL,https://www.muzeeaquarium.nl,53.335711,6.92674,unknown,draft,unreviewed,Bronvermelding is geen controle van actuele opening of toegankelijkheid.,https://www.museum.nl/nl/muzeeaquarium-delfzijl | https://nl.wikipedia.org/wiki/Lijst_van_musea_in_Groningen,
e69d58ea-88b3-522f-a124-beec492f2899,wikipedia:Groningen:abrahamsmosterdmakerij:eenrum,Abraham's Mosterdmakerij,Eenrum,Groningen,,,NL,,,,unknown,draft,unreviewed,Provinciale lijst; adres en actuele status nog controleren.,https://nl.wikipedia.org/wiki/Lijst_van_musea_in_Groningen,
a1a36819-6241-5dc7-a0d0-7f2c1134bf5a,wikipedia:Groningen:museumwierdenland:ezinge,Museum Wierdenland,Ezinge,Groningen,,,NL,,,,unknown,draft,unreviewed,Provinciale lijst; adres en actuele status nog controleren.,https://nl.wikipedia.org/wiki/Lijst_van_musea_in_Groningen,
4ad5ddfd-d4d3-5e4a-a76e-502507d9ec5d,museum-nl:museum-wierdenland-ezinge,Museum Wierdenland Ezinge,Ezinge,Groningen,Van Swinderenweg 10,9891 AD,NL,https://www.wierdenland.nl,53.308345,6.440421,unknown,draft,unreviewed,Bronvermelding is geen controle van actuele opening of toegankelijkheid. Provincie afgeleid uit plaatsnaam in provinciale lijst; controleren.,https://www.museum.nl/nl/museum-wierdenland-ezinge,
afe43e1f-6504-5964-af94-e2a9cc862f7e,museum-nl:forum-groningen-expositie,Forum Groningen | Expositie,Groningen,Groningen,Nieuwe Markt 1,9712 KN,NL,https://forum.nl/nl/verken-het-forum/expositie,53.218893,6.56983,unknown,draft,unreviewed,Bronvermelding is geen controle van actuele opening of toegankelijkheid. Provincie afgeleid uit plaatsnaam in provinciale lijst; controleren.,https://www.museum.nl/nl/forum-groningen-expositie,
accec0bb-e54e-5a35-826e-73abc0a6aa25,wikipedia:Groningen:gridgrafischmuseumgroningen:groningen,GRID Grafisch Museum Groningen,Groningen,Groningen,,,NL,,,,unknown,draft,unreviewed,Provinciale lijst; adres en actuele status nog controleren.,https://nl.wikipedia.org/wiki/Lijst_van_musea_in_Groningen,
d36bbfc7-4d74-5022-851d-92f2cac85526,museum-nl:grid-grafisch-museum-groningen-tijdelijk-gesloten,GRID Grafisch Museum Groningen - Tijdelijk gesloten,Groningen,Groningen,Sint Jansstraat 2,9712 JN,NL,https://www.gridgroningen.nl,53.219603,6.57013,unknown,draft,unreviewed,Bronvermelding is geen controle van actuele opening of toegankelijkheid. Provincie afgeleid uit plaatsnaam in provinciale lijst; controleren.,https://www.museum.nl/nl/grid-grafisch-museum-groningen-tijdelijk-gesloten,
5be91cbd-f55e-5e69-b0e1-3ed503678881,museum-nl:groninger-museum,Groninger Museum,Groningen,Groningen,Museumeiland 1,9711 ME,NL,https://www.groningermuseum.nl,53.212474,6.566075,unknown,draft,unreviewed,Bronvermelding is geen controle van actuele opening of toegankelijkheid.,https://www.museum.nl/nl/groninger-museum | https://nl.wikipedia.org/wiki/Lijst_van_musea_in_Groningen,
fa6fb5ea-556b-57bb-a4b2-44fbd7b09165,wikipedia:Groningen:museumcanadianalliedforces:groningen,Museum Canadian Allied Forces,Groningen,Groningen,,,NL,,,,unknown,draft,unreviewed,Provinciale lijst; adres en actuele status nog controleren.,https://nl.wikipedia.org/wiki/Lijst_van_musea_in_Groningen,
457743fd-000d-50ff-b790-61ea1336348e,museum-nl:museum-aan-de-a,Museum aan de A,Groningen,Groningen,Brugstraat 24-26,9711 HZ,NL,https://museumaandea.nl/,53.2165,6.560164,unknown,draft,unreviewed,Bronvermelding is geen controle van actuele opening of toegankelijkheid. Provincie afgeleid uit plaatsnaam in provinciale lijst; controleren.,https://www.museum.nl/nl/museum-aan-de-a,
198dda9b-4d9e-51ea-8304-de576c5ab6f0,wikipedia:Groningen:natuurmuseumgroningen:groningen,Natuurmuseum Groningen,Groningen,Groningen,,,NL,,,,closed,draft,unreviewed,Mogelijk historisch/gesloten. Provinciale lijst; adres en actuele status nog controleren.,https://nl.wikipedia.org/wiki/Lijst_van_musea_in_Groningen,natuur
2a8d1333-98eb-50df-a4f6-bb809a9e8df3,wikipedia:Groningen:nederlandsstripmuseum:groningen,Nederlands Stripmuseum,Groningen,Groningen,,,NL,,,,closed,draft,unreviewed,Mogelijk historisch/gesloten. Provinciale lijst; adres en actuele status nog controleren.,https://nl.wikipedia.org/wiki/Lijst_van_musea_in_Groningen,
085ba7b0-9d5b-5fa7-8ae2-7050e6025820,wikipedia:Groningen:niemeyertabaksmuseum:groningen,Niemeyer Tabaksmuseum,Groningen,Groningen,,,NL,,,,closed,draft,unreviewed,Mogelijk historisch/gesloten. Provinciale lijst; adres en actuele status nog controleren.,https://nl.wikipedia.org/wiki/Lijst_van_musea_in_Groningen,
163d75ca-3bc0-575b-b327-236545bbd281,wikipedia:Groningen:noordelijkscheepvaartmuseum:groningen,Noordelijk Scheepvaartmuseum,Groningen,Groningen,,,NL,,,,unknown,draft,unreviewed,Provinciale lijst; adres en actuele status nog controleren.,https://nl.wikipedia.org/wiki/Lijst_van_musea_in_Groningen,maritiem
bf23d2b3-7171-502b-af61-75c4b4a1364c,museum-nl:storyworld,Storyworld,Groningen,Groningen,Nieuwe Markt 1,9712 KN,NL,https://www.storyworld.nl,53.218893,6.56983,unknown,draft,unreviewed,Bronvermelding is geen controle van actuele opening of toegankelijkheid.,https://www.museum.nl/nl/storyworld | https://nl.wikipedia.org/wiki/Lijst_van_musea_in_Groningen,
765f8a8b-8f4f-5c3c-b610-8bae04a62d27,wikipedia:Groningen:synagogegroningen:groningen,Synagoge Groningen,Groningen,Groningen,,,NL,,,,unknown,draft,unreviewed,Provinciale lijst; adres en actuele status nog controleren.,https://nl.wikipedia.org/wiki/Lijst_van_musea_in_Groningen,
a19c36f8-eeee-5399-a83a-e1af6abc1ca3,museum-nl:universiteitsmuseum-groningen,Universiteitsmuseum Groningen,Groningen,Groningen,Oude Kijk in &#x27;t Jatstraat 7a,9712 EA,NL,https://www.rug.nl/university-museum/,53.218343,6.562915,unknown,draft,unreviewed,Bronvermelding is geen controle van actuele opening of toegankelijkheid.,https://www.museum.nl/nl/universiteitsmuseum-groningen | https://nl.wikipedia.org/wiki/Lijst_van_musea_in_Groningen,wetenschap
87858e4f-16f8-57d5-bd81-a45c4b955dbe,wikipedia:Groningen:volkenkundigmuseumgerardusvanderleeuw:groningen,Volkenkundig museum 'Gerardus van der Leeuw',Groningen,Groningen,,,NL,,,,closed,draft,unreviewed,Mogelijk historisch/gesloten. Provinciale lijst; adres en actuele status nog controleren.,https://nl.wikipedia.org/wiki/Lijst_van_musea_in_Groningen,
781472ac-c79a-53d7-9ce5-afe5bc4ad6ed,wikipedia:Groningen:legiomuseum:grootegast,LEGiO-museum,Grootegast,Groningen,,,NL,,,,unknown,draft,unreviewed,Provinciale lijst; adres en actuele status nog controleren.,https://nl.wikipedia.org/wiki/Lijst_van_musea_in_Groningen,
8cc70a2d-4cdb-5ed5-88c3-89f179335ea8,wikipedia:Groningen:museumdrukkerij:grootegast,Museumdrukkerij,Grootegast,Groningen,,,NL,,,,unknown,draft,unreviewed,Provinciale lijst; adres en actuele status nog controleren.,https://nl.wikipedia.org/wiki/Lijst_van_musea_in_Groningen,
fde2b635-95e1-5b43-ba91-d88818d48eac,wikipedia:Groningen:victorymuseum:grootegast,Victory Museum,Grootegast,Groningen,,,NL,,,,unknown,draft,unreviewed,Provinciale lijst; adres en actuele status nog controleren.,https://nl.wikipedia.org/wiki/Lijst_van_musea_in_Groningen,
64941183-7870-513a-aba9-69b2498b7bce,wikipedia:Groningen:klokkengieterijmuseumheiligerlee:heiligerlee,Klokkengieterijmuseum Heiligerlee,Heiligerlee,Groningen,,,NL,,,,unknown,draft,unreviewed,Provinciale lijst; adres en actuele status nog controleren.,https://nl.wikipedia.org/wiki/Lijst_van_musea_in_Groningen,
2b496552-d89b-53a3-9f30-aa7841a29808,wikipedia:Groningen:museumslagbijheiligerlee:heiligerlee,Museum Slag bij Heiligerlee,Heiligerlee,Groningen,,,NL,,,,unknown,draft,unreviewed,Provinciale lijst; adres en actuele status nog controleren.,https://nl.wikipedia.org/wiki/Lijst_van_musea_in_Groningen,
a9a9e350-01bb-578d-adec-c816e7f732bf,wikipedia:Groningen:nationaalbusmuseum:hoogezand,Nationaal Bus Museum,Hoogezand,Groningen,,,NL,,,,unknown,draft,unreviewed,Provinciale lijst; adres en actuele status nog controleren.,https://nl.wikipedia.org/wiki/Lijst_van_musea_in_Groningen,
85e20ebd-2cbc-5bac-95ff-5a28e36631f1,wikipedia:Groningen:detheefabriek:houwerzijl,De Theefabriek,Houwerzijl,Groningen,,,NL,,,,unknown,draft,unreviewed,Provinciale lijst; adres en actuele status nog controleren.,https://nl.wikipedia.org/wiki/Lijst_van_musea_in_Groningen,
df5f8f09-6c06-55b1-b1ea-2ddbdb1f5ca2,wikipedia:Groningen:oldtimermuseumderonkel:kloosterburen,Oldtimermuseum De Ronkel,Kloosterburen,Groningen,,,NL,,,,unknown,draft,unreviewed,Provinciale lijst; adres en actuele status nog controleren.,https://nl.wikipedia.org/wiki/Lijst_van_musea_in_Groningen,
8b4185da-397b-5a9b-9f75-312ba954a184,wikipedia:Groningen:museum4045:kolham,Museum '40-'45,Kolham,Groningen,,,NL,,,,unknown,draft,unreviewed,Provinciale lijst; adres en actuele status nog controleren.,https://nl.wikipedia.org/wiki/Lijst_van_musea_in_Groningen,
4bcb6b28-dd1b-5027-b8fe-83b3c92f7ede,wikipedia:Groningen:museumvoorhandwerktuigenstationkropswolde:kropswolde,Museum voor Handwerktuigen Station Kropswolde,Kropswolde,Groningen,,,NL,,,,unknown,draft,unreviewed,Provinciale lijst; adres en actuele status nog controleren.,https://nl.wikipedia.org/wiki/Lijst_van_musea_in_Groningen,
8acd0acd-5b35-51b2-8983-f4c535eee5b7,wikipedia:Groningen:museumhetjoodseschooltje:leek,Museum Het Joodse Schooltje,Leek,Groningen,,,NL,,,,unknown,draft,unreviewed,Provinciale lijst; adres en actuele status nog controleren.,https://nl.wikipedia.org/wiki/Lijst_van_musea_in_Groningen,
e28151c1-718d-5ac2-973f-9f05dab865dc,museum-nl:museum-nienoord-borg-en-nationaal-rijtuigmuseum,"Museum Nienoord, Borg en Nationaal Rijtuigmuseum",Leek,Groningen,Nienoord 1,9351 AC,NL,https://www.museumnienoord.nl,53.167983,6.394235,unknown,draft,unreviewed,Bronvermelding is geen controle van actuele opening of toegankelijkheid. Provincie afgeleid uit plaatsnaam in provinciale lijst; controleren.,https://www.museum.nl/nl/museum-nienoord-borg-en-nationaal-rijtuigmuseum,
b463614d-cdd7-564c-8432-533a48b2b50e,wikipedia:Groningen:nationaalrijtuigmuseum:leek,Nationaal Rijtuigmuseum,Leek,Groningen,,,NL,,,,unknown,draft,unreviewed,Provinciale lijst; adres en actuele status nog controleren.,https://nl.wikipedia.org/wiki/Lijst_van_musea_in_Groningen,
15c69879-ba38-500a-8cef-381e03f6a0a5,wikipedia:Groningen:doezooinsektenwereld:leens,DoeZoo Insektenwereld,Leens,Groningen,,,NL,,,,unknown,draft,unreviewed,Provinciale lijst; adres en actuele status nog controleren.,https://nl.wikipedia.org/wiki/Lijst_van_musea_in_Groningen,
d95df2f4-fa4f-5416-bfec-2ae6142ab453,museum-nl:landgoed-verhildersum-leens,Landgoed Verhildersum Leens,Leens,Groningen,Wierde 40,9965 TB,NL,https://www.verhildersum.nl,53.362513,6.39303,unknown,draft,unreviewed,Bronvermelding is geen controle van actuele opening of toegankelijkheid. Provincie afgeleid uit plaatsnaam in provinciale lijst; controleren.,https://www.museum.nl/nl/landgoed-verhildersum-leens,
3c862d62-8c1e-54ec-ae57-9100457d2914,wikipedia:Groningen:museumboerderijwelgelegen:leens,Museumboerderij Welgelegen,Leens,Groningen,,,NL,,,,unknown,draft,unreviewed,Provinciale lijst; adres en actuele status nog controleren.,https://nl.wikipedia.org/wiki/Lijst_van_musea_in_Groningen,
c23f8262-7d65-5e35-bb8f-a77288e419e2,wikipedia:Groningen:abeltasmankabinet:lutjegast,Abel Tasmankabinet,Lutjegast,Groningen,,,NL,,,,unknown,draft,unreviewed,Provinciale lijst; adres en actuele status nog controleren.,https://nl.wikipedia.org/wiki/Lijst_van_musea_in_Groningen,
fbbd2188-a649-553a-8920-274d27520870,wikipedia:Groningen:museumbakkerijmendels:middelstum,Museumbakkerij Mendels,Middelstum,Groningen,,,NL,,,,unknown,draft,unreviewed,Provinciale lijst; adres en actuele status nog controleren.,https://nl.wikipedia.org/wiki/Lijst_van_musea_in_Groningen,
c9191d2f-dc07-5e3d-860a-94c85f3d5230,wikipedia:Groningen:museumvooroorlogshistorie:midwolda,Museum voor Oorlogshistorie,Midwolda,Groningen,,,NL,,,,unknown,draft,unreviewed,Provinciale lijst; adres en actuele status nog controleren.,https://nl.wikipedia.org/wiki/Lijst_van_musea_in_Groningen,geschiedenis
d68bea05-97d4-5fe6-bd6e-42ad76355fe4,wikipedia:Groningen:museumboerderijhermansdijkstra:midwolda,Museumboerderij Hermans Dijkstra,Midwolda,Groningen,,,NL,,,,unknown,draft,unreviewed,Provinciale lijst; adres en actuele status nog controleren.,https://nl.wikipedia.org/wiki/Lijst_van_musea_in_Groningen,
af12fc46-da13-5bb1-a8dc-cf93bdea2b14,wikipedia:Groningen:schilderenbakkerijmuseumtsteenhuis:niebert,Schilder- en bakkerijmuseum 't Steenhuis,Niebert,Groningen,,,NL,,,,unknown,draft,unreviewed,Provinciale lijst; adres en actuele status nog controleren.,https://nl.wikipedia.org/wiki/Lijst_van_musea_in_Groningen,
ec1a1408-42c6-5c7c-a477-8ebeea26b6a3,wikipedia:Groningen:kapiteinshuispekela:nieuwepekela,Kapiteinshuis Pekela,Nieuwe Pekela,Groningen,,,NL,,,,unknown,draft,unreviewed,Provinciale lijst; adres en actuele status nog controleren.,https://nl.wikipedia.org/wiki/Lijst_van_musea_in_Groningen,
44290105-bda6-5b65-8db6-5e16aa6cefb2,wikipedia:Groningen:kinderwagenmuseum:nieuwolda,Kinderwagenmuseum,Nieuwolda,Groningen,,,NL,,,,unknown,draft,unreviewed,Provinciale lijst; adres en actuele status nog controleren.,https://nl.wikipedia.org/wiki/Lijst_van_musea_in_Groningen,
2001aca6-21d6-563c-bb92-f72a14fcfc38,wikipedia:Groningen:museumgemaaldehoogte:nieuwolda,Museumgemaal de Hoogte,Nieuwolda,Groningen,,,NL,,,,unknown,draft,unreviewed,Provinciale lijst; adres en actuele status nog controleren.,https://nl.wikipedia.org/wiki/Lijst_van_musea_in_Groningen,
86eabbb3-438d-5c94-904b-c3c3b9df4269,wikipedia:Groningen:bliktrommelenoudhedenmuseum:niezijl,"Blik, Trommel- en Oudhedenmuseum",Niezijl,Groningen,,,NL,,,,unknown,draft,unreviewed,Provinciale lijst; adres en actuele status nog controleren.,https://nl.wikipedia.org/wiki/Lijst_van_musea_in_Groningen,
b61e2233-b5c3-597d-9511-d5eb60b41351,wikipedia:Groningen:aardewerkmuseumpetrusregout:noordbroek,Aardewerkmuseum Petrus Regout,Noordbroek,Groningen,,,NL,,,,unknown,draft,unreviewed,Provinciale lijst; adres en actuele status nog controleren.,https://nl.wikipedia.org/wiki/Lijst_van_musea_in_Groningen,
93b59f66-0704-5500-941c-1f940a82cb17,wikipedia:Groningen:gereedschapmuseumdehobbyzolder:noordbroek,Gereedschapmuseum De Hobbyzolder,Noordbroek,Groningen,,,NL,,,,unknown,draft,unreviewed,Provinciale lijst; adres en actuele status nog controleren.,https://nl.wikipedia.org/wiki/Lijst_van_musea_in_Groningen,
fdec72d3-e814-5fea-b9dd-5ea46541aa6a,wikipedia:Groningen:nederlandsstrijkijzermuseum:noordbroek,Nederlands Strijkijzer-Museum,Noordbroek,Groningen,,,NL,,,,unknown,draft,unreviewed,Provinciale lijst; adres en actuele status nog controleren.,https://nl.wikipedia.org/wiki/Lijst_van_musea_in_Groningen,
625d7829-8825-57de-8214-fab9a3074746,wikipedia:Groningen:otsienmuseum:noordbroek,Ot & Sien Museum,Noordbroek,Groningen,,,NL,,,,unknown,draft,unreviewed,Provinciale lijst; adres en actuele status nog controleren.,https://nl.wikipedia.org/wiki/Lijst_van_musea_in_Groningen,
075ac77c-2471-5944-ac35-efe08ed42e3b,wikipedia:Groningen:kostuummuseumdegoudenleeuw:noordhorn,Kostuummuseum De Gouden Leeuw,Noordhorn,Groningen,,,NL,,,,unknown,draft,unreviewed,Provinciale lijst; adres en actuele status nog controleren.,https://nl.wikipedia.org/wiki/Lijst_van_musea_in_Groningen,
dc08d215-a9b1-5285-a54a-feca07d0aa00,wikipedia:Groningen:landbouwmuseumtrieuw:nuis,Landbouwmuseum 't Rieuw,Nuis,Groningen,,,NL,,,,unknown,draft,unreviewed,Provinciale lijst; adres en actuele status nog controleren.,https://nl.wikipedia.org/wiki/Lijst_van_musea_in_Groningen,
9fba62b3-a0d2-5ee1-b144-b29ab7e98275,wikipedia:Groningen:radiospeelgoedmuseum:onstwedde,Radio & Speelgoed Museum,Onstwedde,Groningen,,,NL,,,,unknown,draft,unreviewed,Provinciale lijst; adres en actuele status nog controleren.,https://nl.wikipedia.org/wiki/Lijst_van_musea_in_Groningen,
39da3f25-9e73-5448-b862-1220d3c5a617,wikipedia:Groningen:slaaitnhoes:onstwedde,Slaait'nhoes,Onstwedde,Groningen,,,NL,,,,unknown,draft,unreviewed,Provinciale lijst; adres en actuele status nog controleren.,https://nl.wikipedia.org/wiki/Lijst_van_musea_in_Groningen,
1e0fb79a-10d7-5796-8248-6108ae522259,wikipedia:Groningen:museumtwaschhuuske:oudepekela,Museum 't Waschhuuske,Oude Pekela,Groningen,,,NL,,,,unknown,draft,unreviewed,Provinciale lijst; adres en actuele status nog controleren.,https://nl.wikipedia.org/wiki/Lijst_van_musea_in_Groningen,
58b28203-e2ff-5c39-928a-51948e3c069c,wikipedia:Groningen:vestingmuseumoudeschans:oudeschans,Vestingmuseum Oudeschans,Oudeschans,Groningen,,,NL,,,,unknown,draft,unreviewed,Provinciale lijst; adres en actuele status nog controleren.,https://nl.wikipedia.org/wiki/Lijst_van_musea_in_Groningen,
b3c8db39-8a91-59bb-8900-30c9550e9551,wikipedia:Groningen:koffieenwinkelmuseum:pieterburen,Koffie- en winkelmuseum,Pieterburen,Groningen,,,NL,,,,unknown,draft,unreviewed,Provinciale lijst; adres en actuele status nog controleren.,https://nl.wikipedia.org/wiki/Lijst_van_musea_in_Groningen,
ed64b307-d447-50d9-b084-e31cfc048e1d,wikipedia:Groningen:groningerschaatsmuseum:sappemeer,Groninger Schaatsmuseum,Sappemeer,Groningen,,,NL,,,,unknown,draft,unreviewed,Provinciale lijst; adres en actuele status nog controleren.,https://nl.wikipedia.org/wiki/Lijst_van_musea_in_Groningen,
f4e5df08-c53d-5278-8e21-062558ee39ac,wikipedia:Groningen:boerderijmuseumduurswold:slochteren,Boerderijmuseum Duurswold,Slochteren,Groningen,,,NL,,,,unknown,draft,unreviewed,Provinciale lijst; adres en actuele status nog controleren.,https://nl.wikipedia.org/wiki/Lijst_van_musea_in_Groningen,
231e8097-ec3d-51fa-9514-fb9a7342dd8a,museum-nl:de-fraeylemaborg,De Fraeylemaborg,Slochteren,Groningen,Hoofdweg 30,9621 AL,NL,https://www.fraeylemaborg.nl,53.215461,6.809571,unknown,draft,unreviewed,Bronvermelding is geen controle van actuele opening of toegankelijkheid. Provincie afgeleid uit plaatsnaam in provinciale lijst; controleren.,https://www.museum.nl/nl/de-fraeylemaborg,
3d0d6cd2-a7fe-50eb-a87b-be2f601f58df,wikipedia:Groningen:fraeylemaborg:slochteren,Fraeylemaborg,Slochteren,Groningen,,,NL,,,,unknown,draft,unreviewed,Provinciale lijst; adres en actuele status nog controleren.,https://nl.wikipedia.org/wiki/Lijst_van_musea_in_Groningen,
e0b4c1f1-477f-58ce-8ecb-881a0303c616,wikipedia:Groningen:internationalepolitiepettencollectie:slochteren,Internationale Politiepetten Collectie,Slochteren,Groningen,,,NL,,,,unknown,draft,unreviewed,Provinciale lijst; adres en actuele status nog controleren.,https://nl.wikipedia.org/wiki/Lijst_van_musea_in_Groningen,
d6f74f39-8eb0-5ab1-8eba-107d87de3028,wikipedia:Groningen:museummusica:stadskanaal,Museum Musica,Stadskanaal,Groningen,,,NL,,,,unknown,draft,unreviewed,Provinciale lijst; adres en actuele status nog controleren.,https://nl.wikipedia.org/wiki/Lijst_van_musea_in_Groningen,
a1345e59-2c1c-5c7b-bfe1-76bc9b62af84,wikipedia:Groningen:museumspoorlijnstar:stadskanaal,Museumspoorlijn S.T.A.R.,Stadskanaal,Groningen,,,NL,,,,unknown,draft,unreviewed,Provinciale lijst; adres en actuele status nog controleren.,https://nl.wikipedia.org/wiki/Lijst_van_musea_in_Groningen,vervoer
9d830797-3e4f-5c94-a696-df9bf068edbc,wikipedia:Groningen:streekhistorischcentrum:stadskanaal,Streekhistorisch Centrum,Stadskanaal,Groningen,,,NL,,,,unknown,draft,unreviewed,Provinciale lijst; adres en actuele status nog controleren.,https://nl.wikipedia.org/wiki/Lijst_van_musea_in_Groningen,geschiedenis | streekgeschiedenis
1d128956-b3a2-59e3-8c20-c8da506ccda7,wikipedia:Groningen:watertorenstadskanaal:stadskanaal,Watertoren Stadskanaal,Stadskanaal,Groningen,,,NL,,,,unknown,draft,unreviewed,Provinciale lijst; adres en actuele status nog controleren.,https://nl.wikipedia.org/wiki/Lijst_van_musea_in_Groningen,
cd657ec2-ccec-5b92-8bd6-2248f354728d,wikipedia:Groningen:kloosterterapel:terapel,Klooster Ter Apel,Ter Apel,Groningen,,,NL,,,,unknown,draft,unreviewed,Provinciale lijst; adres en actuele status nog controleren.,https://nl.wikipedia.org/wiki/Lijst_van_musea_in_Groningen,
ebd4b76e-fd97-5fa3-9bbf-1706d111f69a,museum-nl:museum-klooster-ter-apel,Museum Klooster Ter Apel,Ter Apel,Groningen,Boslaan 3-5,9561 LH,NL,https://www.kloosterterapel.nl,52.876043,7.075163,unknown,draft,unreviewed,Bronvermelding is geen controle van actuele opening of toegankelijkheid. Provincie afgeleid uit plaatsnaam in provinciale lijst; controleren.,https://www.museum.nl/nl/museum-klooster-ter-apel,
b4992003-14de-5ab1-b024-44449048c505,wikipedia:Groningen:poppenmuseum:terapel,Poppenmuseum,Ter Apel,Groningen,,,NL,,,,unknown,draft,unreviewed,Provinciale lijst; adres en actuele status nog controleren.,https://nl.wikipedia.org/wiki/Lijst_van_musea_in_Groningen,
e988eb13-0a0d-58b7-b319-e302c931cb5b,wikipedia:Groningen:museumgemaalcremer:termunterzijl,Museumgemaal Cremer,Termunterzijl,Groningen,,,NL,,,,unknown,draft,unreviewed,Provinciale lijst; adres en actuele status nog controleren.,https://nl.wikipedia.org/wiki/Lijst_van_musea_in_Groningen,
7fc59d04-299d-5146-b09b-0d068d4fd0f2,wikipedia:Groningen:smederijmuseumsmidshouk:thesinge,Smederijmuseum Smidshouk,Thesinge,Groningen,,,NL,,,,unknown,draft,unreviewed,Provinciale lijst; adres en actuele status nog controleren.,https://nl.wikipedia.org/wiki/Lijst_van_musea_in_Groningen,
863201b0-dcba-5770-9355-2e546b87085c,wikipedia:Groningen:kantmuseum:uithuizen,Kantmuseum,Uithuizen,Groningen,,,NL,,,,unknown,draft,unreviewed,Provinciale lijst; adres en actuele status nog controleren.,https://nl.wikipedia.org/wiki/Lijst_van_musea_in_Groningen,
7e805362-10e9-50a0-b2b8-3377c73130ba,wikipedia:Groningen:menkemaborg:uithuizen,Menkemaborg,Uithuizen,Groningen,,,NL,,,,unknown,draft,unreviewed,Provinciale lijst; adres en actuele status nog controleren.,https://nl.wikipedia.org/wiki/Lijst_van_musea_in_Groningen,
01e23002-48c2-50a3-b82c-5176e17a015a,museum-nl:museum-menkemaborg,Museum Menkemaborg,Uithuizen,Groningen,Menkemaweg 2,9981 CV,NL,https://www.menkemaborg.nl,53.405019,6.683861,unknown,draft,unreviewed,Bronvermelding is geen controle van actuele opening of toegankelijkheid. Provincie afgeleid uit plaatsnaam in provinciale lijst; controleren.,https://www.museum.nl/nl/museum-menkemaborg,
ec85a8d9-a530-5a04-b723-7e27b8f0cc51,wikipedia:Groningen:handwerkmuseum:uithuizermeeden,Handwerkmuseum,Uithuizermeeden,Groningen,,,NL,,,,unknown,draft,unreviewed,Provinciale lijst; adres en actuele status nog controleren.,https://nl.wikipedia.org/wiki/Lijst_van_musea_in_Groningen,
3072b46a-67d7-5f8f-b476-cd087b06a046,wikipedia:Groningen:hetbehoudenblik:uithuizermeeden,Het Behouden Blik,Uithuizermeeden,Groningen,,,NL,,,,unknown,draft,unreviewed,Provinciale lijst; adres en actuele status nog controleren.,https://nl.wikipedia.org/wiki/Lijst_van_musea_in_Groningen,
94c72096-1367-57f2-8695-00240221c7f0,wikipedia:Groningen:oudheidkamer:uithuizermeeden,Oudheidkamer,Uithuizermeeden,Groningen,,,NL,,,,unknown,draft,unreviewed,Provinciale lijst; adres en actuele status nog controleren.,https://nl.wikipedia.org/wiki/Lijst_van_musea_in_Groningen,geschiedenis
a8bbacd6-6c9a-5669-b2b0-3594113ddda7,museum-nl:veenkoloniaal-museum,Veenkoloniaal Museum,Veendam,Groningen,Museumplein 5,9641 AD,NL,https://www.veenkoloniaalmuseum.nl,53.107585,6.876039,unknown,draft,unreviewed,Bronvermelding is geen controle van actuele opening of toegankelijkheid.,https://www.museum.nl/nl/veenkoloniaal-museum | https://nl.wikipedia.org/wiki/Lijst_van_musea_in_Groningen,
cf4c5dfc-417f-5113-8e79-2b56568bcfd9,wikipedia:Groningen:museumsmederij:warffum,Museumsmederij,Warffum,Groningen,,,NL,,,,unknown,draft,unreviewed,Provinciale lijst; adres en actuele status nog controleren.,https://nl.wikipedia.org/wiki/Lijst_van_musea_in_Groningen,
4a1d790d-75d0-529d-91b8-d4263af73268,museum-nl:openluchtmuseum-het-hoogeland,Openluchtmuseum Het Hoogeland,Warffum,Groningen,Schoolstraat 4,9989 AG,NL,https://www.hethoogeland.com,53.392161,6.562205,unknown,draft,unreviewed,Bronvermelding is geen controle van actuele opening of toegankelijkheid.,https://www.museum.nl/nl/openluchtmuseum-het-hoogeland | https://nl.wikipedia.org/wiki/Lijst_van_musea_in_Groningen,openlucht
d1c8bd30-8b1e-59a8-ae18-58f4ebd46100,wikipedia:Groningen:spoorwegmuseumwaterhuizen:waterhuizen,Spoorwegmuseum Waterhuizen,Waterhuizen,Groningen,,,NL,,,,unknown,draft,unreviewed,Provinciale lijst; adres en actuele status nog controleren.,https://nl.wikipedia.org/wiki/Lijst_van_musea_in_Groningen,vervoer
66b24064-ba2a-51b8-bb9e-02ac7b9d94b4,wikipedia:Groningen:museumvoornaaldkunst:wedde,Museum voor Naaldkunst,Wedde,Groningen,,,NL,,,,unknown,draft,unreviewed,Provinciale lijst; adres en actuele status nog controleren.,https://nl.wikipedia.org/wiki/Lijst_van_musea_in_Groningen,kunst
73330214-cabd-59be-90b4-622c7a99784a,museum-nl:museum-helmantel,Museum Helmantel,Westeremden,Groningen,Abt Emopad 2,9922 PJ,NL,https://www.helmantel.nl/,53.344099,6.711105,unknown,draft,unreviewed,Bronvermelding is geen controle van actuele opening of toegankelijkheid.,https://www.museum.nl/nl/museum-helmantel | https://nl.wikipedia.org/wiki/Lijst_van_musea_in_Groningen,
fea58936-d0dc-5d9c-88bd-62cc9e1c3b45,wikipedia:Groningen:museumdeweem:westeremden,Museum de Weem,Westeremden,Groningen,,,NL,,,,unknown,draft,unreviewed,Provinciale lijst; adres en actuele status nog controleren.,https://nl.wikipedia.org/wiki/Lijst_van_musea_in_Groningen,
c135c6ff-483a-5ccc-9d1f-dd65a8d5434a,wikipedia:Groningen:porseleinendierenpark:wildervank,Porseleinen Dierenpark,Wildervank,Groningen,,,NL,,,,unknown,draft,unreviewed,Provinciale lijst; adres en actuele status nog controleren.,https://nl.wikipedia.org/wiki/Lijst_van_musea_in_Groningen,
ada92453-2222-5c3f-a8db-88a64a123a91,wikipedia:Groningen:historischewerkplaatsmolenmakerwiertsema:winschoten,Historische Werkplaats Molenmaker Wiertsema,Winschoten,Groningen,,,NL,,,,unknown,draft,unreviewed,Provinciale lijst; adres en actuele status nog controleren.,https://nl.wikipedia.org/wiki/Lijst_van_musea_in_Groningen,geschiedenis
f436db24-77a1-5c0b-b36d-9d199899ed20,wikipedia:Groningen:museumstoomgemaal:winschoten,Museum Stoomgemaal,Winschoten,Groningen,,,NL,,,,unknown,draft,unreviewed,Provinciale lijst; adres en actuele status nog controleren.,https://nl.wikipedia.org/wiki/Lijst_van_musea_in_Groningen,
4032855a-f61f-5713-adcd-53bd3627bf3b,wikipedia:Groningen:stichtingkinderboekcultuurbezit:winsum,Stichting Kinderboek-Cultuurbezit,Winsum,Groningen,,,NL,,,,unknown,draft,unreviewed,Provinciale lijst; adres en actuele status nog controleren.,https://nl.wikipedia.org/wiki/Lijst_van_musea_in_Groningen,
93f76802-3422-55e7-b32b-c482b8827073,wikipedia:Groningen:rijwielenbromfietsmuseum:zoutkamp,Rijwiel- en Bromfietsmuseum,Zoutkamp,Groningen,,,NL,,,,unknown,draft,unreviewed,Provinciale lijst; adres en actuele status nog controleren.,https://nl.wikipedia.org/wiki/Lijst_van_musea_in_Groningen,
817ad3ba-f105-5492-b410-697e8da8b2cd,museum-nl:visserijmuseum-zoutkamp,Visserijmuseum Zoutkamp,Zoutkamp,Groningen,Reitdiepskade 11,9974 PJ,NL,https://www.visserijmuseum.com,53.336982,6.299926,unknown,draft,unreviewed,Bronvermelding is geen controle van actuele opening of toegankelijkheid.,https://www.museum.nl/nl/visserijmuseum-zoutkamp | https://nl.wikipedia.org/wiki/Lijst_van_musea_in_Groningen,
dfdb4b63-689f-5115-bc68-b5e678ad0a39,wikipedia:Groningen:noordnederlandstreintrammuseum:zuidbroek,Noord-Nederlands Trein & Tram Museum,Zuidbroek,Groningen,,,NL,,,,unknown,draft,unreviewed,Provinciale lijst; adres en actuele status nog controleren.,https://nl.wikipedia.org/wiki/Lijst_van_musea_in_Groningen,vervoer
254a9047-ad78-5f74-884d-a380186dd4f8,wikipedia:Groningen:museumdeverzamelaar:zuidhorn,Museum De Verzamelaar,Zuidhorn,Groningen,,,NL,,,,unknown,draft,unreviewed,Provinciale lijst; adres en actuele status nog controleren.,https://nl.wikipedia.org/wiki/Lijst_van_musea_in_Groningen,
a8f4eb4f-a77e-5c1b-a6f1-5550146f19e4,museum-nl:museum-de-wemme,Museum De Wemme,Zuidwolde,Groningen,Burg. Tonckensstraat 49,7921 KB,NL,https://www.dewemme.nl,52.666466,6.418719,unknown,draft,unreviewed,Bronvermelding is geen controle van actuele opening of toegankelijkheid.,https://www.museum.nl/nl/museum-de-wemme | https://nl.wikipedia.org/wiki/Lijst_van_musea_in_Groningen,
61b375f5-5418-5170-a301-6f2d4e34263f,wikipedia:Limburg:museumasselt:asselt,Museum Asselt,Asselt,Limburg,,,NL,,,,unknown,draft,unreviewed,Provinciale lijst; adres en actuele status nog controleren.,https://nl.wikipedia.org/wiki/Lijst_van_musea_in_Limburg_(Nederland),
1d85f6c4-1c5b-5633-9ab4-83b21120579d,wikipedia:Limburg:elsmuseum:beek,Els Museum,Beek,Limburg,,,NL,,,,unknown,draft,unreviewed,Provinciale lijst; adres en actuele status nog controleren.,https://nl.wikipedia.org/wiki/Lijst_van_musea_in_Limburg_(Nederland),
7f5052f3-b5f1-59e1-bcd0-1a8e31f83c7a,wikipedia:Limburg:luchtdoelartilleriemuseum:depeel,Luchtdoelartilleriemuseum,De Peel,Limburg,,,NL,,,,unknown,draft,unreviewed,Provinciale lijst; adres en actuele status nog controleren.,https://nl.wikipedia.org/wiki/Lijst_van_musea_in_Limburg_(Nederland),
dda7b6ba-a1a9-558d-b494-00f1d8bdeee9,wikipedia:Limburg:merklappenmuseum:dieteren,Merklappenmuseum,Dieteren,Limburg,,,NL,,,,unknown,draft,unreviewed,Provinciale lijst; adres en actuele status nog controleren.,https://nl.wikipedia.org/wiki/Lijst_van_musea_in_Limburg_(Nederland),
7a0c1f6c-d6d9-5304-92c9-7257b13453dd,wikipedia:Limburg:mvmuseumvandevrouw:echt,M/V Museum van de Vrouw,Echt,Limburg,,,NL,,,,unknown,draft,unreviewed,Provinciale lijst; adres en actuele status nog controleren.,https://nl.wikipedia.org/wiki/Lijst_van_musea_in_Limburg_(Nederland),
63d19af6-d1e5-5cf7-83dc-f3338e3905dc,museum-nl:museum-van-de-vrouw,Museum van de Vrouw,Echt,Limburg,Plats 1,6101 AP,NL,https://www.museumvandevrouw.nl,51.106559,5.867296,unknown,draft,unreviewed,Bronvermelding is geen controle van actuele opening of toegankelijkheid. Provincie afgeleid uit plaatsnaam in provinciale lijst; controleren.,https://www.museum.nl/nl/museum-van-de-vrouw,
9915dfec-2216-5a33-ba18-961f375ff8b6,wikipedia:Limburg:internationaalmuseumvoorfamiliegeschiedenis:eijsden,Internationaal Museum voor Familiegeschiedenis,Eijsden,Limburg,,,NL,,,,unknown,draft,unreviewed,Provinciale lijst; adres en actuele status nog controleren.,https://nl.wikipedia.org/wiki/Lijst_van_musea_in_Limburg_(Nederland),geschiedenis
8770227c-5399-5d01-884f-be29034ff756,wikipedia:Limburg:streekmuseumschippersbeurs:elsloo,Streekmuseum Schippersbeurs,Elsloo,Limburg,,,NL,,,,unknown,draft,unreviewed,Provinciale lijst; adres en actuele status nog controleren.,https://nl.wikipedia.org/wiki/Lijst_van_musea_in_Limburg_(Nederland),streekgeschiedenis
adee8d83-07b5-5703-85c6-1eb2c474bbaa,wikipedia:Limburg:decrypte:gennep,De Crypte,Gennep,Limburg,,,NL,,,,unknown,draft,unreviewed,Provinciale lijst; adres en actuele status nog controleren.,https://nl.wikipedia.org/wiki/Lijst_van_musea_in_Limburg_(Nederland),
17c0f19a-dda6-5891-946b-07397be611f2,museum-nl:museum-het-petershuis,Museum het Petershuis,Gennep,Limburg,Niersstraat 2,6591 CB,NL,https://www.museumhetpetershuis.nl,51.701916,5.968836,unknown,draft,unreviewed,Bronvermelding is geen controle van actuele opening of toegankelijkheid.,https://www.museum.nl/nl/museum-het-petershuis | https://nl.wikipedia.org/wiki/Lijst_van_musea_in_Limburg_(Nederland),
3d92f5de-f95c-566c-a37c-a9f5c6d320e2,museum-nl:leudal-museum,Leudal Museum,Haelen,Limburg,Roggelseweg 58,6081 NP,NL,https://www.bezoekerscentrumleudal.nl,51.248661,5.936414,unknown,draft,unreviewed,Bronvermelding is geen controle van actuele opening of toegankelijkheid.,https://www.museum.nl/nl/leudal-museum | https://nl.wikipedia.org/wiki/Lijst_van_musea_in_Limburg_(Nederland),
4c708dab-60f3-531d-b700-a63aa419fa7d,wikipedia:Limburg:explorion:heerlen,Explorion,Heerlen,Limburg,,,NL,,,,unknown,draft,unreviewed,Provinciale lijst; adres en actuele status nog controleren.,https://nl.wikipedia.org/wiki/Lijst_van_musea_in_Limburg_(Nederland),
624b0868-684a-52ac-ab91-0c32f089e76a,museum-nl:het-romeins-museum,Het Romeins Museum,Heerlen,Limburg,Coriovallumstraat 9,6411 CA,NL,https://www.hetromeinsmuseum.nl,50.885238,5.976535,unknown,draft,unreviewed,Bronvermelding is geen controle van actuele opening of toegankelijkheid. Provincie afgeleid uit plaatsnaam in provinciale lijst; controleren.,https://www.museum.nl/nl/het-romeins-museum,
45aba645-f44b-5d7c-a1d2-be43bf2e9480,wikipedia:Limburg:nederlandsmijnmuseum:heerlen,Nederlands Mijnmuseum,Heerlen,Limburg,,,NL,,,,unknown,draft,unreviewed,Provinciale lijst; adres en actuele status nog controleren.,https://nl.wikipedia.org/wiki/Lijst_van_musea_in_Limburg_(Nederland),
d6e7d361-6d66-5b18-8e98-c1da58821295,wikipedia:Limburg:nederlandsmijnmuseumgeon:heerlen,Nederlands Mijnmuseum GEON,Heerlen,Limburg,,,NL,,,,unknown,draft,unreviewed,Provinciale lijst; adres en actuele status nog controleren.,https://nl.wikipedia.org/wiki/Lijst_van_musea_in_Limburg_(Nederland),
b733d593-f4cc-55ef-a4ea-0d3eff1bd76c,museum-nl:schunck,SCHUNCK,Heerlen,Limburg,Bongerd 18,6411 JM,NL,https://www.schunck.nl,50.887944,5.979259,unknown,draft,unreviewed,Bronvermelding is geen controle van actuele opening of toegankelijkheid.,https://www.museum.nl/nl/schunck | https://nl.wikipedia.org/wiki/Lijst_van_musea_in_Limburg_(Nederland),
8bb42e04-fb8d-5852-80d9-8b4107089bff,wikipedia:Limburg:stadsgalerijheerlen:heerlen,Stadsgalerij Heerlen,Heerlen,Limburg,,,NL,,,,unknown,draft,unreviewed,Provinciale lijst; adres en actuele status nog controleren.,https://nl.wikipedia.org/wiki/Lijst_van_musea_in_Limburg_(Nederland),
330dfc8f-21ba-5ca9-8f35-6dc79eed2deb,wikipedia:Limburg:thermenmuseum:heerlen,Thermenmuseum,Heerlen,Limburg,,,NL,,,,unknown,draft,unreviewed,Provinciale lijst; adres en actuele status nog controleren.,https://nl.wikipedia.org/wiki/Lijst_van_musea_in_Limburg_(Nederland),
eb746f53-0f0b-5b2b-9829-089eb3afe549,wikipedia:Limburg:demoennik:helden,De Moennik,Helden,Limburg,,,NL,,,,unknown,draft,unreviewed,Provinciale lijst; adres en actuele status nog controleren.,https://nl.wikipedia.org/wiki/Lijst_van_musea_in_Limburg_(Nederland),
2c8cac9e-d31f-5df8-964a-bb7976877898,museum-nl:kasteel-hoensbroek,Kasteel Hoensbroek,Hoensbroek,Limburg,Klinkertstraat 118,6433 PB,NL,https://www.kasteelhoensbroek.nl,50.916564,5.918411,unknown,draft,unreviewed,Bronvermelding is geen controle van actuele opening of toegankelijkheid.,https://www.museum.nl/nl/kasteel-hoensbroek | https://nl.wikipedia.org/wiki/Lijst_van_musea_in_Limburg_(Nederland),
bee99899-b2d8-5c6c-b456-29d0068d9baf,wikipedia:Limburg:museumterugindetijd:horn,"Museum ""Terug in de tijd""",Horn,Limburg,,,NL,,,,unknown,draft,unreviewed,Provinciale lijst; adres en actuele status nog controleren.,https://nl.wikipedia.org/wiki/Lijst_van_musea_in_Limburg_(Nederland),
9ecb8321-c22d-5834-a29a-78f58c9ce443,wikipedia:Limburg:koperslagersmuseum:horst,Koperslagers museum,Horst,Limburg,,,NL,,,,unknown,draft,unreviewed,Provinciale lijst; adres en actuele status nog controleren.,https://nl.wikipedia.org/wiki/Lijst_van_musea_in_Limburg_(Nederland),
80c6db22-e22a-5026-a90a-6386eead4321,museum-nl:museum-de-kantfabriek,Museum de Kantfabriek,Horst,Limburg,Americaanseweg 8,5961 GP,NL,https://www.museumdekantfabriek.nl/,51.451161,6.048929,unknown,draft,unreviewed,Bronvermelding is geen controle van actuele opening of toegankelijkheid. Provincie afgeleid uit plaatsnaam in provinciale lijst; controleren.,https://www.museum.nl/nl/museum-de-kantfabriek,
9796ab1c-f7a1-5774-841b-1dcb1570f54a,museum-nl:botanische-tuin-kerkrade,Botanische Tuin Kerkrade,Kerkrade,Limburg,St. Hubertuslaan 74,6467 CK,NL,https://www.botatuin.nl,50.867109,6.028059,unknown,draft,unreviewed,Bronvermelding is geen controle van actuele opening of toegankelijkheid. Provincie afgeleid uit plaatsnaam in provinciale lijst; controleren.,https://www.museum.nl/nl/botanische-tuin-kerkrade,
9e308dbd-9e5f-5925-8be8-dfeb09e2af16,wikipedia:Limburg:cubedesignmuseum:kerkrade,Cube design museum,Kerkrade,Limburg,,,NL,,,,unknown,draft,unreviewed,Provinciale lijst; adres en actuele status nog controleren.,https://nl.wikipedia.org/wiki/Lijst_van_musea_in_Limburg_(Nederland),
8e4a23aa-1bb4-5f9c-a8d3-9ed8d8a159a4,museum-nl:discovery-museum,Discovery Museum,Kerkrade,Limburg,Museumplein 2,6461 MA,NL,https://www.discoverymuseum.nl,50.861131,6.058463,unknown,draft,unreviewed,Bronvermelding is geen controle van actuele opening of toegankelijkheid.,https://www.museum.nl/nl/discovery-museum | https://nl.wikipedia.org/wiki/Lijst_van_musea_in_Limburg_(Nederland),
e9377f9d-e193-5a3c-834d-fdf5399355f6,wikipedia:Limburg:kasteelkeverberg:kessel,Kasteel Keverberg,Kessel,Limburg,,,NL,,,,unknown,draft,unreviewed,Provinciale lijst; adres en actuele status nog controleren.,https://nl.wikipedia.org/wiki/Lijst_van_musea_in_Limburg_(Nederland),
4a9f2f17-8498-5c6d-a676-f3432edcf507,museum-nl:bonnefanten,Bonnefanten,Maastricht,Limburg,Avenue Ceramique 250,6221 KX,NL,https://www.bonnefanten.nl,50.842525,5.702028,unknown,draft,unreviewed,Bronvermelding is geen controle van actuele opening of toegankelijkheid. Provincie afgeleid uit plaatsnaam in provinciale lijst; controleren.,https://www.museum.nl/nl/bonnefanten,
90b58b9b-245c-5c69-8e66-de42532784ca,wikipedia:Limburg:bonnefantenmuseum:maastricht,Bonnefantenmuseum,Maastricht,Limburg,,,NL,,,,unknown,draft,unreviewed,Provinciale lijst; adres en actuele status nog controleren.,https://nl.wikipedia.org/wiki/Lijst_van_musea_in_Limburg_(Nederland),
6e87864c-3cbf-5a12-9abf-05f60ffa8071,museum-nl:bureau-europa,Bureau Europa,Maastricht,Limburg,Boschstraat 9,6211 AS,NL,https://www.bureau-europa.nl,50.856762,5.690277,unknown,draft,unreviewed,Bronvermelding is geen controle van actuele opening of toegankelijkheid. Provincie afgeleid uit plaatsnaam in provinciale lijst; controleren.,https://www.museum.nl/nl/bureau-europa,
16e37c47-d53f-59fa-adf5-e6f5629af80b,wikipedia:Limburg:centreceramique:maastricht,Centre Céramique,Maastricht,Limburg,,,NL,,,,unknown,draft,unreviewed,Provinciale lijst; adres en actuele status nog controleren.,https://nl.wikipedia.org/wiki/Lijst_van_musea_in_Limburg_(Nederland),
bdd387f6-36a6-56a5-981c-272ed082baa8,wikipedia:Limburg:drukkunstmuseum:maastricht,Drukkunstmuseum,Maastricht,Limburg,,,NL,,,,unknown,draft,unreviewed,Provinciale lijst; adres en actuele status nog controleren.,https://nl.wikipedia.org/wiki/Lijst_van_musea_in_Limburg_(Nederland),kunst
ab4966d6-7d00-51d0-893f-cbc99e983c8f,museum-nl:fotomuseum-aan-het-vrijthof,Fotomuseum aan het Vrijthof,Maastricht,Limburg,Vrijthof 18,6211 LD,NL,https://www.fotomuseumaanhetvrijthof.nl,50.848354,5.688755,unknown,draft,unreviewed,Bronvermelding is geen controle van actuele opening of toegankelijkheid. Provincie afgeleid uit plaatsnaam in provinciale lijst; controleren.,https://www.museum.nl/nl/fotomuseum-aan-het-vrijthof,fotografie
39cd44fb-f386-5d2c-b666-0fbd2df6abf6,museum-nl:maastricht-museum,Maastricht Museum,Maastricht,Limburg,Avenue Ceramique 50,6221 KV,NL,https://www.maastrichtmuseum.nl,50.84587,5.701463,unknown,draft,unreviewed,Bronvermelding is geen controle van actuele opening of toegankelijkheid. Provincie afgeleid uit plaatsnaam in provinciale lijst; controleren.,https://www.museum.nl/nl/maastricht-museum,
89da5f5e-9d9a-55a5-af0a-555b179a4f39,wikipedia:Limburg:marreshuisvoorhedendaagsekunst:maastricht,"Marres, Huis Voor Hedendaagse Kunst",Maastricht,Limburg,,,NL,,,,unknown,draft,unreviewed,Provinciale lijst; adres en actuele status nog controleren.,https://nl.wikipedia.org/wiki/Lijst_van_musea_in_Limburg_(Nederland),hedendaagse kunst | kunst
ae8b491e-3964-5b9f-8909-925c3fc93952,museum-nl:marres-huis-voor-hedendaagse-cultuur,"Marres, Huis voor Hedendaagse Cultuur",Maastricht,Limburg,Capucijnenstraat 98,6211 RT,NL,https://www.marres.org,50.851893,5.685843,unknown,draft,unreviewed,Bronvermelding is geen controle van actuele opening of toegankelijkheid. Provincie afgeleid uit plaatsnaam in provinciale lijst; controleren.,https://www.museum.nl/nl/marres-huis-voor-hedendaagse-cultuur,hedendaagse kunst
f62a11b8-27ee-5e9d-aa4e-2f12fdd66878,wikipedia:Limburg:museumsjoenlimburgafrikaanders:maastricht,"Museum ""Sjoen Limburg"" & ""Afrika Anders""",Maastricht,Limburg,,,NL,,,,unknown,draft,unreviewed,Provinciale lijst; adres en actuele status nog controleren.,https://nl.wikipedia.org/wiki/Lijst_van_musea_in_Limburg_(Nederland),
c349561d-2216-54a3-8c71-df5b8fbf2e1d,wikipedia:Limburg:museumschuileninmaastricht:maastricht,Museum Schuilen in Maastricht,Maastricht,Limburg,,,NL,,,,unknown,draft,unreviewed,Provinciale lijst; adres en actuele status nog controleren.,https://nl.wikipedia.org/wiki/Lijst_van_musea_in_Limburg_(Nederland),
66670698-83b4-5932-8bee-c938fdfee6d8,wikipedia:Limburg:museumaanhetvrijthof:maastricht,Museum aan het Vrijthof,Maastricht,Limburg,,,NL,,,,unknown,draft,unreviewed,Provinciale lijst; adres en actuele status nog controleren.,https://nl.wikipedia.org/wiki/Lijst_van_musea_in_Limburg_(Nederland),
c596593a-3774-52be-a0b6-d4245aa27ada,wikipedia:Limburg:naimbureaueuropa:maastricht,NAIM/Bureau Europa,Maastricht,Limburg,,,NL,,,,unknown,draft,unreviewed,Provinciale lijst; adres en actuele status nog controleren.,https://nl.wikipedia.org/wiki/Lijst_van_musea_in_Limburg_(Nederland),
77b80687-04da-5e4e-aabc-f09d467c823a,museum-nl:natuurhistorisch-museum-maastricht,Natuurhistorisch Museum Maastricht,Maastricht,Limburg,de Bosquetplein 6-7,6211 KJ,NL,https://www.nhmmaastricht.nl,50.844847,5.687777,unknown,draft,unreviewed,Bronvermelding is geen controle van actuele opening of toegankelijkheid.,https://www.museum.nl/nl/natuurhistorisch-museum-maastricht | https://nl.wikipedia.org/wiki/Lijst_van_musea_in_Limburg_(Nederland),geschiedenis | natuur
4e33b8e4-e745-5d39-82e7-19df05c081ca,wikipedia:Limburg:schatkameronzelievevrouwebasiliek:maastricht,Schatkamer Onze-Lieve-Vrouwebasiliek,Maastricht,Limburg,,,NL,,,,unknown,draft,unreviewed,Provinciale lijst; adres en actuele status nog controleren.,https://nl.wikipedia.org/wiki/Lijst_van_musea_in_Limburg_(Nederland),
93425594-a44d-53c4-bf1c-220988c05a92,wikipedia:Limburg:schatkamersintservaasbasiliek:maastricht,Schatkamer Sint-Servaasbasiliek,Maastricht,Limburg,,,NL,,,,unknown,draft,unreviewed,Provinciale lijst; adres en actuele status nog controleren.,https://nl.wikipedia.org/wiki/Lijst_van_musea_in_Limburg_(Nederland),
b836a37e-9832-55b0-8152-f11431adefac,wikipedia:Limburg:sintpietersmuseum:maastricht,Sint Pieters Museum,Maastricht,Limburg,,,NL,,,,unknown,draft,unreviewed,Provinciale lijst; adres en actuele status nog controleren.,https://nl.wikipedia.org/wiki/Lijst_van_musea_in_Limburg_(Nederland),
7fff9512-9c33-5293-a51e-7c3224fa116c,wikipedia:Limburg:stoombierbrouwerijdekeyzer:maastricht,Stoombierbrouwerij De Keyzer,Maastricht,Limburg,,,NL,,,,unknown,draft,unreviewed,Provinciale lijst; adres en actuele status nog controleren.,https://nl.wikipedia.org/wiki/Lijst_van_musea_in_Limburg_(Nederland),
998a67b7-49c0-529f-8d1a-d61faa933feb,museum-nl:museumdorp-de-locht,Museumdorp de Locht,Melderslo,Limburg,Broekhuizerdijk 16d,5962 NM,NL,https://www.delocht.nl,51.46359,6.089159,unknown,draft,unreviewed,Bronvermelding is geen controle van actuele opening of toegankelijkheid. Provincie afgeleid uit plaatsnaam in provinciale lijst; controleren.,https://www.museum.nl/nl/museumdorp-de-locht,
125f74c6-d9aa-5130-b22a-dc8766b0b1df,wikipedia:Limburg:openluchtmuseumdelocht:melderslo,Openluchtmuseum de Locht,Melderslo,Limburg,,,NL,,,,unknown,draft,unreviewed,Provinciale lijst; adres en actuele status nog controleren.,https://nl.wikipedia.org/wiki/Lijst_van_musea_in_Limburg_(Nederland),openlucht
a16786e7-4ddc-5690-b768-6debb1004c7e,wikipedia:Limburg:limburgsopenluchtmuseumeynderhoof:nederweerteind,Limburgs Openluchtmuseum Eynderhoof,Nederweert-Eind,Limburg,,,NL,,,,unknown,draft,unreviewed,Provinciale lijst; adres en actuele status nog controleren.,https://nl.wikipedia.org/wiki/Lijst_van_musea_in_Limburg_(Nederland),openlucht
94f0f1b2-db24-58ae-a98a-fa93fc307513,museum-nl:openluchtmuseum-eynderhoof,Openluchtmuseum Eynderhoof,Nederweert-Eind,Limburg,Milderspa&#xE2;t 1,6034 PL,NL,https://www.eynderhoof.nl,51.276904,5.777451,unknown,draft,unreviewed,Bronvermelding is geen controle van actuele opening of toegankelijkheid. Provincie afgeleid uit plaatsnaam in provinciale lijst; controleren.,https://www.museum.nl/nl/openluchtmuseum-eynderhoof,openlucht
a5298fcb-4884-5694-8a67-55c5151ab895,wikipedia:Limburg:cuypershuis:roermond,Cuypershuis,Roermond,Limburg,,,NL,,,,unknown,draft,unreviewed,Provinciale lijst; adres en actuele status nog controleren.,https://nl.wikipedia.org/wiki/Lijst_van_musea_in_Limburg_(Nederland),
e9543f59-bbf0-5848-936e-c83d4adc0ca5,wikipedia:Limburg:ecicultuurfabriek:roermond,ECI Cultuurfabriek,Roermond,Limburg,,,NL,,,,unknown,draft,unreviewed,Provinciale lijst; adres en actuele status nog controleren.,https://nl.wikipedia.org/wiki/Lijst_van_musea_in_Limburg_(Nederland),
beeda520-b560-5b4b-890c-5c0b551e09f5,museum-nl:het-cuypershuis,Het Cuypershuis,Roermond,Limburg,Pierre Cuypersstraat 1,6041 XG,NL,https://www.cuypershuisroermond.nl,51.188337,5.988227,unknown,draft,unreviewed,Bronvermelding is geen controle van actuele opening of toegankelijkheid. Provincie afgeleid uit plaatsnaam in provinciale lijst; controleren.,https://www.museum.nl/nl/het-cuypershuis,
54e148bf-47b6-5cd7-b48d-993ab5731fd4,wikipedia:Limburg:historiehuis:roermond,Historiehuis,Roermond,Limburg,,,NL,,,,unknown,draft,unreviewed,Provinciale lijst; adres en actuele status nog controleren.,https://nl.wikipedia.org/wiki/Lijst_van_musea_in_Limburg_(Nederland),geschiedenis
58576d50-7e24-5173-bd4d-37048447597d,museum-nl:historiehuis-roermond,Historiehuis Roermond,Roermond,Limburg,Neerstraat 11-13,6041 KA,NL,http://www.historiehuis.nl/,51.194291,5.985695,unknown,draft,unreviewed,Bronvermelding is geen controle van actuele opening of toegankelijkheid. Provincie afgeleid uit plaatsnaam in provinciale lijst; controleren.,https://www.museum.nl/nl/historiehuis-roermond,geschiedenis
5d355693-0c86-567a-b7fe-dd667d17f9df,wikipedia:Limburg:museumdeschatvansimpelveld:simpelveld,Museum de Schat van Simpelveld,Simpelveld,Limburg,,,NL,,,,unknown,draft,unreviewed,Provinciale lijst; adres en actuele status nog controleren.,https://nl.wikipedia.org/wiki/Lijst_van_musea_in_Limburg_(Nederland),
c6e1a4c4-6bc0-50ee-9f18-b9d5418e5b04,wikipedia:Limburg:roerstreekmuseum:sintodilienberg,Roerstreekmuseum,Sint Odiliënberg,Limburg,,,NL,,,,unknown,draft,unreviewed,Provinciale lijst; adres en actuele status nog controleren.,https://nl.wikipedia.org/wiki/Lijst_van_musea_in_Limburg_(Nederland),streekgeschiedenis
a66db7de-901f-54b6-82fa-ab051767bfc7,wikipedia:Limburg:dedomijnen:sittard,De Domijnen,Sittard,Limburg,,,NL,,,,unknown,draft,unreviewed,Provinciale lijst; adres en actuele status nog controleren.,https://nl.wikipedia.org/wiki/Lijst_van_musea_in_Limburg_(Nederland),
4aa2b82b-11a5-5fae-bb4c-392af6ca1047,museum-nl:het-nieuwe-domein,Het Nieuwe Domein,Sittard,Limburg,Kapittelstraat 6,6131 ER,NL,https://www.hetnieuwedomein.nl/,50.999176,5.868371,unknown,draft,unreviewed,Bronvermelding is geen controle van actuele opening of toegankelijkheid. Provincie afgeleid uit plaatsnaam in provinciale lijst; controleren.,https://www.museum.nl/nl/het-nieuwe-domein,
9d7b1555-0f8d-54d7-9dc1-38cd0101f0b6,wikipedia:Limburg:archeologiemuseumstein:stein,Archeologiemuseum Stein,Stein,Limburg,,,NL,,,,unknown,draft,unreviewed,Provinciale lijst; adres en actuele status nog controleren.,https://nl.wikipedia.org/wiki/Lijst_van_musea_in_Limburg_(Nederland),
03b71e57-f174-5514-a13a-3683bce1dc10,wikipedia:Limburg:theepottenmuseum:swartbroek,Theepottenmuseum,Swartbroek,Limburg,,,NL,,,,unknown,draft,unreviewed,Provinciale lijst; adres en actuele status nog controleren.,https://nl.wikipedia.org/wiki/Lijst_van_musea_in_Limburg_(Nederland),
5a25bdc8-93b8-5695-a688-bb062f1105df,museum-nl:museum-abdijkerk,Museum Abdijkerk,Thorn,Limburg,Kerkberg 2,6017 HA,NL,https://abdijkerkthorn.nl/,51.160679,5.842018,unknown,draft,unreviewed,Bronvermelding is geen controle van actuele opening of toegankelijkheid. Provincie afgeleid uit plaatsnaam in provinciale lijst; controleren.,https://www.museum.nl/nl/museum-abdijkerk,
ef01e706-8013-5b0c-b3a1-ebd776b884e1,wikipedia:Limburg:museumhetlandvanthorn:thorn,Museum Het Land van Thorn,Thorn,Limburg,,,NL,,,,unknown,draft,unreviewed,Provinciale lijst; adres en actuele status nog controleren.,https://nl.wikipedia.org/wiki/Lijst_van_musea_in_Limburg_(Nederland),
7cd5444b-dbf8-51c4-bd55-bff13c39bee2,museum-nl:museum-thorn,Museum Thorn,Thorn,Limburg,Wijngaard 14,6017 AG,NL,https://www.museumthorn.com,51.160754,5.840431,unknown,draft,unreviewed,Bronvermelding is geen controle van actuele opening of toegankelijkheid. Provincie afgeleid uit plaatsnaam in provinciale lijst; controleren.,https://www.museum.nl/nl/museum-thorn,
878fe3f1-3c25-5be4-9dc7-76ffb629ad0a,wikipedia:Limburg:museumvaals:vaals,Museum Vaals,Vaals,Limburg,,,NL,,,,unknown,draft,unreviewed,Provinciale lijst; adres en actuele status nog controleren.,https://nl.wikipedia.org/wiki/Lijst_van_musea_in_Limburg_(Nederland),
e4f1fb44-ad16-5b35-b7f5-ed4333b1d721,wikipedia:Limburg:gemeentegrot:valkenburg,Gemeentegrot,Valkenburg,Limburg,,,NL,,,,unknown,draft,unreviewed,Provinciale lijst; adres en actuele status nog controleren.,https://nl.wikipedia.org/wiki/Lijst_van_musea_in_Limburg_(Nederland),
526eb0e7-06c9-5e44-86ad-0757ea85bf0e,wikipedia:Limburg:kasteelruine:valkenburg,Kasteelruïne,Valkenburg,Limburg,,,NL,,,,unknown,draft,unreviewed,Provinciale lijst; adres en actuele status nog controleren.,https://nl.wikipedia.org/wiki/Lijst_van_musea_in_Limburg_(Nederland),
ba7140b6-0e09-5501-9359-0b8022c197a4,wikipedia:Limburg:museumvalkenburg:valkenburg,Museum Valkenburg,Valkenburg,Limburg,,,NL,,,,unknown,draft,unreviewed,Provinciale lijst; adres en actuele status nog controleren.,https://nl.wikipedia.org/wiki/Lijst_van_musea_in_Limburg_(Nederland),
2ad02af4-87f9-5838-8a84-5fb24aff6c22,wikipedia:Limburg:steenkolenmijnvalkenburg:valkenburg,Steenkolenmijn Valkenburg,Valkenburg,Limburg,,,NL,,,,unknown,draft,unreviewed,Provinciale lijst; adres en actuele status nog controleren.,https://nl.wikipedia.org/wiki/Lijst_van_musea_in_Limburg_(Nederland),
afdbaaa5-66c0-58a0-99fe-9807d8277eba,wikipedia:Limburg:abdijulingsheide:venlo,Abdij Ulingsheide,Venlo,Limburg,,,NL,,,,unknown,draft,unreviewed,Provinciale lijst; adres en actuele status nog controleren.,https://nl.wikipedia.org/wiki/Lijst_van_musea_in_Limburg_(Nederland),
0b606f74-1ba0-50ca-8ac0-ae9557e20ff1,wikipedia:Limburg:afrikacentrum:venlo,Afrikacentrum,Venlo,Limburg,,,NL,,,,unknown,draft,unreviewed,Provinciale lijst; adres en actuele status nog controleren.,https://nl.wikipedia.org/wiki/Lijst_van_musea_in_Limburg_(Nederland),
e225f893-778a-592d-9c1d-8c7548d0769e,wikipedia:Limburg:botanischetuinenjochumhof:venlo,Botanische tuinen Jochum-Hof,Venlo,Limburg,,,NL,,,,unknown,draft,unreviewed,Provinciale lijst; adres en actuele status nog controleren.,https://nl.wikipedia.org/wiki/Lijst_van_musea_in_Limburg_(Nederland),
c4806257-c52c-590d-b574-2738abb75687,wikipedia:Limburg:gemeentearchiefvenlo:venlo,Gemeentearchief Venlo,Venlo,Limburg,,,NL,,,,unknown,draft,unreviewed,Provinciale lijst; adres en actuele status nog controleren.,https://nl.wikipedia.org/wiki/Lijst_van_musea_in_Limburg_(Nederland),
2ce0642f-1bdd-5f18-844a-888de0e346b8,wikipedia:Limburg:goltziusmuseum:venlo,Goltziusmuseum,Venlo,Limburg,,,NL,,,,closed,draft,unreviewed,Mogelijk historisch/gesloten. Provinciale lijst; adres en actuele status nog controleren.,https://nl.wikipedia.org/wiki/Lijst_van_musea_in_Limburg_(Nederland),
d631ac02-52d8-5b2e-9fd0-6faf958e31bc,wikipedia:Limburg:grafischatelierdefranserepubliek:venlo,Grafisch atelier De Franse Republiek,Venlo,Limburg,,,NL,,,,unknown,draft,unreviewed,Provinciale lijst; adres en actuele status nog controleren.,https://nl.wikipedia.org/wiki/Lijst_van_musea_in_Limburg_(Nederland),
e0a0cd3e-015a-52d2-b928-14fa1432f6be,wikipedia:Limburg:ithakasciencecenter:venlo,Ithaka Science Center,Venlo,Limburg,,,NL,,,,unknown,draft,unreviewed,Provinciale lijst; adres en actuele status nog controleren.,https://nl.wikipedia.org/wiki/Lijst_van_musea_in_Limburg_(Nederland),wetenschap
72ebf05b-8c9a-5e70-9e88-750d35a6a62c,wikipedia:Limburg:janklaassensmuseum:venlo,Jan Klaassens Museum,Venlo,Limburg,,,NL,,,,unknown,draft,unreviewed,Provinciale lijst; adres en actuele status nog controleren.,https://nl.wikipedia.org/wiki/Lijst_van_musea_in_Limburg_(Nederland),
6e08f609-c73d-5bbb-8c73-9c39f20c92af,wikipedia:Limburg:jeanlaudymuseumkapel:venlo,Jean Laudy Museumkapel,Venlo,Limburg,,,NL,,,,closed,draft,unreviewed,Mogelijk historisch/gesloten. Provinciale lijst; adres en actuele status nog controleren.,https://nl.wikipedia.org/wiki/Lijst_van_musea_in_Limburg_(Nederland),
612b30a6-3aa9-5ba7-b1d1-91dbbbc3ea9d,wikipedia:Limburg:keramiekmuseumtiendschuur:venlo,Keramiekmuseum Tiendschuur,Venlo,Limburg,,,NL,,,,unknown,draft,unreviewed,Provinciale lijst; adres en actuele status nog controleren.,https://nl.wikipedia.org/wiki/Lijst_van_musea_in_Limburg_(Nederland),
9fb679b1-3c18-51d6-b0c6-5799e77544f2,wikipedia:Limburg:leialberigsmuseumkapel:venlo,Lei Alberigs Museumkapel,Venlo,Limburg,,,NL,,,,unknown,draft,unreviewed,Provinciale lijst; adres en actuele status nog controleren.,https://nl.wikipedia.org/wiki/Lijst_van_musea_in_Limburg_(Nederland),
4f3cd457-e889-5f7d-abd1-d621e14dab64,museum-nl:limburgs-museum,Limburgs Museum,Venlo,Limburg,Keulsepoort 5,5911 BX,NL,https://www.limburgsmuseum.nl,51.366733,6.171899,unknown,draft,unreviewed,Bronvermelding is geen controle van actuele opening of toegankelijkheid.,https://www.museum.nl/nl/limburgs-museum | https://nl.wikipedia.org/wiki/Lijst_van_musea_in_Limburg_(Nederland),
627f3201-3862-504f-936e-dfb6ced8a2f4,wikipedia:Limburg:limburgsschutterijmuseum:venlo,Limburgs Schutterij Museum,Venlo,Limburg,,,NL,,,,unknown,draft,unreviewed,Provinciale lijst; adres en actuele status nog controleren.,https://nl.wikipedia.org/wiki/Lijst_van_musea_in_Limburg_(Nederland),
9b4427bd-eb3a-55a1-af4a-d23c187699aa,wikipedia:Limburg:missiemuseumsteyl:venlo,Missiemuseum Steyl,Venlo,Limburg,,,NL,,,,unknown,draft,unreviewed,Provinciale lijst; adres en actuele status nog controleren.,https://nl.wikipedia.org/wiki/Lijst_van_musea_in_Limburg_(Nederland),
a65093fc-e0db-5a7e-bf70-785ee2ec248c,wikipedia:Limburg:museumkazernekwartier:venlo,Museum Kazernekwartier,Venlo,Limburg,,,NL,,,,unknown,draft,unreviewed,Provinciale lijst; adres en actuele status nog controleren.,https://nl.wikipedia.org/wiki/Lijst_van_musea_in_Limburg_(Nederland),
823e5b86-eb4d-532d-9fd0-190da04564db,museum-nl:museum-van-bommel-van-dam,Museum van Bommel van Dam,Venlo,Limburg,Keulsepoort 1,5911 BX,NL,https://www.vanbommelvandam.nl,51.367328,6.171284,unknown,draft,unreviewed,Bronvermelding is geen controle van actuele opening of toegankelijkheid. Provincie afgeleid uit plaatsnaam in provinciale lijst; controleren.,https://www.museum.nl/nl/museum-van-bommel-van-dam,
33230753-1c05-5d79-8d0f-c99e8a1d0551,wikipedia:Limburg:ocemuseum:venlo,Océ-Museum,Venlo,Limburg,,,NL,,,,unknown,draft,unreviewed,Provinciale lijst; adres en actuele status nog controleren.,https://nl.wikipedia.org/wiki/Lijst_van_musea_in_Limburg_(Nederland),
74ca5a45-7e05-57ee-9187-b51ac1e84336,wikipedia:Limburg:politiemuseumvenlo:venlo,Politiemuseum Venlo,Venlo,Limburg,,,NL,,,,unknown,draft,unreviewed,Provinciale lijst; adres en actuele status nog controleren.,https://nl.wikipedia.org/wiki/Lijst_van_musea_in_Limburg_(Nederland),
2e3a465c-c2d5-5706-88ef-a72d78190b64,wikipedia:Limburg:santafe:venlo,Santa Fe,Venlo,Limburg,,,NL,,,,unknown,draft,unreviewed,Provinciale lijst; adres en actuele status nog controleren.,https://nl.wikipedia.org/wiki/Lijst_van_musea_in_Limburg_(Nederland),
b49d17fb-a040-5837-a9d5-ad5d10a35b63,wikipedia:Limburg:speelautomatenmuseum:venlo,Speelautomatenmuseum,Venlo,Limburg,,,NL,,,,unknown,draft,unreviewed,Provinciale lijst; adres en actuele status nog controleren.,https://nl.wikipedia.org/wiki/Lijst_van_musea_in_Limburg_(Nederland),vervoer
26169f4e-5382-5b3b-a384-8458e1cfe7f0,wikipedia:Limburg:streekmuseumhansenhof:venlo,Streekmuseum Hansenhof,Venlo,Limburg,,,NL,,,,unknown,draft,unreviewed,Provinciale lijst; adres en actuele status nog controleren.,https://nl.wikipedia.org/wiki/Lijst_van_musea_in_Limburg_(Nederland),streekgeschiedenis
6894a076-b3a4-5f2e-8a7c-356fc24849ce,wikipedia:Limburg:vvvmuseum:venlo,VVV-Museum,Venlo,Limburg,,,NL,,,,unknown,draft,unreviewed,Provinciale lijst; adres en actuele status nog controleren.,https://nl.wikipedia.org/wiki/Lijst_van_musea_in_Limburg_(Nederland),
9e40bf57-7b08-50a6-a981-7f3d9c42d513,wikipedia:Limburg:vanbommelvandam:venlo,Van Bommel van Dam,Venlo,Limburg,,,NL,,,,unknown,draft,unreviewed,Provinciale lijst; adres en actuele status nog controleren.,https://nl.wikipedia.org/wiki/Lijst_van_musea_in_Limburg_(Nederland),
c2235248-a13c-544f-9003-253f8190e079,wikipedia:Limburg:vanwasroltotdvd:venlo,Van Wasrol tot DVD,Venlo,Limburg,,,NL,,,,unknown,draft,unreviewed,Provinciale lijst; adres en actuele status nog controleren.,https://nl.wikipedia.org/wiki/Lijst_van_musea_in_Limburg_(Nederland),
7b8f4db6-e522-5daf-9561-97924ceafc87,wikipedia:Limburg:odapark:venray,Odapark,Venray,Limburg,,,NL,,,,unknown,draft,unreviewed,Provinciale lijst; adres en actuele status nog controleren.,https://nl.wikipedia.org/wiki/Lijst_van_musea_in_Limburg_(Nederland),
992bd224-3b7f-5809-b3c2-0dca8f57ef88,museum-nl:venrays-museum,Venrays Museum,Venray,Limburg,Monseigneur Goumansplein 1,5801 CZ,NL,https://venraysmuseum.nl/,51.527686,5.974339,unknown,draft,unreviewed,Bronvermelding is geen controle van actuele opening of toegankelijkheid.,https://www.museum.nl/nl/venrays-museum | https://nl.wikipedia.org/wiki/Lijst_van_musea_in_Limburg_(Nederland),
273a459c-6b75-5823-acef-0714889e552e,wikipedia:Limburg:gemeentemuseumweert:weert,Gemeentemuseum Weert,Weert,Limburg,,,NL,,,,unknown,draft,unreviewed,Provinciale lijst; adres en actuele status nog controleren.,https://nl.wikipedia.org/wiki/Lijst_van_musea_in_Limburg_(Nederland),
b241837c-03ee-5ad3-a7d2-f89f8f611f92,museum-nl:museum-w,Museum W,Weert,Limburg,Meikoel 2,6001 EE,NL,https://www.museumw.nl,51.25354,5.706395,unknown,draft,unreviewed,Bronvermelding is geen controle van actuele opening of toegankelijkheid. Provincie afgeleid uit plaatsnaam in provinciale lijst; controleren.,https://www.museum.nl/nl/museum-w,
305f3814-535b-5426-a371-91dac06e5b1f,museum-nl:buitenplaats-kasteel-wijlre,Buitenplaats Kasteel Wijlre,Wijlre,Limburg,Kerkpad / In de Beemden  1,6321 PX,NL,https://kasteelwijlre.nl,50.830165,5.891797,unknown,draft,unreviewed,Bronvermelding is geen controle van actuele opening of toegankelijkheid. Provincie afgeleid uit plaatsnaam in provinciale lijst; controleren.,https://www.museum.nl/nl/buitenplaats-kasteel-wijlre,
8f8ac24a-2184-50f6-86d3-5ce97417d0e5,wikipedia:Limburg:hedgehouse:wijlre,Hedge House,Wijlre,Limburg,,,NL,,,,unknown,draft,unreviewed,Provinciale lijst; adres en actuele status nog controleren.,https://nl.wikipedia.org/wiki/Lijst_van_musea_in_Limburg_(Nederland),
d0816b75-0363-5c0b-b0af-9ed95f4f9636,wikipedia:Limburg:museumdepeelstreek:ysselsteyn,Museum De Peelstreek,Ysselsteyn,Limburg,,,NL,,,,unknown,draft,unreviewed,Provinciale lijst; adres en actuele status nog controleren.,https://nl.wikipedia.org/wiki/Lijst_van_musea_in_Limburg_(Nederland),streekgeschiedenis
a657dc2c-d8a7-52b9-99f0-3da9c1e555d0,wikipedia:Limburg:museumdesmid:ysselsteyn,Museum De Smid,Ysselsteyn,Limburg,,,NL,,,,unknown,draft,unreviewed,Provinciale lijst; adres en actuele status nog controleren.,https://nl.wikipedia.org/wiki/Lijst_van_musea_in_Limburg_(Nederland),
03dba057-9997-57af-b6ab-8a83797a7a59,wikipedia:Limburg:rowkoelehof:ysselsteyn,Ròwkoelehof,Ysselsteyn,Limburg,,,NL,,,,unknown,draft,unreviewed,Provinciale lijst; adres en actuele status nog controleren.,https://nl.wikipedia.org/wiki/Lijst_van_musea_in_Limburg_(Nederland),
349d70db-376b-5672-a802-80cfeb1e203b,wikipedia:Noord-Brabant:beeldentuinhetmuseumkwartier:denbosch,Beeldentuin Het Museumkwartier,'s-Hertogenbosch,Noord-Brabant,,,NL,,,,unknown,draft,unreviewed,Provinciale lijst; adres en actuele status nog controleren.,https://nl.wikipedia.org/wiki/Lijst_van_musea_in_Noord-Brabant,beeldhouwkunst
18fc5450-f935-53ff-b884-cad8fc69b3f4,wikipedia:Noord-Brabant:bolwerksintjan:denbosch,Bolwerk Sint Jan,'s-Hertogenbosch,Noord-Brabant,,,NL,,,,unknown,draft,unreviewed,Provinciale lijst; adres en actuele status nog controleren.,https://nl.wikipedia.org/wiki/Lijst_van_musea_in_Noord-Brabant,
9585a33b-01d9-585f-86f3-68b38a387d6c,wikipedia:Noord-Brabant:brabantshistorischinformatiecentrum:denbosch,Brabants Historisch Informatie Centrum,'s-Hertogenbosch,Noord-Brabant,,,NL,,,,unknown,draft,unreviewed,Provinciale lijst; adres en actuele status nog controleren.,https://nl.wikipedia.org/wiki/Lijst_van_musea_in_Noord-Brabant,geschiedenis
4106ffb4-85e0-580d-b241-56502030cc9b,wikipedia:Noord-Brabant:groottuighuis:denbosch,Groot Tuighuis,'s-Hertogenbosch,Noord-Brabant,,,NL,,,,unknown,draft,unreviewed,Provinciale lijst; adres en actuele status nog controleren.,https://nl.wikipedia.org/wiki/Lijst_van_musea_in_Noord-Brabant,
c02e9f54-9c09-5b60-b51a-40572fec9b82,wikipedia:Noord-Brabant:jeroenboschtuin:denbosch,Jeroen Bosch Tuin,'s-Hertogenbosch,Noord-Brabant,,,NL,,,,unknown,draft,unreviewed,Provinciale lijst; adres en actuele status nog controleren.,https://nl.wikipedia.org/wiki/Lijst_van_musea_in_Noord-Brabant,
ff63aeea-705e-54d2-8239-77a240672090,wikipedia:Noord-Brabant:jheronimusboschartcenter:denbosch,Jheronimus Bosch Art Center,'s-Hertogenbosch,Noord-Brabant,,,NL,,,,unknown,draft,unreviewed,Provinciale lijst; adres en actuele status nog controleren.,https://nl.wikipedia.org/wiki/Lijst_van_musea_in_Noord-Brabant,
26d88e7a-9496-595a-9cf2-90cb50008791,wikipedia:Noord-Brabant:koningstheatermuseum:denbosch,Koningstheater Museum,'s-Hertogenbosch,Noord-Brabant,,,NL,,,,unknown,draft,unreviewed,Provinciale lijst; adres en actuele status nog controleren.,https://nl.wikipedia.org/wiki/Lijst_van_musea_in_Noord-Brabant,
db50ad72-3ac9-5d9b-b847-663d3b4bff80,wikipedia:Noord-Brabant:museumbastionderbastionoranje:denbosch,Museum Bastionder (Bastion Oranje),'s-Hertogenbosch,Noord-Brabant,,,NL,,,,unknown,draft,unreviewed,Provinciale lijst; adres en actuele status nog controleren.,https://nl.wikipedia.org/wiki/Lijst_van_musea_in_Noord-Brabant,
3ecc82f4-fb17-5bb0-b031-d17929e59808,museum-nl:museum-kruithuis,Museum Kruithuis,'s-Hertogenbosch,Noord-Brabant,Citadellaan 7,5211 XA,NL,https://www.museumkruithuis.nl,51.693659,5.305109,unknown,draft,unreviewed,Bronvermelding is geen controle van actuele opening of toegankelijkheid. Provincie afgeleid uit plaatsnaam in provinciale lijst; controleren.,https://www.museum.nl/nl/museum-kruithuis,
2a9512f2-343a-5846-9c0f-4357fca76124,wikipedia:Noord-Brabant:museumgemaalcaners:denbosch,Museumgemaal Caners,'s-Hertogenbosch,Noord-Brabant,,,NL,,,,unknown,draft,unreviewed,Provinciale lijst; adres en actuele status nog controleren.,https://nl.wikipedia.org/wiki/Lijst_van_musea_in_Noord-Brabant,
234c5d46-4243-5952-8e3f-77590d12c477,wikipedia:Noord-Brabant:nationaalcarnavalsmuseum:denbosch,Nationaal Carnavalsmuseum,'s-Hertogenbosch,Noord-Brabant,,,NL,,,,unknown,draft,unreviewed,Provinciale lijst; adres en actuele status nog controleren.,https://nl.wikipedia.org/wiki/Lijst_van_musea_in_Noord-Brabant,
55525631-2e9c-5d79-9d64-b3b906236d36,wikipedia:Noord-Brabant:stokkruithuis:denbosch,STOK-Kruithuis,'s-Hertogenbosch,Noord-Brabant,,,NL,,,,unknown,draft,unreviewed,Provinciale lijst; adres en actuele status nog controleren.,https://nl.wikipedia.org/wiki/Lijst_van_musea_in_Noord-Brabant,
85211f88-35a4-5727-96f9-dacfe21b4e69,wikipedia:Noord-Brabant:sintjansmuseum:denbosch,Sint-Jansmuseum,'s-Hertogenbosch,Noord-Brabant,,,NL,,,,unknown,draft,unreviewed,Provinciale lijst; adres en actuele status nog controleren.,https://nl.wikipedia.org/wiki/Lijst_van_musea_in_Noord-Brabant,
957e4a7a-dbac-5785-abf5-c36310af2d4e,wikipedia:Noord-Brabant:oudheidkundigstreekmuseumalphen:alphen,Oudheidkundig streekmuseum Alphen,Alphen,Noord-Brabant,,,NL,,,,unknown,draft,unreviewed,Provinciale lijst; adres en actuele status nog controleren.,https://nl.wikipedia.org/wiki/Lijst_van_musea_in_Noord-Brabant,geschiedenis | streekgeschiedenis
3375d1cd-ada9-582c-9084-7733b4b5adf2,museum-nl:museum-klok-peel,Museum Klok & Peel,Asten,Noord-Brabant,Ostaderstraat 23,5721 WC,NL,https://www.museumklokenpeel.nl/,51.403553,5.733475,unknown,draft,unreviewed,Bronvermelding is geen controle van actuele opening of toegankelijkheid.,https://www.museum.nl/nl/museum-klok-peel | https://nl.wikipedia.org/wiki/Lijst_van_musea_in_Noord-Brabant,
d90393a3-e410-50f3-933f-b85ccf72f25a,wikipedia:Noord-Brabant:nationaalbeiaardmuseum:asten,Nationaal Beiaardmuseum,Asten,Noord-Brabant,,,NL,,,,unknown,draft,unreviewed,Provinciale lijst; adres en actuele status nog controleren.,https://nl.wikipedia.org/wiki/Lijst_van_musea_in_Noord-Brabant,
8b5b5926-16f6-5b43-a1be-07958494878f,wikipedia:Noord-Brabant:natuurhistorischmuseumdepeel:asten,Natuurhistorisch Museum De Peel,Asten,Noord-Brabant,,,NL,,,,unknown,draft,unreviewed,Provinciale lijst; adres en actuele status nog controleren.,https://nl.wikipedia.org/wiki/Lijst_van_musea_in_Noord-Brabant,geschiedenis | natuur
3338c6f1-6f2d-549a-8b5f-6c8e4e494f91,wikipedia:Noord-Brabant:kaarsenmuseum:baarlenassau,Kaarsenmuseum,Baarle-Nassau,Noord-Brabant,,,NL,,,,unknown,draft,unreviewed,Provinciale lijst; adres en actuele status nog controleren.,https://nl.wikipedia.org/wiki/Lijst_van_musea_in_Noord-Brabant,
b12833f6-e042-58f2-83c5-82f293a7145b,wikipedia:Noord-Brabant:detolbrug:bakel,de Tolbrug,Bakel,Noord-Brabant,,,NL,,,,unknown,draft,unreviewed,Provinciale lijst; adres en actuele status nog controleren.,https://nl.wikipedia.org/wiki/Lijst_van_musea_in_Noord-Brabant,
a0278fb2-8373-501d-a64d-9ede132d8632,wikipedia:Noord-Brabant:nationaalveeteeltmuseum:beers,Nationaal Veeteelt Museum,Beers,Noord-Brabant,,,NL,,,,unknown,draft,unreviewed,Provinciale lijst; adres en actuele status nog controleren.,https://nl.wikipedia.org/wiki/Lijst_van_musea_in_Noord-Brabant,
e97f2cd9-f311-5e64-b859-7b4cabaf96da,wikipedia:Noord-Brabant:eichamuseumarcheologischmuseumbrabantsekempen:bergeijk,"Eicha Museum, Archeologisch museum Brabantse Kempen",Bergeijk,Noord-Brabant,,,NL,,,,unknown,draft,unreviewed,Provinciale lijst; adres en actuele status nog controleren.,https://nl.wikipedia.org/wiki/Lijst_van_musea_in_Noord-Brabant,
ecf795cb-b983-5e1f-830b-12d083fa652e,wikipedia:Noord-Brabant:museumdesigarenmaker:bergeijk,Museum de Sigarenmaker,Bergeijk,Noord-Brabant,,,NL,,,,unknown,draft,unreviewed,Provinciale lijst; adres en actuele status nog controleren.,https://nl.wikipedia.org/wiki/Lijst_van_musea_in_Noord-Brabant,
4e2702d8-d1ec-5c93-b6a2-93ed9db3e926,wikipedia:Noord-Brabant:hetmarkiezenhof:bergenopzoom,Het Markiezenhof,Bergen op Zoom,Noord-Brabant,,,NL,,,,unknown,draft,unreviewed,Provinciale lijst; adres en actuele status nog controleren.,https://nl.wikipedia.org/wiki/Lijst_van_musea_in_Noord-Brabant,
0f4126c4-c98c-5574-be26-ef6abe57598b,museum-nl:markiezenhof,Markiezenhof,Bergen op Zoom,Noord-Brabant,Steenbergsestraat 8,4611 TE,NL,https://www.markiezenhof.nl,51.495721,4.284808,unknown,draft,unreviewed,Bronvermelding is geen controle van actuele opening of toegankelijkheid. Provincie afgeleid uit plaatsnaam in provinciale lijst; controleren.,https://www.museum.nl/nl/markiezenhof,
65165932-b46f-51ae-a9ab-7743897bc79c,wikipedia:Noord-Brabant:brouwerijdekoningshoevenlatrappe:berkelenschot,Brouwerij De Koningshoeven - La Trappe,Berkel-Enschot,Noord-Brabant,,,NL,,,,unknown,draft,unreviewed,Provinciale lijst; adres en actuele status nog controleren.,https://nl.wikipedia.org/wiki/Lijst_van_musea_in_Noord-Brabant,
142b69b6-ddeb-5853-b7f6-02d595af2a9a,wikipedia:Noord-Brabant:historiaparkmuseum:best,Historia park museum,Best,Noord-Brabant,,,NL,,,,unknown,draft,unreviewed,Provinciale lijst; adres en actuele status nog controleren.,https://nl.wikipedia.org/wiki/Lijst_van_musea_in_Noord-Brabant,geschiedenis
0d56b9a9-ee63-5870-ab85-ecad04d4db4b,wikipedia:Noord-Brabant:klompenmuseumdeplatijn:best,Klompenmuseum De Platijn,Best,Noord-Brabant,,,NL,,,,unknown,draft,unreviewed,Provinciale lijst; adres en actuele status nog controleren.,https://nl.wikipedia.org/wiki/Lijst_van_musea_in_Noord-Brabant,
47060e94-6e18-511f-b5e1-f1f1fdb0a059,wikipedia:Noord-Brabant:museumbevrijdendevleugels:best,Museum Bevrijdende Vleugels,Best,Noord-Brabant,,,NL,,,,unknown,draft,unreviewed,Provinciale lijst; adres en actuele status nog controleren.,https://nl.wikipedia.org/wiki/Lijst_van_musea_in_Noord-Brabant,
f82b4581-fe61-56cd-a395-4964970a2319,wikipedia:Noord-Brabant:speelgoedmuseumspelebos:best,Speelgoedmuseum Spelebos,Best,Noord-Brabant,,,NL,,,,unknown,draft,unreviewed,Provinciale lijst; adres en actuele status nog controleren.,https://nl.wikipedia.org/wiki/Lijst_van_musea_in_Noord-Brabant,
f58eef01-02b1-5216-b3d1-69847e5adee7,wikipedia:Noord-Brabant:heemkamerpladellavilla:bladel,Heemkamer Pladella Villa,Bladel,Noord-Brabant,,,NL,,,,unknown,draft,unreviewed,Provinciale lijst; adres en actuele status nog controleren.,https://nl.wikipedia.org/wiki/Lijst_van_musea_in_Noord-Brabant,
0a582bff-e28c-58df-b1cd-d5ca8d77b323,wikipedia:Noord-Brabant:vliegendmuseumseppe:bosschenhoofd,Vliegend Museum Seppe,Bosschenhoofd,Noord-Brabant,,,NL,,,,unknown,draft,unreviewed,Provinciale lijst; adres en actuele status nog controleren.,https://nl.wikipedia.org/wiki/Lijst_van_musea_in_Noord-Brabant,
c6dbd81a-c8a5-5e60-8e5d-857096345d9b,museum-nl:museum-boxtel,Museum Boxtel,Boxtel,Noord-Brabant,Baroniestraat 18,5281 JE,NL,https://www.muboboxtel.nl,51.590588,5.319192,unknown,draft,unreviewed,Bronvermelding is geen controle van actuele opening of toegankelijkheid. Provincie afgeleid uit plaatsnaam in provinciale lijst; controleren.,https://www.museum.nl/nl/museum-boxtel,
e075ab7f-7185-51d4-a42c-f1a752d1d83e,museum-nl:museum-vekemans,Museum Vekemans,Boxtel,Noord-Brabant,Stationsstraat 39,5281 GA,NL,https://www.museumvekemans.nl,51.587921,5.322312,unknown,draft,unreviewed,Bronvermelding is geen controle van actuele opening of toegankelijkheid.,https://www.museum.nl/nl/museum-vekemans | https://nl.wikipedia.org/wiki/Lijst_van_musea_in_Noord-Brabant,
014f9ed6-7f58-5ea3-95d6-e9391bcf071b,wikipedia:Noord-Brabant:oertijdmuseumdegroenepoort:boxtel,Oertijdmuseum De Groene Poort,Boxtel,Noord-Brabant,,,NL,,,,unknown,draft,unreviewed,Provinciale lijst; adres en actuele status nog controleren.,https://nl.wikipedia.org/wiki/Lijst_van_musea_in_Noord-Brabant,
77116564-433c-550a-aaa4-432208cf7b3e,wikipedia:Noord-Brabant:begijnhofbredamuseum:breda,Begijnhof Breda Museum,Breda,Noord-Brabant,,,NL,,,,unknown,draft,unreviewed,Provinciale lijst; adres en actuele status nog controleren.,https://nl.wikipedia.org/wiki/Lijst_van_musea_in_Noord-Brabant,
3f277336-44da-5b99-bc28-5d21de27286c,wikipedia:Noord-Brabant:bierreclamemuseum:breda,Bierreclame Museum,Breda,Noord-Brabant,,,NL,,,,unknown,draft,unreviewed,Provinciale lijst; adres en actuele status nog controleren.,https://nl.wikipedia.org/wiki/Lijst_van_musea_in_Noord-Brabant,
f784a309-c105-5672-9121-36931d4f2b67,wikipedia:Noord-Brabant:generaalmaczekmuseum:breda,Generaal Maczek Museum,Breda,Noord-Brabant,,,NL,,,,unknown,draft,unreviewed,Provinciale lijst; adres en actuele status nog controleren.,https://nl.wikipedia.org/wiki/Lijst_van_musea_in_Noord-Brabant,
2d40854c-37a5-597d-accb-d040af55aa44,wikipedia:Noord-Brabant:heemkundigmuseumpaulusvandaesdonck:breda,Heemkundig Museum Paulus van Daesdonck,Breda,Noord-Brabant,,,NL,,,,unknown,draft,unreviewed,Provinciale lijst; adres en actuele status nog controleren.,https://nl.wikipedia.org/wiki/Lijst_van_musea_in_Noord-Brabant,
91f05c98-7fc8-542a-9d11-38311ffac499,wikipedia:Noord-Brabant:maczekmemorialbreda:breda,Maczek Memorial Breda,Breda,Noord-Brabant,,,NL,,,,unknown,draft,unreviewed,Provinciale lijst; adres en actuele status nog controleren.,https://nl.wikipedia.org/wiki/Lijst_van_musea_in_Noord-Brabant,
ca984878-cf31-597f-bf20-dcd3db1524c2,wikipedia:Noord-Brabant:museumoorlogenvredebreda:breda,Museum Oorlog en Vrede Breda,Breda,Noord-Brabant,,,NL,,,,unknown,draft,unreviewed,Provinciale lijst; adres en actuele status nog controleren.,https://nl.wikipedia.org/wiki/Lijst_van_musea_in_Noord-Brabant,geschiedenis
853c587a-1cea-5d0e-9c64-73d5903cd6f2,wikipedia:Noord-Brabant:museumjachtbreda:breda,Museumjacht Breda,Breda,Noord-Brabant,,,NL,,,,unknown,draft,unreviewed,Provinciale lijst; adres en actuele status nog controleren.,https://nl.wikipedia.org/wiki/Lijst_van_musea_in_Noord-Brabant,
afbf8da9-ae3b-516a-a9dc-a4104ff6797c,wikipedia:Noord-Brabant:nacmuseum:breda,NAC Museum,Breda,Noord-Brabant,,,NL,,,,unknown,draft,unreviewed,Provinciale lijst; adres en actuele status nog controleren.,https://nl.wikipedia.org/wiki/Lijst_van_musea_in_Noord-Brabant,
eda16778-5af3-589c-843d-91af1be8a43c,wikipedia:Noord-Brabant:princenhaagsmuseum:breda,Princenhaags Museum,Breda,Noord-Brabant,,,NL,,,,unknown,draft,unreviewed,Provinciale lijst; adres en actuele status nog controleren.,https://nl.wikipedia.org/wiki/Lijst_van_musea_in_Noord-Brabant,
2a46501c-a2db-5c39-a68f-7611def83d0b,museum-nl:stedelijk-museum-breda,Stedelijk Museum Breda,Breda,Noord-Brabant,Boschstraat 22,4811 GH,NL,https://stedelijkmuseumbreda.nl/,51.589639,4.78101,unknown,draft,unreviewed,Bronvermelding is geen controle van actuele opening of toegankelijkheid.,https://www.museum.nl/nl/stedelijk-museum-breda | https://nl.wikipedia.org/wiki/Lijst_van_musea_in_Noord-Brabant,
9fe06f9b-7553-5751-b026-0b228e1660e0,wikipedia:Noord-Brabant:museumjancorver:budel,Museum Jan Corver,Budel,Noord-Brabant,,,NL,,,,unknown,draft,unreviewed,Provinciale lijst; adres en actuele status nog controleren.,https://nl.wikipedia.org/wiki/Lijst_van_musea_in_Noord-Brabant,
4ebbde34-9245-5ebc-aafc-549c39d0b5ec,wikipedia:Noord-Brabant:amerikamuseum:cuijk,Amerika Museum,Cuijk,Noord-Brabant,,,NL,,,,closed,draft,unreviewed,Mogelijk historisch/gesloten. Provinciale lijst; adres en actuele status nog controleren.,https://nl.wikipedia.org/wiki/Lijst_van_musea_in_Noord-Brabant,
e7a544b6-99a0-5926-ad7d-8a937fa62c06,wikipedia:Noord-Brabant:museumceuclum:cuijk,Museum Ceuclum,Cuijk,Noord-Brabant,,,NL,,,,unknown,draft,unreviewed,Provinciale lijst; adres en actuele status nog controleren.,https://nl.wikipedia.org/wiki/Lijst_van_musea_in_Noord-Brabant,
88ccf034-8bb3-5af0-978f-b43e50073eb5,museum-nl:design-museum-den-bosch,Design Museum Den Bosch,Den Bosch,Noord-Brabant,De Mortel 4,5211 HV,NL,https://www.designmuseum.nl,51.685743,5.30417,unknown,draft,unreviewed,Bronvermelding is geen controle van actuele opening of toegankelijkheid.,https://www.museum.nl/nl/design-museum-den-bosch | https://nl.wikipedia.org/wiki/Lijst_van_musea_in_Noord-Brabant,
ecb8adbb-a48b-51e4-8a84-386a04106acf,museum-nl:het-noordbrabants-museum,Het Noordbrabants Museum,Den Bosch,Noord-Brabant,Verwersstraat 41,5211 HT,NL,https://www.hetnoordbrabantsmuseum.nl/,51.68658,5.304685,unknown,draft,unreviewed,Bronvermelding is geen controle van actuele opening of toegankelijkheid.,https://www.museum.nl/nl/het-noordbrabants-museum | https://nl.wikipedia.org/wiki/Lijst_van_musea_in_Noord-Brabant,
e5422e49-51de-5669-91d9-bde559fb0d12,museum-nl:museum-slager,Museum Slager,Den Bosch,Noord-Brabant,Choorstraat 8,5211 KZ,NL,https://www.museumslager.nl,51.687707,5.309764,unknown,draft,unreviewed,Bronvermelding is geen controle van actuele opening of toegankelijkheid.,https://www.museum.nl/nl/museum-slager | https://nl.wikipedia.org/wiki/Lijst_van_musea_in_Noord-Brabant,
fa1560d2-47a8-560d-bdec-d4b93d39e338,museum-nl:zwanenbroedershuis,Zwanenbroedershuis,Den Bosch,Noord-Brabant,Hinthamerstraat 94,5211 MS,NL,https://www.zwanenbroedershuis.nl,51.688712,5.309533,unknown,draft,unreviewed,Bronvermelding is geen controle van actuele opening of toegankelijkheid.,https://www.museum.nl/nl/zwanenbroedershuis | https://nl.wikipedia.org/wiki/Lijst_van_musea_in_Noord-Brabant,
0708086f-9a84-5bcb-9f40-8b35b9d48b1b,wikipedia:Noord-Brabant:museumtbrabantsleven:dendungen,Museum 't Brabants Leven,Den Dungen,Noord-Brabant,,,NL,,,,unknown,draft,unreviewed,Provinciale lijst; adres en actuele status nog controleren.,https://nl.wikipedia.org/wiki/Lijst_van_musea_in_Noord-Brabant,
59f52d1b-20b6-58f5-a290-70073d4bd8cb,wikipedia:Noord-Brabant:dewieger:deurne,De Wieger,Deurne,Noord-Brabant,,,NL,,,,unknown,draft,unreviewed,Provinciale lijst; adres en actuele status nog controleren.,https://nl.wikipedia.org/wiki/Lijst_van_musea_in_Noord-Brabant,
f464bfae-6478-5717-b2c6-b412ef103ba3,museum-nl:museum-de-wieger,Museum De Wieger,Deurne,Noord-Brabant,Oude Liesselseweg 29,5751 WN,NL,https://www.dewieger.nl,51.458946,5.79607,unknown,draft,unreviewed,Bronvermelding is geen controle van actuele opening of toegankelijkheid. Provincie afgeleid uit plaatsnaam in provinciale lijst; controleren.,https://www.museum.nl/nl/museum-de-wieger,
a547b1a5-6325-5133-96fd-7b2eef762d3f,museum-nl:de-looierij,De Looierij,Dongen,Noord-Brabant,Kerkstraat 33,5101 BB,NL,https://www.delooierij.nl,51.623731,4.93315,unknown,draft,unreviewed,Bronvermelding is geen controle van actuele opening of toegankelijkheid. Provincie afgeleid uit plaatsnaam in provinciale lijst; controleren.,https://www.museum.nl/nl/de-looierij,
8bf98ce5-6c80-5059-8438-2170cfcc6cc8,wikipedia:Noord-Brabant:museumdelooierij:dongen,Museum de Looierij,Dongen,Noord-Brabant,,,NL,,,,unknown,draft,unreviewed,Provinciale lijst; adres en actuele status nog controleren.,https://nl.wikipedia.org/wiki/Lijst_van_musea_in_Noord-Brabant,
c9e66865-b8ec-5f1e-a29f-b8577f7f4409,wikipedia:Noord-Brabant:deachtzaligheden:eersel,De Acht Zaligheden,Eersel,Noord-Brabant,,,NL,,,,unknown,draft,unreviewed,Provinciale lijst; adres en actuele status nog controleren.,https://nl.wikipedia.org/wiki/Lijst_van_musea_in_Noord-Brabant,
9df5d729-84f7-539a-b37b-6e1897c85b9a,museum-nl:kempenmuseum,Kempenmuseum,Eersel,Noord-Brabant,Kapelweg 2,5521 JJ,NL,https://www.kempenmuseum.nl/,51.353788,5.311863,unknown,draft,unreviewed,Bronvermelding is geen controle van actuele opening of toegankelijkheid. Provincie afgeleid uit plaatsnaam in provinciale lijst; controleren.,https://www.museum.nl/nl/kempenmuseum,
28c9d9ea-1f01-530e-af85-0758db56ace5,wikipedia:Noord-Brabant:nationaalvarkensmuseum:eersel,Nationaal Varkensmuseum,Eersel,Noord-Brabant,,,NL,,,,unknown,draft,unreviewed,Provinciale lijst; adres en actuele status nog controleren.,https://nl.wikipedia.org/wiki/Lijst_van_musea_in_Noord-Brabant,
e434ac2a-a721-54ee-bbc5-2f970b6fc47e,wikipedia:Noord-Brabant:centrumkunstlichtindekunst:eindhoven,Centrum Kunstlicht in de Kunst,Eindhoven,Noord-Brabant,,,NL,,,,unknown,draft,unreviewed,Provinciale lijst; adres en actuele status nog controleren.,https://nl.wikipedia.org/wiki/Lijst_van_musea_in_Noord-Brabant,kunst
2f2569cf-be89-516d-9452-5a57649081d6,museum-nl:daf-museum,DAF Museum,Eindhoven,Noord-Brabant,Tongelresestraat 27,5613 DA,NL,https://www.dafmuseum.nl/nl-nl,51.437221,5.490429,unknown,draft,unreviewed,Bronvermelding is geen controle van actuele opening of toegankelijkheid.,https://www.museum.nl/nl/daf-museum | https://nl.wikipedia.org/wiki/Lijst_van_musea_in_Noord-Brabant,
fa222165-fb89-5f5a-8b52-ef716e5654c7,wikipedia:Noord-Brabant:designhuiseindhoven:eindhoven,Designhuis Eindhoven,Eindhoven,Noord-Brabant,,,NL,,,,unknown,draft,unreviewed,Provinciale lijst; adres en actuele status nog controleren.,https://nl.wikipedia.org/wiki/Lijst_van_musea_in_Noord-Brabant,
b2dd498a-b4a8-5f30-8eef-96a527ca7b56,wikipedia:Noord-Brabant:eindhovenmuseum:eindhoven,Eindhoven Museum,Eindhoven,Noord-Brabant,,,NL,,,,unknown,draft,unreviewed,Provinciale lijst; adres en actuele status nog controleren.,https://nl.wikipedia.org/wiki/Lijst_van_musea_in_Noord-Brabant,
04a6166f-a474-5bae-9e4d-5e71d5f58eb6,wikipedia:Noord-Brabant:muartspace:eindhoven,MU Artspace,Eindhoven,Noord-Brabant,,,NL,,,,unknown,draft,unreviewed,Provinciale lijst; adres en actuele status nog controleren.,https://nl.wikipedia.org/wiki/Lijst_van_musea_in_Noord-Brabant,
f1695613-bc74-5954-a628-c389f55d7e61,museum-nl:mu-hybrid-art-house,MU Hybrid Art House,Eindhoven,Noord-Brabant,Torenallee 40-06,5617 BD,NL,http://www.mu.nl/nl,51.447114,5.457005,unknown,draft,unreviewed,Bronvermelding is geen controle van actuele opening of toegankelijkheid. Provincie afgeleid uit plaatsnaam in provinciale lijst; controleren.,https://www.museum.nl/nl/mu-hybrid-art-house,
bebe21f1-af16-5ec5-bd2e-b78ac15bf294,museum-nl:museumpark-vonk,Museumpark VONK,Eindhoven,Noord-Brabant,Boutenslaan 161b,5644 TV,NL,https://vonk.nl/,51.424278,5.474094,unknown,draft,unreviewed,Bronvermelding is geen controle van actuele opening of toegankelijkheid. Provincie afgeleid uit plaatsnaam in provinciale lijst; controleren.,https://www.museum.nl/nl/museumpark-vonk,
dbe280e1-d2c6-5329-8be6-f03903899a0e,museum-nl:next-nature-museum,Next Nature Museum,Eindhoven,Noord-Brabant,Noord Brabantlaan 1A,5652 LA,NL,https://nextnature.museum/nl/museum,51.443611,5.446814,unknown,draft,unreviewed,Bronvermelding is geen controle van actuele opening of toegankelijkheid.,https://www.museum.nl/nl/next-nature-museum | https://nl.wikipedia.org/wiki/Lijst_van_musea_in_Noord-Brabant,natuur
13289807-57f9-5f96-9800-1f805f8a2e5a,museum-nl:philips-museum,Philips Museum,Eindhoven,Noord-Brabant,Emmasingel 31,5611 AZ,NL,https://www.philips.nl/a-w/philips-museum.html,51.439431,5.475464,unknown,draft,unreviewed,Bronvermelding is geen controle van actuele opening of toegankelijkheid.,https://www.museum.nl/nl/philips-museum | https://nl.wikipedia.org/wiki/Lijst_van_musea_in_Noord-Brabant,
01454eb6-db10-51bc-b474-c723ff2fc672,wikipedia:Noord-Brabant:tonsmitshuis:eindhoven,Ton Smits Huis,Eindhoven,Noord-Brabant,,,NL,,,,unknown,draft,unreviewed,Provinciale lijst; adres en actuele status nog controleren.,https://nl.wikipedia.org/wiki/Lijst_van_musea_in_Noord-Brabant,
d88b798d-25af-5e7b-b615-7ed455fdf4cd,museum-nl:van-abbemuseum,Van Abbemuseum,Eindhoven,Noord-Brabant,Stratumsedijk 2,5611 ND,NL,https://www.vanabbemuseum.nl,51.434193,5.48363,unknown,draft,unreviewed,Bronvermelding is geen controle van actuele opening of toegankelijkheid.,https://www.museum.nl/nl/van-abbemuseum | https://nl.wikipedia.org/wiki/Lijst_van_musea_in_Noord-Brabant,
1184b861-5529-51d1-9099-690256ee1c7a,wikipedia:Noord-Brabant:emaillemuseum:erp,Emaille museum,Erp,Noord-Brabant,,,NL,,,,unknown,draft,unreviewed,Provinciale lijst; adres en actuele status nog controleren.,https://nl.wikipedia.org/wiki/Lijst_van_musea_in_Noord-Brabant,
3bdeae20-fec7-5b7a-921a-03ccbc47a814,wikipedia:Noord-Brabant:andreasschotelmuseum:esbeek,Andreas Schotel museum,Esbeek,Noord-Brabant,,,NL,,,,unknown,draft,unreviewed,Provinciale lijst; adres en actuele status nog controleren.,https://nl.wikipedia.org/wiki/Lijst_van_musea_in_Noord-Brabant,
5caf372c-46b8-5dad-912d-31d3611c3034,wikipedia:Noord-Brabant:drukkerijmuseum:ettenleur,Drukkerijmuseum,Etten-Leur,Noord-Brabant,,,NL,,,,unknown,draft,unreviewed,Provinciale lijst; adres en actuele status nog controleren.,https://nl.wikipedia.org/wiki/Lijst_van_musea_in_Noord-Brabant,
fa46ac65-7f63-58a7-8b86-e883f4f88377,wikipedia:Noord-Brabant:huysmuseum:ettenleur,Huysmuseum,Etten-Leur,Noord-Brabant,,,NL,,,,unknown,draft,unreviewed,Provinciale lijst; adres en actuele status nog controleren.,https://nl.wikipedia.org/wiki/Lijst_van_musea_in_Noord-Brabant,
7e56520e-72fb-5223-a9a4-300e03a6eddc,wikipedia:Noord-Brabant:museumjanutenhoute:ettenleur,Museum Jan Uten Houte,Etten-Leur,Noord-Brabant,,,NL,,,,unknown,draft,unreviewed,Provinciale lijst; adres en actuele status nog controleren.,https://nl.wikipedia.org/wiki/Lijst_van_musea_in_Noord-Brabant,
8e5547e7-285e-580a-8424-b560c801de22,museum-nl:van-gogh-etten-leur-museum-sint-paulushofje,Van Gogh Etten-Leur/ Museum Sint Paulushofje,Etten-Leur,Noord-Brabant,Markt 59,4875 CC,NL,https://www.vangoghetten-leur.nl,51.57124,4.633843,unknown,draft,unreviewed,Bronvermelding is geen controle van actuele opening of toegankelijkheid. Provincie afgeleid uit plaatsnaam in provinciale lijst; controleren.,https://www.museum.nl/nl/van-gogh-etten-leur-museum-sint-paulushofje,kunst
5a76b72c-2303-5c48-8d68-052d97c5ac3c,wikipedia:Noord-Brabant:museumvanlien:fijnaart,Museum van Lien,Fijnaart,Noord-Brabant,,,NL,,,,unknown,draft,unreviewed,Provinciale lijst; adres en actuele status nog controleren.,https://nl.wikipedia.org/wiki/Lijst_van_musea_in_Noord-Brabant,
3c9c1778-8cab-5aa4-9feb-8bb500fad558,museum-nl:museum-de-roos,Museum 'De Roos',Geertruidenberg,Noord-Brabant,Markt 46,4931 BT,NL,https://www.museumderoos.nl,51.700809,4.859771,unknown,draft,unreviewed,Bronvermelding is geen controle van actuele opening of toegankelijkheid.,https://www.museum.nl/nl/museum-de-roos | https://nl.wikipedia.org/wiki/Lijst_van_musea_in_Noord-Brabant,
dddc5d0d-4932-5457-bb34-bd3b9bf41367,museum-nl:weverijmuseum,Weverijmuseum,Geldrop,Noord-Brabant,Molenstraat 21,5664 HV,NL,https://www.weverijmuseum.nl,51.422301,5.563708,unknown,draft,unreviewed,Bronvermelding is geen controle van actuele opening of toegankelijkheid. Provincie afgeleid uit plaatsnaam in provinciale lijst; controleren.,https://www.museum.nl/nl/weverijmuseum,
1088d6b0-418f-5d92-9a87-bf9215c3f529,wikipedia:Noord-Brabant:weverijmuseumgeldrop:geldrop,Weverijmuseum Geldrop,Geldrop,Noord-Brabant,,,NL,,,,unknown,draft,unreviewed,Provinciale lijst; adres en actuele status nog controleren.,https://nl.wikipedia.org/wiki/Lijst_van_musea_in_Noord-Brabant,
1c041fa0-fc86-5936-97f9-2255c272d2c2,wikipedia:Noord-Brabant:boerenbondsmuseum:gemert,Boerenbondsmuseum,Gemert,Noord-Brabant,,,NL,,,,unknown,draft,unreviewed,Provinciale lijst; adres en actuele status nog controleren.,https://nl.wikipedia.org/wiki/Lijst_van_musea_in_Noord-Brabant,
a7b172f3-183e-5689-b051-112f098fc776,wikipedia:Noord-Brabant:archeologischenpaleontologischmuseumhertogsgemaal:gewande,Archeologisch en Paleontologisch Museum Hertogsgemaal,Gewande,Noord-Brabant,,,NL,,,,unknown,draft,unreviewed,Provinciale lijst; adres en actuele status nog controleren.,https://nl.wikipedia.org/wiki/Lijst_van_musea_in_Noord-Brabant,
ef7affb2-aefe-5089-95b8-4e2bdc0efeac,wikipedia:Noord-Brabant:heemerfdeschutsboom:goirle,Heemerf De Schutsboom,Goirle,Noord-Brabant,,,NL,,,,unknown,draft,unreviewed,Provinciale lijst; adres en actuele status nog controleren.,https://nl.wikipedia.org/wiki/Lijst_van_musea_in_Noord-Brabant,
45fbc9d5-2702-5cb0-bef7-47c1332c599d,wikipedia:Noord-Brabant:graafsmuseum:grave,Graafs Museum,Grave,Noord-Brabant,,,NL,,,,unknown,draft,unreviewed,Provinciale lijst; adres en actuele status nog controleren.,https://nl.wikipedia.org/wiki/Lijst_van_musea_in_Noord-Brabant,
2f55840b-4084-5ad5-8e01-efbdc4facb89,museum-nl:stadsmuseum-grave,Stadsmuseum Grave,Grave,Noord-Brabant,St. Elisabethstraat 10a,5361 HK,NL,https://www.stadsmuseumgrave.nl,51.757448,5.738577,unknown,draft,unreviewed,Bronvermelding is geen controle van actuele opening of toegankelijkheid. Provincie afgeleid uit plaatsnaam in provinciale lijst; controleren.,https://www.museum.nl/nl/stadsmuseum-grave,streekgeschiedenis
00739ab5-487f-5557-9988-dfbf49106855,wikipedia:Noord-Brabant:tmuseumke:handel,'t Museumke,Handel,Noord-Brabant,,,NL,,,,unknown,draft,unreviewed,Provinciale lijst; adres en actuele status nog controleren.,https://nl.wikipedia.org/wiki/Lijst_van_musea_in_Noord-Brabant,
7ae11266-0a57-5bb1-8684-7c5fe831d328,wikipedia:Noord-Brabant:bakelietenplasticmuseum:hank,Bakeliet en Plastic Museum,Hank,Noord-Brabant,,,NL,,,,unknown,draft,unreviewed,Provinciale lijst; adres en actuele status nog controleren.,https://nl.wikipedia.org/wiki/Lijst_van_musea_in_Noord-Brabant,
20247fe8-9270-58b7-b409-5bbf2a4b0c76,wikipedia:Noord-Brabant:poppenhuismuseum:heesch,Poppenhuismuseum,Heesch,Noord-Brabant,,,NL,,,,unknown,draft,unreviewed,Provinciale lijst; adres en actuele status nog controleren.,https://nl.wikipedia.org/wiki/Lijst_van_musea_in_Noord-Brabant,
69db5b0a-cf55-54b2-8bbc-c1a78c562f2f,wikipedia:Noord-Brabant:demeierijschemuseumboerderij:heeswijkdinther,De Meierijsche Museumboerderij,Heeswijk Dinther,Noord-Brabant,,,NL,,,,unknown,draft,unreviewed,Provinciale lijst; adres en actuele status nog controleren.,https://nl.wikipedia.org/wiki/Lijst_van_musea_in_Noord-Brabant,
64568860-f244-5472-b815-10649bd0d967,museum-nl:kasteel-heeswijk,Kasteel Heeswijk,Heeswijk-Dinther,Noord-Brabant,Kasteel 4,5473 VA,NL,https://www.kasteelheeswijk.nl,51.655846,5.441178,unknown,draft,unreviewed,Bronvermelding is geen controle van actuele opening of toegankelijkheid.,https://www.museum.nl/nl/kasteel-heeswijk | https://nl.wikipedia.org/wiki/Lijst_van_musea_in_Noord-Brabant,
9c2201f0-d107-58b4-8e28-b5e0644dda77,museum-nl:meierijsche-museumboerderij,Meierijsche Museumboerderij,Heeswijk-Dinther,Noord-Brabant,Meerstraat 28,5473 VX,NL,https://www.museumboerderij.nl/,51.665671,5.474608,unknown,draft,unreviewed,Bronvermelding is geen controle van actuele opening of toegankelijkheid. Provincie afgeleid uit plaatsnaam in provinciale lijst; controleren.,https://www.museum.nl/nl/meierijsche-museumboerderij,
5d842d7a-d2ea-56a3-900a-a41a017745a1,wikipedia:Noord-Brabant:draaiorgelmuseumhelmond:helmond,Draaiorgel Museum Helmond,Helmond,Noord-Brabant,,,NL,,,,unknown,draft,unreviewed,Provinciale lijst; adres en actuele status nog controleren.,https://nl.wikipedia.org/wiki/Lijst_van_musea_in_Noord-Brabant,
820cc716-3c91-51cd-afb1-880d0c77d2e9,wikipedia:Noord-Brabant:edahmuseum:helmond,EDAH Museum,Helmond,Noord-Brabant,,,NL,,,,unknown,draft,unreviewed,Provinciale lijst; adres en actuele status nog controleren.,https://nl.wikipedia.org/wiki/Lijst_van_musea_in_Noord-Brabant,
c190de25-0f76-5b21-a406-f70e70e5e503,wikipedia:Noord-Brabant:homecomputermuseum:helmond,HomeComputerMuseum,Helmond,Noord-Brabant,,,NL,,,,unknown,draft,unreviewed,Provinciale lijst; adres en actuele status nog controleren.,https://nl.wikipedia.org/wiki/Lijst_van_musea_in_Noord-Brabant,
26bc13f1-48a5-5c38-b0b7-b4b2ea869047,wikipedia:Noord-Brabant:janvissermuseum:helmond,Jan Visser Museum,Helmond,Noord-Brabant,,,NL,,,,unknown,draft,unreviewed,Provinciale lijst; adres en actuele status nog controleren.,https://nl.wikipedia.org/wiki/Lijst_van_musea_in_Noord-Brabant,
736d4174-2c78-5305-8c58-7fc82b56bad1,museum-nl:museum-helmond,Museum Helmond,Helmond,Noord-Brabant,Kasteelplein 1,5701 PP,NL,https://www.museumhelmond.nl/,51.47708,5.653125,unknown,draft,unreviewed,Bronvermelding is geen controle van actuele opening of toegankelijkheid.,https://www.museum.nl/nl/museum-helmond | https://nl.wikipedia.org/wiki/Lijst_van_musea_in_Noord-Brabant,
55b695ae-dfd4-57a1-b4cc-502b2701fdcf,wikipedia:Noord-Brabant:vliscomuseum:helmond,Vlisco Museum,Helmond,Noord-Brabant,,,NL,,,,unknown,draft,unreviewed,Provinciale lijst; adres en actuele status nog controleren.,https://nl.wikipedia.org/wiki/Lijst_van_musea_in_Noord-Brabant,
85d976ab-e648-5e66-b12f-35ec81911167,wikipedia:Noord-Brabant:gouverneurshuis:heusden,Gouverneurshuis,Heusden,Noord-Brabant,,,NL,,,,unknown,draft,unreviewed,Provinciale lijst; adres en actuele status nog controleren.,https://nl.wikipedia.org/wiki/Lijst_van_musea_in_Noord-Brabant,
7981963a-5774-57e3-a4ae-2e70e754869e,museum-nl:het-gouverneurshuis,Het Gouverneurshuis,Heusden,Noord-Brabant,Putterstraat 14,5256 AN,NL,https://gouverneurshuis.nl/,51.732825,5.138821,unknown,draft,unreviewed,Bronvermelding is geen controle van actuele opening of toegankelijkheid. Provincie afgeleid uit plaatsnaam in provinciale lijst; controleren.,https://www.museum.nl/nl/het-gouverneurshuis,
c33a7d90-9389-5be3-8efe-04dd339db668,wikipedia:Noord-Brabant:hilvariastudioskunstfoundation:hilvarenbeek,Hilvaria Studio's Kunstfoundation,Hilvarenbeek,Noord-Brabant,,,NL,,,,unknown,draft,unreviewed,Provinciale lijst; adres en actuele status nog controleren.,https://nl.wikipedia.org/wiki/Lijst_van_musea_in_Noord-Brabant,kunst
8cecf8df-9701-570f-9954-ad39a7394f93,wikipedia:Noord-Brabant:museumdansant:hilvarenbeek,Museum Dansant,Hilvarenbeek,Noord-Brabant,,,NL,,,,unknown,draft,unreviewed,Provinciale lijst; adres en actuele status nog controleren.,https://nl.wikipedia.org/wiki/Lijst_van_musea_in_Noord-Brabant,
268ca716-2899-52aa-9612-2d8963af79a4,museum-nl:museum-de-dorpsdokter,Museum De Dorpsdokter,Hilvarenbeek,Noord-Brabant,Doelenstraat 51,5081 CK,NL,https://www.museumdedorpsdokter.nl,51.489874,5.136438,unknown,draft,unreviewed,Bronvermelding is geen controle van actuele opening of toegankelijkheid.,https://www.museum.nl/nl/museum-de-dorpsdokter | https://nl.wikipedia.org/wiki/Lijst_van_musea_in_Noord-Brabant,
8be8846b-5b7b-53a4-bb09-c3abfe380fa1,wikipedia:Noord-Brabant:museumdetorenkamer:hilvarenbeek,Museum De Torenkamer,Hilvarenbeek,Noord-Brabant,,,NL,,,,unknown,draft,unreviewed,Provinciale lijst; adres en actuele status nog controleren.,https://nl.wikipedia.org/wiki/Lijst_van_musea_in_Noord-Brabant,
cd696bfb-6b07-51fd-89cb-e9ff8fd0c1fa,wikipedia:Noord-Brabant:museumboerderijgrutje:hilvarenbeek,Museumboerderij Grutje,Hilvarenbeek,Noord-Brabant,,,NL,,,,unknown,draft,unreviewed,Provinciale lijst; adres en actuele status nog controleren.,https://nl.wikipedia.org/wiki/Lijst_van_musea_in_Noord-Brabant,
71b95057-15cf-5575-829a-2affcb2cdca0,museum-nl:museumbrouwerij-de-roos,Museumbrouwerij de Roos,Hilvarenbeek,Noord-Brabant,St. Sebastiaanstraat 4,5081 ZG,NL,https://www.bierbrouwerijderoos.nl,51.486105,5.134875,unknown,draft,unreviewed,Bronvermelding is geen controle van actuele opening of toegankelijkheid.,https://www.museum.nl/nl/museumbrouwerij-de-roos | https://nl.wikipedia.org/wiki/Lijst_van_musea_in_Noord-Brabant,
2be7a47b-be7a-5d93-8892-2bc5660ed553,wikipedia:Noord-Brabant:nationaallikeurfrisdrankenmuseumisidorusjonkers:hilvarenbeek,Nationaal Likeur & Frisdrankenmuseum Isidorus Jonkers,Hilvarenbeek,Noord-Brabant,,,NL,,,,unknown,draft,unreviewed,Provinciale lijst; adres en actuele status nog controleren.,https://nl.wikipedia.org/wiki/Lijst_van_musea_in_Noord-Brabant,
34625ee9-e742-5a1f-912b-ddafd1165b80,wikipedia:Noord-Brabant:museumdebewogenjaren3950:hoogemierde,Museum de Bewogen Jaren '39 - '50,Hooge Mierde,Noord-Brabant,,,NL,,,,unknown,draft,unreviewed,Provinciale lijst; adres en actuele status nog controleren.,https://nl.wikipedia.org/wiki/Lijst_van_musea_in_Noord-Brabant,
573d3443-affa-5d18-8bb1-ef12585cfcb5,wikipedia:Noord-Brabant:museumzwaluwserfgoed:hoogezwaluwe,Museum Zwaluws Erfgoed,Hooge Zwaluwe,Noord-Brabant,,,NL,,,,unknown,draft,unreviewed,Provinciale lijst; adres en actuele status nog controleren.,https://nl.wikipedia.org/wiki/Lijst_van_musea_in_Noord-Brabant,
7aa55414-f405-5f3d-a3c6-2be28d0dd5ab,wikipedia:Noord-Brabant:diorama:kaatsheuvel,Diorama,Kaatsheuvel,Noord-Brabant,,,NL,,,,unknown,draft,unreviewed,Provinciale lijst; adres en actuele status nog controleren.,https://nl.wikipedia.org/wiki/Lijst_van_musea_in_Noord-Brabant,
ec3abb9d-2e54-5300-82e2-da9269bc3924,wikipedia:Noord-Brabant:eftelingmuseum:kaatsheuvel,Efteling Museum,Kaatsheuvel,Noord-Brabant,,,NL,,,,unknown,draft,unreviewed,Provinciale lijst; adres en actuele status nog controleren.,https://nl.wikipedia.org/wiki/Lijst_van_musea_in_Noord-Brabant,
bcc409eb-4b9c-5f7c-ae79-614688d4cfbd,museum-nl:nationaal-vlasserij-suikermuseum,Nationaal Vlasserij-Suikermuseum,Klundert,Noord-Brabant,Stoofdijk 1a,4791 SH,NL,https://www.vlasserij-suikermuseum.nl,51.659825,4.525433,unknown,draft,unreviewed,Bronvermelding is geen controle van actuele opening of toegankelijkheid.,https://www.museum.nl/nl/nationaal-vlasserij-suikermuseum | https://nl.wikipedia.org/wiki/Lijst_van_musea_in_Noord-Brabant,
c0cec3f5-bfd4-565b-8b18-6d99c4b22071,wikipedia:Noord-Brabant:museumvoornostalgieentechniek:langenboom,Museum voor Nostalgie en Techniek,Langenboom,Noord-Brabant,,,NL,,,,unknown,draft,unreviewed,Provinciale lijst; adres en actuele status nog controleren.,https://nl.wikipedia.org/wiki/Lijst_van_musea_in_Noord-Brabant,
34321460-849b-51df-9b95-bb8088df36dd,wikipedia:Noord-Brabant:galeriesousterre:lithoijen,Galerie Sous-Terre,Lithoijen,Noord-Brabant,,,NL,,,,unknown,draft,unreviewed,Provinciale lijst; adres en actuele status nog controleren.,https://nl.wikipedia.org/wiki/Lijst_van_musea_in_Noord-Brabant,
5aaa7a78-8e39-51cb-911b-e8d1205a339c,wikipedia:Noord-Brabant:kempischbakkerijmuseum:luyksgestel,Kempisch Bakkerijmuseum,Luyksgestel,Noord-Brabant,,,NL,,,,unknown,draft,unreviewed,Provinciale lijst; adres en actuele status nog controleren.,https://nl.wikipedia.org/wiki/Lijst_van_musea_in_Noord-Brabant,
489709b7-8fdf-5fec-b686-094566d74be4,wikipedia:Noord-Brabant:museumhetouderaadhuis:megen,Museum Het Oude Raadhuis,Megen,Noord-Brabant,,,NL,,,,unknown,draft,unreviewed,Provinciale lijst; adres en actuele status nog controleren.,https://nl.wikipedia.org/wiki/Lijst_van_musea_in_Noord-Brabant,
25b8ec04-8bb4-515e-9291-d12f951bfb9c,museum-nl:museum-techniek-met-n-ziel,Museum Techniek met 'n Ziel,Neerkant,Noord-Brabant,Dorpsstraat 23,5758 AM,NL,https://www.techniekmeteenziel.nl,51.369145,5.865252,unknown,draft,unreviewed,Bronvermelding is geen controle van actuele opening of toegankelijkheid. Provincie afgeleid uit plaatsnaam in provinciale lijst; controleren.,https://www.museum.nl/nl/museum-techniek-met-n-ziel,
07b103e1-ab7c-5912-8357-363adb2b7081,wikipedia:Noord-Brabant:techniekmetnziel:neerkant,Techniek met 'n Ziel,Neerkant,Noord-Brabant,,,NL,,,,unknown,draft,unreviewed,Provinciale lijst; adres en actuele status nog controleren.,https://nl.wikipedia.org/wiki/Lijst_van_musea_in_Noord-Brabant,
afebe6c1-fc16-5e11-b35f-d0a5e5804b92,museum-nl:van-gogh-village-nuenen,Van Gogh Village Nuenen,Nuenen,Noord-Brabant,Berg 29,5671 CA,NL,https://www.vgvn.nl,51.476876,5.550985,unknown,draft,unreviewed,Bronvermelding is geen controle van actuele opening of toegankelijkheid. Provincie afgeleid uit plaatsnaam in provinciale lijst; controleren.,https://www.museum.nl/nl/van-gogh-village-nuenen,kunst
1f7e9592-1440-5852-a00d-14f522381dd5,wikipedia:Noord-Brabant:vincentre:nuenen,Vincentre,Nuenen,Noord-Brabant,,,NL,,,,unknown,draft,unreviewed,Provinciale lijst; adres en actuele status nog controleren.,https://nl.wikipedia.org/wiki/Lijst_van_musea_in_Noord-Brabant,
de4526a5-4764-5eca-af07-acd05d786361,wikipedia:Noord-Brabant:museumkruysenhuis:oirschot,Museum Kruysenhuis,Oirschot,Noord-Brabant,,,NL,,,,unknown,draft,unreviewed,Provinciale lijst; adres en actuele status nog controleren.,https://nl.wikipedia.org/wiki/Lijst_van_musea_in_Noord-Brabant,
1e946651-11ef-5146-b51c-dbef2bb9cc19,museum-nl:museum-de-vier-quartieren,Museum de Vier Quartieren,Oirschot,Noord-Brabant,St. Odulphusstraat 11,5688 BA,NL,https://www.museumdevierquartieren.nl,51.504181,5.308148,unknown,draft,unreviewed,Bronvermelding is geen controle van actuele opening of toegankelijkheid.,https://www.museum.nl/nl/museum-de-vier-quartieren | https://nl.wikipedia.org/wiki/Lijst_van_musea_in_Noord-Brabant,
b9525677-7f5f-5d08-b8c5-18504180980b,wikipedia:Noord-Brabant:regimentsverzamelinggarderegimentfuseliersprinsesirene:oirschot,Regimentsverzameling Garderegiment Fuseliers Prinses Irene,Oirschot,Noord-Brabant,,,NL,,,,unknown,draft,unreviewed,Provinciale lijst; adres en actuele status nog controleren.,https://nl.wikipedia.org/wiki/Lijst_van_musea_in_Noord-Brabant,
3fe5c0fe-6500-5b63-bb6f-c7a2887ac392,wikipedia:Noord-Brabant:bakkerijmuseum:oosterhout,Bakkerijmuseum,Oosterhout,Noord-Brabant,,,NL,,,,unknown,draft,unreviewed,Provinciale lijst; adres en actuele status nog controleren.,https://nl.wikipedia.org/wiki/Lijst_van_musea_in_Noord-Brabant,
14167ae9-9fd6-5e9a-85d2-655065fbe2db,museum-nl:brabants-museum-oud-oosterhout,Brabants Museum Oud Oosterhout,Oosterhout,Noord-Brabant,Bredaseweg 129,4904 SB,NL,https://www.brabantsmuseumoudoosterhout.nl/,51.631489,4.84246,unknown,draft,unreviewed,Bronvermelding is geen controle van actuele opening of toegankelijkheid. Provincie afgeleid uit plaatsnaam in provinciale lijst; controleren.,https://www.museum.nl/nl/brabants-museum-oud-oosterhout,
99e5e11c-b0fb-5509-9407-dae7aacbf5c9,wikipedia:Noord-Brabant:museumofyoungart:oosterhout,Museum Of Young Art,Oosterhout,Noord-Brabant,,,NL,,,,unknown,draft,unreviewed,Provinciale lijst; adres en actuele status nog controleren.,https://nl.wikipedia.org/wiki/Lijst_van_musea_in_Noord-Brabant,
d32ee713-447d-5a0e-970e-43835b1c6990,wikipedia:Noord-Brabant:museumoudoosterhout:oosterhout,Museum Oud-Oosterhout,Oosterhout,Noord-Brabant,,,NL,,,,unknown,draft,unreviewed,Provinciale lijst; adres en actuele status nog controleren.,https://nl.wikipedia.org/wiki/Lijst_van_musea_in_Noord-Brabant,
89dd93f7-59fb-5cdd-9751-26a6ced61e92,wikipedia:Noord-Brabant:speelgoedencarnavalsmuseumopstelten:oosterhout,Speelgoed- en Carnavalsmuseum 'op Stelten',Oosterhout,Noord-Brabant,,,NL,,,,unknown,draft,unreviewed,Provinciale lijst; adres en actuele status nog controleren.,https://nl.wikipedia.org/wiki/Lijst_van_musea_in_Noord-Brabant,
80a9d7f0-327a-596e-8074-f0f4cc4821b3,museum-nl:speelgoedmuseum-oosterhout,Speelgoedmuseum Oosterhout,Oosterhout,Noord-Brabant,Zandheuvel 51,4901 HT,NL,http://www.speelgoedmuseum.nl/,51.642186,4.867764,unknown,draft,unreviewed,Bronvermelding is geen controle van actuele opening of toegankelijkheid. Provincie afgeleid uit plaatsnaam in provinciale lijst; controleren.,https://www.museum.nl/nl/speelgoedmuseum-oosterhout,
8ccd0e05-472e-5b33-ab92-616e197d0f1d,museum-nl:museum-jan-cunen,Museum Jan Cunen,Oss,Noord-Brabant,Molenstraat 65,5341 GC,NL,https://www.museumjancunen.nl,51.765448,5.526545,unknown,draft,unreviewed,Bronvermelding is geen controle van actuele opening of toegankelijkheid.,https://www.museum.nl/nl/museum-jan-cunen | https://nl.wikipedia.org/wiki/Lijst_van_musea_in_Noord-Brabant,
ebbe203c-6943-5a23-bb9c-954cb525abb6,wikipedia:Noord-Brabant:museumwingsoverwoensdrecht:ossendrecht,Museum Wings over Woensdrecht,Ossendrecht,Noord-Brabant,,,NL,,,,unknown,draft,unreviewed,Provinciale lijst; adres en actuele status nog controleren.,https://nl.wikipedia.org/wiki/Lijst_van_musea_in_Noord-Brabant,
4868bcc9-b2a9-5d4f-b3d9-5d6bc39f453d,wikipedia:Noord-Brabant:2:ossendrecht,[ 2 ],Ossendrecht,Noord-Brabant,,,NL,,,,unknown,draft,unreviewed,Provinciale lijst; adres en actuele status nog controleren.,https://nl.wikipedia.org/wiki/Lijst_van_musea_in_Noord-Brabant,
dc836d8a-7eaf-52f8-85ba-7906e5c605bd,wikipedia:Noord-Brabant:mastboomhuis:oudgastel,Mastboomhuis,Oud Gastel,Noord-Brabant,,,NL,,,,unknown,draft,unreviewed,Provinciale lijst; adres en actuele status nog controleren.,https://nl.wikipedia.org/wiki/Lijst_van_musea_in_Noord-Brabant,
f5725549-c083-58cb-a536-e378d64d5218,wikipedia:Noord-Brabant:natuurhistorischenvolkenkundigmuseum:oudenbosch,Natuurhistorisch en Volkenkundig Museum,Oudenbosch,Noord-Brabant,,,NL,,,,unknown,draft,unreviewed,Provinciale lijst; adres en actuele status nog controleren.,https://nl.wikipedia.org/wiki/Lijst_van_musea_in_Noord-Brabant,geschiedenis | natuur
96aee500-f8c1-5b78-aeef-0dac57adfcbf,museum-nl:natuurhistorisch-en-volkenkundig-museum-oudenbosch,Natuurhistorisch en Volkenkundig Museum Oudenbosch,Oudenbosch,Noord-Brabant,Markt 30a,4731 HP,NL,https://www.nvmoudenbosch.nl,51.588267,4.526185,unknown,draft,unreviewed,Bronvermelding is geen controle van actuele opening of toegankelijkheid. Provincie afgeleid uit plaatsnaam in provinciale lijst; controleren.,https://www.museum.nl/nl/natuurhistorisch-en-volkenkundig-museum-oudenbosch,geschiedenis | natuur
3ffd07f7-aef8-5168-9c71-e469f5e93fff,museum-nl:nederlands-zouavenmuseum,Nederlands Zouavenmuseum,Oudenbosch,Noord-Brabant,Markt 31,4731 HM,NL,https://www.zouavenmuseum.nl,51.58888,4.526619,unknown,draft,unreviewed,Bronvermelding is geen controle van actuele opening of toegankelijkheid.,https://www.museum.nl/nl/nederlands-zouavenmuseum | https://nl.wikipedia.org/wiki/Lijst_van_musea_in_Noord-Brabant,
3314b8f3-6e6b-5c16-b85e-5eed02b6c598,museum-nl:oorlogsmuseum-overloon,Oorlogsmuseum Overloon,Overloon,Noord-Brabant,Museumpark 1,5825 AM,NL,https://www.oorlogsmuseum.nl,51.570579,5.956622,unknown,draft,unreviewed,Bronvermelding is geen controle van actuele opening of toegankelijkheid.,https://www.museum.nl/nl/oorlogsmuseum-overloon | https://nl.wikipedia.org/wiki/Lijst_van_musea_in_Noord-Brabant,geschiedenis
ed01d4ca-f1b8-556a-8d99-360f0243263f,wikipedia:Noord-Brabant:museumvoorvlakglasenemaillekunst:ravenstein,Museum voor vlakglas- en emaillekunst,Ravenstein,Noord-Brabant,,,NL,,,,closed,draft,unreviewed,Mogelijk historisch/gesloten. Provinciale lijst; adres en actuele status nog controleren.,https://nl.wikipedia.org/wiki/Lijst_van_musea_in_Noord-Brabant,kunst
c0195a4d-92ea-55d2-91d3-3f761fec29e6,wikipedia:Noord-Brabant:radiomuseumreusel:reusel,Radiomuseum Reusel,Reusel,Noord-Brabant,,,NL,,,,unknown,draft,unreviewed,Provinciale lijst; adres en actuele status nog controleren.,https://nl.wikipedia.org/wiki/Lijst_van_musea_in_Noord-Brabant,
536da8e5-c1c2-5025-a54c-a47fe9e49b87,wikipedia:Noord-Brabant:museumtongerlohuys:roosendaal,Museum Tongerlohuys,Roosendaal,Noord-Brabant,,,NL,,,,unknown,draft,unreviewed,Provinciale lijst; adres en actuele status nog controleren.,https://nl.wikipedia.org/wiki/Lijst_van_musea_in_Noord-Brabant,
7fc96518-51f5-5f3b-9426-6e2a734a30fb,wikipedia:Noord-Brabant:nationaalvoetbalmuseumdevoetbalexperience:roosendaal,Nationaal Voetbalmuseum de Voetbal Experience,Roosendaal,Noord-Brabant,,,NL,,,,unknown,draft,unreviewed,Provinciale lijst; adres en actuele status nog controleren.,https://nl.wikipedia.org/wiki/Lijst_van_musea_in_Noord-Brabant,
065cf5fa-4107-5697-b722-653db574c118,museum-nl:tongerlohuys,Tongerlohuys,Roosendaal,Noord-Brabant,Kadeplein 2,4704 AB,NL,https://www.tongerlohuys.nl,51.533342,4.458631,unknown,draft,unreviewed,Bronvermelding is geen controle van actuele opening of toegankelijkheid. Provincie afgeleid uit plaatsnaam in provinciale lijst; controleren.,https://www.museum.nl/nl/tongerlohuys,
2c307ef0-30ba-5220-891c-b21366ac11f0,museum-nl:museum-jan-heestershuis,Museum Jan Heestershuis,Schijndel,Noord-Brabant,Pompstraat 17,5481 BL,NL,https://www.museumjanheestershuis.nl,51.61806,5.43254,unknown,draft,unreviewed,Bronvermelding is geen controle van actuele opening of toegankelijkheid.,https://www.museum.nl/nl/museum-jan-heestershuis | https://nl.wikipedia.org/wiki/Lijst_van_musea_in_Noord-Brabant,
cc282621-2a08-520a-9a05-9e21e9b2bf75,wikipedia:Noord-Brabant:oudheidkundigmuseum:sintmichielsgestel,Oudheidkundig museum,Sint-Michielsgestel,Noord-Brabant,,,NL,,,,unknown,draft,unreviewed,Provinciale lijst; adres en actuele status nog controleren.,https://nl.wikipedia.org/wiki/Lijst_van_musea_in_Noord-Brabant,geschiedenis
dcd67df1-655a-57b1-a8e7-0c8f184c056b,wikipedia:Noord-Brabant:jukeboxenmuseum:sintoedenrode,Jukeboxenmuseum,Sint-Oedenrode,Noord-Brabant,,,NL,,,,unknown,draft,unreviewed,Provinciale lijst; adres en actuele status nog controleren.,https://nl.wikipedia.org/wiki/Lijst_van_musea_in_Noord-Brabant,
e6250955-3337-5545-a330-e4950543b467,wikipedia:Noord-Brabant:museumkasteelhenkenshage:sintoedenrode,Museum Kasteel Henkenshage,Sint-Oedenrode,Noord-Brabant,,,NL,,,,unknown,draft,unreviewed,Provinciale lijst; adres en actuele status nog controleren.,https://nl.wikipedia.org/wiki/Lijst_van_musea_in_Noord-Brabant,
bd1cf164-0327-5651-b55d-ec4eba3e23ec,wikipedia:Noord-Brabant:museumsintpaulusgasthuis:sintoedenrode,Museum Sint-Paulusgasthuis,Sint-Oedenrode,Noord-Brabant,,,NL,,,,unknown,draft,unreviewed,Provinciale lijst; adres en actuele status nog controleren.,https://nl.wikipedia.org/wiki/Lijst_van_musea_in_Noord-Brabant,
5d4968d8-b74d-501d-b8bb-830aeb4bffc8,wikipedia:Noord-Brabant:wehrmachthuisje:someren,Wehrmachthuisje,Someren,Noord-Brabant,,,NL,,,,unknown,draft,unreviewed,Provinciale lijst; adres en actuele status nog controleren.,https://nl.wikipedia.org/wiki/Lijst_van_musea_in_Noord-Brabant,
725d4695-1c7d-58d6-968c-b74216fce56b,wikipedia:Noord-Brabant:depont:tilburg,De Pont,Tilburg,Noord-Brabant,,,NL,,,,unknown,draft,unreviewed,Provinciale lijst; adres en actuele status nog controleren.,https://nl.wikipedia.org/wiki/Lijst_van_musea_in_Noord-Brabant,
15b07f69-dc30-5410-8b9f-0168a8a647c0,museum-nl:de-pont-museum,De Pont Museum,Tilburg,Noord-Brabant,Wilhelminapark 1,5041 EA,NL,https://www.depont.nl,51.567023,5.073473,unknown,draft,unreviewed,Bronvermelding is geen controle van actuele opening of toegankelijkheid. Provincie afgeleid uit plaatsnaam in provinciale lijst; controleren.,https://www.museum.nl/nl/de-pont-museum,
0beb6e06-716a-5295-97cd-2707f30faeff,museum-nl:kessels-museum,Kessels Museum,Tilburg,Noord-Brabant,Stationsstraat 26,5038 ED,NL,https://www.kesselsmuseum.nl,51.558311,5.082308,unknown,draft,unreviewed,Bronvermelding is geen controle van actuele opening of toegankelijkheid.,https://www.museum.nl/nl/kessels-museum | https://nl.wikipedia.org/wiki/Lijst_van_musea_in_Noord-Brabant,
39bd4324-a224-5421-9899-7ef3a5f5e75f,wikipedia:Noord-Brabant:museumscryption:tilburg,Museum Scryption,Tilburg,Noord-Brabant,,,NL,,,,closed,draft,unreviewed,Mogelijk historisch/gesloten. Provinciale lijst; adres en actuele status nog controleren.,https://nl.wikipedia.org/wiki/Lijst_van_musea_in_Noord-Brabant,
b2c9e8e1-a69d-58ef-a472-393ca19a2087,wikipedia:Noord-Brabant:museumzustersvanliefde:tilburg,Museum Zusters van Liefde,Tilburg,Noord-Brabant,,,NL,,,,unknown,draft,unreviewed,Provinciale lijst; adres en actuele status nog controleren.,https://nl.wikipedia.org/wiki/Lijst_van_musea_in_Noord-Brabant,
3c949707-89bc-5795-b9d0-bf84f9493c9c,museum-nl:natuurmuseum-brabant,Natuurmuseum Brabant,Tilburg,Noord-Brabant,Spoorlaan 434,5038 CH,NL,https://www.natuurmuseumbrabant.nl,51.559928,5.081359,unknown,draft,unreviewed,Bronvermelding is geen controle van actuele opening of toegankelijkheid.,https://www.museum.nl/nl/natuurmuseum-brabant | https://nl.wikipedia.org/wiki/Lijst_van_musea_in_Noord-Brabant,natuur
bc410531-326b-5ece-8a73-1b1d63b7078a,wikipedia:Noord-Brabant:stadsmuseumtilburg:tilburg,Stadsmuseum Tilburg,Tilburg,Noord-Brabant,,,NL,,,,unknown,draft,unreviewed,Provinciale lijst; adres en actuele status nog controleren.,https://nl.wikipedia.org/wiki/Lijst_van_musea_in_Noord-Brabant,streekgeschiedenis
e979cace-a1ad-529f-ad13-218751d60b91,museum-nl:textielmuseum,TextielMuseum,Tilburg,Noord-Brabant,Goirkestraat 96,5046 GN,NL,https://www.textielmuseum.nl,51.570849,5.079454,unknown,draft,unreviewed,Bronvermelding is geen controle van actuele opening of toegankelijkheid.,https://www.museum.nl/nl/textielmuseum | https://nl.wikipedia.org/wiki/Lijst_van_musea_in_Noord-Brabant,
514fb72a-7e24-53db-9a2a-88c76c28368f,museum-nl:museum-krona,Museum Krona,Uden,Noord-Brabant,Veghelsedijk 25,5401 PB,NL,https://www.museumkrona.nl,51.655327,5.606799,unknown,draft,unreviewed,Bronvermelding is geen controle van actuele opening of toegankelijkheid.,https://www.museum.nl/nl/museum-krona | https://nl.wikipedia.org/wiki/Lijst_van_musea_in_Noord-Brabant,
e8015868-3712-5250-8bc7-c7ddee1f1f42,museum-nl:nederlands-steendrukmuseum,Nederlands Steendrukmuseum,Valkenswaard,Noord-Brabant,Oranje Nassaustraat 8c,5554 AG,NL,https://www.steendrukmuseum.nl,51.35432,5.459051,unknown,draft,unreviewed,Bronvermelding is geen controle van actuele opening of toegankelijkheid.,https://www.museum.nl/nl/nederlands-steendrukmuseum | https://nl.wikipedia.org/wiki/Lijst_van_musea_in_Noord-Brabant,
68f6d499-ccbd-5214-a399-e7ba08740939,museum-nl:valkerij-en-sigarenmakerij-museum,Valkerij en Sigarenmakerij Museum,Valkenswaard,Noord-Brabant,Oranje Nassaustraat 8b,5554 AG,NL,https://www.vsmm.nl,51.35432,5.459051,unknown,draft,unreviewed,Bronvermelding is geen controle van actuele opening of toegankelijkheid.,https://www.museum.nl/nl/valkerij-en-sigarenmakerij-museum | https://nl.wikipedia.org/wiki/Lijst_van_musea_in_Noord-Brabant,
e0ef231a-0bf3-5a7b-b3c9-a64e952b0a45,wikipedia:Noord-Brabant:stichtingindustrieelerfgoedmeierij:veghel,Stichting Industrieel Erfgoed Meierij,Veghel,Noord-Brabant,,,NL,,,,unknown,draft,unreviewed,Provinciale lijst; adres en actuele status nog controleren.,https://nl.wikipedia.org/wiki/Lijst_van_musea_in_Noord-Brabant,
de60456d-84e7-5a70-ba25-d0c58b584e2b,museum-nl:museum-t-oude-slot,Museum ’t Oude Slot,Veldhoven,Noord-Brabant,Hemelrijken 6,5502 HM,NL,https://www.museumoudeslot.nl,51.428355,5.416652,unknown,draft,unreviewed,Bronvermelding is geen controle van actuele opening of toegankelijkheid.,https://www.museum.nl/nl/museum-t-oude-slot | https://nl.wikipedia.org/wiki/Lijst_van_musea_in_Noord-Brabant,
5eee4752-9807-5b2b-ab4e-72afed98890a,museum-nl:geniemuseum,Geniemuseum,Vught,Noord-Brabant,"Van Brederodekazerne, Lunettenlaan 102",5263 NT,NL,https://www.geniemuseum.nl,51.654629,5.260216,unknown,draft,unreviewed,Bronvermelding is geen controle van actuele opening of toegankelijkheid.,https://www.museum.nl/nl/geniemuseum | https://nl.wikipedia.org/wiki/Lijst_van_musea_in_Noord-Brabant,
90fdaa9c-b921-5279-b6ae-a70880f5882c,museum-nl:nationaal-monument-kamp-vught,Nationaal Monument Kamp Vught,Vught,Noord-Brabant,Lunettenlaan 600,5263 NT,NL,https://www.nmkampvught.nl,51.665516,5.258919,unknown,draft,unreviewed,Bronvermelding is geen controle van actuele opening of toegankelijkheid.,https://www.museum.nl/nl/nationaal-monument-kamp-vught | https://nl.wikipedia.org/wiki/Lijst_van_musea_in_Noord-Brabant,
c1072e0f-35f1-5370-94ae-211c8c43f62c,wikipedia:Noord-Brabant:vughtshistorischmuseum:vught,Vughts Historisch Museum,Vught,Noord-Brabant,,,NL,,,,unknown,draft,unreviewed,Provinciale lijst; adres en actuele status nog controleren.,https://nl.wikipedia.org/wiki/Lijst_van_musea_in_Noord-Brabant,geschiedenis
3604a244-267e-5510-9146-98d16242aeec,wikipedia:Noord-Brabant:hetwaalresmuseum:waalre,het Waalres museum,Waalre,Noord-Brabant,,,NL,,,,unknown,draft,unreviewed,Provinciale lijst; adres en actuele status nog controleren.,https://nl.wikipedia.org/wiki/Lijst_van_musea_in_Noord-Brabant,
4748fef0-e09d-5cf6-a446-39065bc468ce,museum-nl:het-schoenenkwartier,Het Schoenenkwartier,Waalwijk,Noord-Brabant,Raadhuisplein 1-2,5141 KG,NL,https://schoenenkwartier.nl/,51.690828,5.065856,unknown,draft,unreviewed,Bronvermelding is geen controle van actuele opening of toegankelijkheid. Provincie afgeleid uit plaatsnaam in provinciale lijst; controleren.,https://www.museum.nl/nl/het-schoenenkwartier,
43cd9231-7c51-50b1-a8ee-3c9ef1bd6b15,wikipedia:Noord-Brabant:nederlandslederenschoenenmuseum:waalwijk,Nederlands Leder- en Schoenenmuseum,Waalwijk,Noord-Brabant,,,NL,,,,unknown,draft,unreviewed,Provinciale lijst; adres en actuele status nog controleren.,https://nl.wikipedia.org/wiki/Lijst_van_musea_in_Noord-Brabant,
5a3345f1-550a-52d4-8865-516408d67518,museum-nl:biesbosch-museumeiland,Biesbosch MuseumEiland,Werkendam,Noord-Brabant,Hilweg 2,4251 MT,NL,https://www.biesboschmuseumeiland.nl,51.76529,4.771792,unknown,draft,unreviewed,Bronvermelding is geen controle van actuele opening of toegankelijkheid.,https://www.museum.nl/nl/biesbosch-museumeiland | https://nl.wikipedia.org/wiki/Lijst_van_musea_in_Noord-Brabant,
0e16a3af-dfd6-5076-9d03-5228659f1280,museum-nl:museum-kasteel-wijchen,Museum Kasteel Wijchen,Wijchen,Noord-Brabant,Kasteellaan 9,6602 DA,NL,https://www.museumwijchen.nl,51.80854,5.727599,unknown,draft,unreviewed,Bronvermelding is geen controle van actuele opening of toegankelijkheid.,https://www.museum.nl/nl/museum-kasteel-wijchen | https://nl.wikipedia.org/wiki/Lijst_van_musea_in_Noord-Brabant,
6ff22af0-0e6a-5ad5-bbc3-77e6a2d11811,wikipedia:Noord-Brabant:kevermuseum:wijkenaalburg,Kevermuseum,Wijk en Aalburg,Noord-Brabant,,,NL,,,,unknown,draft,unreviewed,Provinciale lijst; adres en actuele status nog controleren.,https://nl.wikipedia.org/wiki/Lijst_van_musea_in_Noord-Brabant,
68bfeccb-3c43-5a99-8247-4a5a84ad4063,wikipedia:Noord-Brabant:visserijmuseumwoudrichem:woudrichem,Visserijmuseum Woudrichem,Woudrichem,Noord-Brabant,,,NL,,,,unknown,draft,unreviewed,Provinciale lijst; adres en actuele status nog controleren.,https://nl.wikipedia.org/wiki/Lijst_van_musea_in_Noord-Brabant,
40a28de6-c4af-5915-9296-749991ec2b0f,wikipedia:Noord-Brabant:grafischmuseumatelierindengroenenzonck:wouw,Grafisch museum & atelier in den Groenen Zonck,Wouw,Noord-Brabant,,,NL,,,,unknown,draft,unreviewed,Provinciale lijst; adres en actuele status nog controleren.,https://nl.wikipedia.org/wiki/Lijst_van_musea_in_Noord-Brabant,
8335e70c-d106-5e88-91a6-9f7efe947f27,wikipedia:Noord-Brabant:zevenbergsmuseum:zevenbergen,Zevenbergs Museum,Zevenbergen,Noord-Brabant,,,NL,,,,unknown,draft,unreviewed,Provinciale lijst; adres en actuele status nog controleren.,https://nl.wikipedia.org/wiki/Lijst_van_musea_in_Noord-Brabant,
e34e33b6-427a-5cff-9b4c-0188b373b980,wikipedia:Noord-Brabant:tweewielerijmuseumdescooter:zundert,Tweewielerij museum de Scooter,Zundert,Noord-Brabant,,,NL,,,,unknown,draft,unreviewed,Provinciale lijst; adres en actuele status nog controleren.,https://nl.wikipedia.org/wiki/Lijst_van_musea_in_Noord-Brabant,
fd3acce5-b6cf-531e-be63-3296cb3e350a,wikipedia:Noord-Brabant:vangoghhuis:zundert,Van Goghhuis,Zundert,Noord-Brabant,,,NL,,,,unknown,draft,unreviewed,Provinciale lijst; adres en actuele status nog controleren.,https://nl.wikipedia.org/wiki/Lijst_van_musea_in_Noord-Brabant,kunst
878670d8-2c15-529b-8c17-ad3b84455f9a,museum-nl:vincent-van-goghhuis,Vincent van GoghHuis,Zundert,Noord-Brabant,Markt 27,4881 CN,NL,https://www.vangoghhuis.com,51.472485,4.664927,unknown,draft,unreviewed,Bronvermelding is geen controle van actuele opening of toegankelijkheid. Provincie afgeleid uit plaatsnaam in provinciale lijst; controleren.,https://www.museum.nl/nl/vincent-van-goghhuis,kunst
cb3d8ee5-fbea-5532-a3e9-0beec17e9d32,museum-nl:flower-art-museum,Flower Art Museum,Aalsmeer,Noord-Holland,Kudelstaartseweg 1,1431 GA,NL,https://www.flowerartmuseum.nl,52.254693,4.75878,unknown,draft,unreviewed,Bronvermelding is geen controle van actuele opening of toegankelijkheid.,https://www.museum.nl/nl/flower-art-museum | https://nl.wikipedia.org/wiki/Lijst_van_musea_in_Noord-Holland,kunst
fc5dc477-eeb4-5569-9397-1c0d45da01a7,museum-nl:historische-tuin-aalsmeer,Historische Tuin Aalsmeer,Aalsmeer,Noord-Holland,Praamplein 1A,1431 CV,NL,https://www.historischetuinaalsmeer.nl,52.268553,4.746205,unknown,draft,unreviewed,Bronvermelding is geen controle van actuele opening of toegankelijkheid.,https://www.museum.nl/nl/historische-tuin-aalsmeer | https://nl.wikipedia.org/wiki/Lijst_van_musea_in_Noord-Holland,geschiedenis
c7b617d3-2c3e-5b6d-89d6-1aa294d47b4d,wikipedia:Noord-Holland:rundveemuseumaatgrootes:aartswoud,Rundveemuseum Aat Grootes,Aartswoud,Noord-Holland,,,NL,,,,unknown,draft,unreviewed,Provinciale lijst; adres en actuele status nog controleren.,https://nl.wikipedia.org/wiki/Lijst_van_musea_in_Noord-Holland,
7c382e4c-371f-5504-9010-2a110666d1da,wikipedia:Noord-Holland:gemaal1879:akersloot,Gemaal 1879,Akersloot,Noord-Holland,,,NL,,,,unknown,draft,unreviewed,Provinciale lijst; adres en actuele status nog controleren.,https://nl.wikipedia.org/wiki/Lijst_van_musea_in_Noord-Holland,
de3e03f9-1048-5b24-9daf-7e6fd06679f2,wikipedia:Noord-Holland:oorlogsmuseum19401945:akersloot,Oorlogsmuseum 1940-1945,Akersloot,Noord-Holland,,,NL,,,,unknown,draft,unreviewed,Provinciale lijst; adres en actuele status nog controleren.,https://nl.wikipedia.org/wiki/Lijst_van_musea_in_Noord-Holland,geschiedenis
62bfd6bc-d05d-51f1-adda-1797d5a49e09,wikipedia:Noord-Holland:beatlesmuseum:alkmaar,Beatles Museum,Alkmaar,Noord-Holland,,,NL,,,,unknown,draft,unreviewed,Provinciale lijst; adres en actuele status nog controleren.,https://nl.wikipedia.org/wiki/Lijst_van_musea_in_Noord-Holland,
d9ecc62c-8d05-5dc7-bc6a-bc017b4b38a0,museum-nl:grote-kerk-alkmaar,Grote Kerk Alkmaar,Alkmaar,Noord-Holland,Koorstraat 4A,1811 GP,NL,https://www.grotekerk-alkmaar.nl,52.632399,4.743504,unknown,draft,unreviewed,Bronvermelding is geen controle van actuele opening of toegankelijkheid. Provincie afgeleid uit plaatsnaam in provinciale lijst; controleren.,https://www.museum.nl/nl/grote-kerk-alkmaar,
b7271131-8fc3-5b49-a7b3-1e38aee4e37d,museum-nl:het-hollands-kaasmuseum,Het Hollands Kaasmuseum,Alkmaar,Noord-Holland,Waagplein 2,1811 JP,NL,https://www.kaasmuseum.nl,52.631351,4.750003,unknown,draft,unreviewed,Bronvermelding is geen controle van actuele opening of toegankelijkheid. Provincie afgeleid uit plaatsnaam in provinciale lijst; controleren.,https://www.museum.nl/nl/het-hollands-kaasmuseum,
67ca9a00-0baf-5fa0-98f7-30b7f3c409c0,wikipedia:Noord-Holland:hollandskaasmuseum:alkmaar,Hollands Kaasmuseum,Alkmaar,Noord-Holland,,,NL,,,,unknown,draft,unreviewed,Provinciale lijst; adres en actuele status nog controleren.,https://nl.wikipedia.org/wiki/Lijst_van_musea_in_Noord-Holland,
06787156-c77f-5d8e-81e9-ca03b1dc7afd,wikipedia:Noord-Holland:nationaalbiermuseumdeboom:alkmaar,Nationaal Biermuseum De Boom,Alkmaar,Noord-Holland,,,NL,,,,unknown,draft,unreviewed,Provinciale lijst; adres en actuele status nog controleren.,https://nl.wikipedia.org/wiki/Lijst_van_musea_in_Noord-Holland,
5bb3b2d7-9526-5ff8-83b3-9e4ed5c69cb9,wikipedia:Noord-Holland:nederlandskachelmuseum:alkmaar,Nederlands Kachel Museum,Alkmaar,Noord-Holland,,,NL,,,,closed,draft,unreviewed,Mogelijk historisch/gesloten. Provinciale lijst; adres en actuele status nog controleren.,https://nl.wikipedia.org/wiki/Lijst_van_musea_in_Noord-Holland,
ffa7968a-c829-5557-acfe-ab5436d2f8b7,wikipedia:Noord-Holland:opartmuseum:alkmaar,Op Art Museum,Alkmaar,Noord-Holland,,,NL,,,,unknown,draft,unreviewed,Provinciale lijst; adres en actuele status nog controleren.,https://nl.wikipedia.org/wiki/Lijst_van_musea_in_Noord-Holland,kunst
69812b36-6c10-5811-80ea-5afa65e5823e,museum-nl:stedelijk-museum-alkmaar,Stedelijk Museum Alkmaar,Alkmaar,Noord-Holland,Canadaplein 1,1811 KE,NL,https://www.stedelijkmuseumalkmaar.nl,52.6338,4.743203,unknown,draft,unreviewed,Bronvermelding is geen controle van actuele opening of toegankelijkheid.,https://www.museum.nl/nl/stedelijk-museum-alkmaar | https://nl.wikipedia.org/wiki/Lijst_van_musea_in_Noord-Holland,
d33929db-3856-5ff1-9ad0-d80cf2ebeba4,wikipedia:Noord-Holland:amsterdamsebos:amstelveen,Amsterdamse Bos,Amstelveen,Noord-Holland,,,NL,,,,unknown,draft,unreviewed,Provinciale lijst; adres en actuele status nog controleren.,https://nl.wikipedia.org/wiki/Lijst_van_musea_in_Noord-Holland,
8a9fafc9-45ef-5198-990a-f339b34cf146,wikipedia:Noord-Holland:cobramuseumvoormodernekunst:amstelveen,Cobra Museum voor Moderne Kunst,Amstelveen,Noord-Holland,,,NL,,,,unknown,draft,unreviewed,Provinciale lijst; adres en actuele status nog controleren.,https://nl.wikipedia.org/wiki/Lijst_van_musea_in_Noord-Holland,moderne kunst | kunst
5685b425-1d79-5d5f-841a-f75500de5dd0,museum-nl:museum-cobra,Museum Cobra,Amstelveen,Noord-Holland,Sandbergplein 1,1181 ZX,NL,https://www.cobra-museum.nl,52.303798,4.857981,unknown,draft,unreviewed,Bronvermelding is geen controle van actuele opening of toegankelijkheid. Provincie afgeleid uit plaatsnaam in provinciale lijst; controleren.,https://www.museum.nl/nl/museum-cobra,
dfa224fb-7932-560f-8eb6-b96f8853a880,museum-nl:museum-jan,Museum JAN,Amstelveen,Noord-Holland,Dorpsstraat 50,1182 JE,NL,https://museumjan.nl,52.302348,4.846701,unknown,draft,unreviewed,Bronvermelding is geen controle van actuele opening of toegankelijkheid.,https://www.museum.nl/nl/museum-jan | https://nl.wikipedia.org/wiki/Lijst_van_musea_in_Noord-Holland,
64ca5f5b-6c7e-5405-901a-26cecf3aef34,wikipedia:Noord-Holland:arcam:amsterdam,ARCAM,Amsterdam,Noord-Holland,,,NL,,,,unknown,draft,unreviewed,Provinciale lijst; adres en actuele status nog controleren.,https://nl.wikipedia.org/wiki/Lijst_van_musea_in_Amsterdam,
652f76f3-029f-542d-824f-21a1891000f0,museum-nl:artis-groote-museum,ARTIS-Groote Museum,Amsterdam,Noord-Holland,Plantage Middenlaan 41,1018 CZ,NL,https://www.grootemuseum.nl/nl,52.36622,4.91316,unknown,draft,unreviewed,Bronvermelding is geen controle van actuele opening of toegankelijkheid. Provincie afgeleid uit plaatsnaam in provinciale lijst; controleren.,https://www.museum.nl/nl/artis-groote-museum,
901671bc-ab1b-5f5f-9755-cbfa0375f188,museum-nl:artis-micropia,ARTIS-Micropia,Amsterdam,Noord-Holland,Plantage Kerklaan 38-40,1018 CZ,NL,https://www.micropia.nl,52.366961,4.912582,unknown,draft,unreviewed,Bronvermelding is geen controle van actuele opening of toegankelijkheid. Provincie afgeleid uit plaatsnaam in provinciale lijst; controleren.,https://www.museum.nl/nl/artis-micropia,
b32f32fe-b683-5bbb-a616-633cd6fd1a8a,wikipedia:Noord-Holland:ajaxmuseum:amsterdam,Ajax Museum,Amsterdam,Noord-Holland,,,NL,,,,unknown,draft,unreviewed,Provinciale lijst; adres en actuele status nog controleren.,https://nl.wikipedia.org/wiki/Lijst_van_musea_in_Amsterdam,
4359f5a5-61dc-5845-9a09-49ea643dc736,museum-nl:allard-pierson,Allard Pierson,Amsterdam,Noord-Holland,Oude Turfmarkt 127,1012 GC,NL,https://allardpierson.nl/,52.368822,4.892945,unknown,draft,unreviewed,Bronvermelding is geen controle van actuele opening of toegankelijkheid. Provincie afgeleid uit plaatsnaam in provinciale lijst; controleren.,https://www.museum.nl/nl/allard-pierson,
a7cef754-6574-5755-8de6-cef2aa3b083c,wikipedia:Noord-Holland:allardpiersonmuseum:amsterdam,Allard Pierson Museum,Amsterdam,Noord-Holland,,,NL,,,,unknown,draft,unreviewed,Provinciale lijst; adres en actuele status nog controleren.,https://nl.wikipedia.org/wiki/Lijst_van_musea_in_Amsterdam,
4eb4bc50-8abc-5f65-8739-05fdb144a414,wikipedia:Noord-Holland:amsterdamexpo:amsterdam,Amsterdam EXPO,Amsterdam,Noord-Holland,,,NL,,,,closed,draft,unreviewed,Mogelijk historisch/gesloten. Provinciale lijst; adres en actuele status nog controleren.,https://nl.wikipedia.org/wiki/Lijst_van_musea_in_Amsterdam,
0433164c-2519-5dbc-8666-ccaeb01d0cae,museum-nl:amsterdam-museum,Amsterdam Museum,Amsterdam,Noord-Holland,,,NL,https://www.amsterdammuseum.nl/,52.370524,4.891531,unknown,draft,unreviewed,Bronvermelding is geen controle van actuele opening of toegankelijkheid.,https://www.museum.nl/nl/amsterdam-museum | https://nl.wikipedia.org/wiki/Lijst_van_musea_in_Amsterdam,
40f981eb-2f35-5597-839c-e3fafd98da66,museum-nl:amsterdam-pipe-museum,Amsterdam Pipe Museum,Amsterdam,Noord-Holland,Prinsengracht 488,1017 KH,NL,https://www.pipemuseum.nl,52.364175482399844,4.885274970639258,unknown,draft,unreviewed,Bronvermelding is geen controle van actuele opening of toegankelijkheid. Provincie afgeleid uit plaatsnaam in provinciale lijst; controleren.,https://www.museum.nl/nl/amsterdam-pipe-museum,
dddbfd3a-14da-5903-91b0-825348194d88,wikipedia:Noord-Holland:amsterdamtulipmuseum:amsterdam,Amsterdam Tulip Museum,Amsterdam,Noord-Holland,,,NL,,,,unknown,draft,unreviewed,Provinciale lijst; adres en actuele status nog controleren.,https://nl.wikipedia.org/wiki/Lijst_van_musea_in_Amsterdam,
ef341019-8270-5138-acf8-0f2db0944a8c,museum-nl:amsterdam-in-motion,Amsterdam in Motion,Amsterdam,Noord-Holland,Pazzanistraat 19,1014 DB,NL,https://www.amsterdaminmotion.nl/nl/,52.386139,4.873289,unknown,draft,unreviewed,Bronvermelding is geen controle van actuele opening of toegankelijkheid. Provincie afgeleid uit plaatsnaam in provinciale lijst; controleren.,https://www.museum.nl/nl/amsterdam-in-motion,
46bbd7d8-92f3-5002-90b0-84ec11d12db2,wikipedia:Noord-Holland:amsterdamsopenbaarvervoermuseum:amsterdam,Amsterdams Openbaar Vervoer Museum,Amsterdam,Noord-Holland,,,NL,,,,closed,draft,unreviewed,Mogelijk historisch/gesloten. Provinciale lijst; adres en actuele status nog controleren.,https://nl.wikipedia.org/wiki/Lijst_van_musea_in_Amsterdam,
cf0b58c6-2430-50eb-892f-809ac1cd9bf9,wikipedia:Noord-Holland:amsterdamsebos:amsterdam,Amsterdamse Bos,Amsterdam,Noord-Holland,,,NL,,,,unknown,draft,unreviewed,Provinciale lijst; adres en actuele status nog controleren.,https://nl.wikipedia.org/wiki/Lijst_van_musea_in_Amsterdam,
66123e53-a5e7-5b66-bb52-9d65a4950c25,museum-nl:anne-frank-huis,Anne Frank Huis,Amsterdam,Noord-Holland,Westermarkt 20,1016 DK,NL,https://www.annefrank.org,52.375083,4.884031,unknown,draft,unreviewed,Bronvermelding is geen controle van actuele opening of toegankelijkheid.,https://www.museum.nl/nl/anne-frank-huis | https://nl.wikipedia.org/wiki/Lijst_van_musea_in_Amsterdam,
62d523c8-c4c9-51d8-8799-83ece6419a28,wikipedia:Noord-Holland:appiebaantjermuseum:amsterdam,Appie Baantjer Museum,Amsterdam,Noord-Holland,,,NL,,,,unknown,draft,unreviewed,Provinciale lijst; adres en actuele status nog controleren.,https://nl.wikipedia.org/wiki/Lijst_van_musea_in_Amsterdam,
312dd123-9cd0-59f5-9b25-c960bdb5218a,wikipedia:Noord-Holland:artis:amsterdam,Artis,Amsterdam,Noord-Holland,,,NL,,,,unknown,draft,unreviewed,Provinciale lijst; adres en actuele status nog controleren.,https://nl.wikipedia.org/wiki/Lijst_van_musea_in_Amsterdam,
48202777-cf0a-575a-852f-f59de93fc3a3,wikipedia:Noord-Holland:beursvanberlage:amsterdam,Beurs van Berlage,Amsterdam,Noord-Holland,,,NL,,,,unknown,draft,unreviewed,Provinciale lijst; adres en actuele status nog controleren.,https://nl.wikipedia.org/wiki/Lijst_van_musea_in_Amsterdam,
3515a9b6-656a-5b5d-b841-3cb7b53cb3a7,wikipedia:Noord-Holland:bibliothecaphilosophicahermetica:amsterdam,Bibliotheca Philosophica Hermetica,Amsterdam,Noord-Holland,,,NL,,,,unknown,draft,unreviewed,Provinciale lijst; adres en actuele status nog controleren.,https://nl.wikipedia.org/wiki/Lijst_van_musea_in_Amsterdam,
23b2ddae-fc50-5ab9-aa7d-6f544eb427e3,wikipedia:Noord-Holland:bijbelsmuseum:amsterdam,Bijbels Museum,Amsterdam,Noord-Holland,,,NL,,,,unknown,draft,unreviewed,Provinciale lijst; adres en actuele status nog controleren.,https://nl.wikipedia.org/wiki/Lijst_van_musea_in_Amsterdam,
c0a4879d-a485-58db-80ec-985676f89198,wikipedia:Noord-Holland:bijlmermuseum:amsterdam,Bijlmermuseum,Amsterdam,Noord-Holland,,,NL,,,,unknown,draft,unreviewed,Provinciale lijst; adres en actuele status nog controleren.,https://nl.wikipedia.org/wiki/Lijst_van_musea_in_Amsterdam,
2d4c924e-8530-5333-a9a7-aacfef2b14c0,wikipedia:Noord-Holland:bilderdijkmuseum:amsterdam,Bilderdijk-Museum,Amsterdam,Noord-Holland,,,NL,,,,unknown,draft,unreviewed,Provinciale lijst; adres en actuele status nog controleren.,https://nl.wikipedia.org/wiki/Lijst_van_musea_in_Amsterdam,
4b421fc1-6ee5-508c-be5a-870e222d45d3,wikipedia:Noord-Holland:botanischetuinzuidas:amsterdam,Botanische tuin Zuidas,Amsterdam,Noord-Holland,,,NL,,,,unknown,draft,unreviewed,Provinciale lijst; adres en actuele status nog controleren.,https://nl.wikipedia.org/wiki/Lijst_van_musea_in_Amsterdam,
482bbb5a-0677-5117-afd9-456ca0fc4a61,wikipedia:Noord-Holland:brilmuseum:amsterdam,Brilmuseum,Amsterdam,Noord-Holland,,,NL,,,,unknown,draft,unreviewed,Provinciale lijst; adres en actuele status nog controleren.,https://nl.wikipedia.org/wiki/Lijst_van_musea_in_Amsterdam,
31a164d0-fb00-5da4-a218-8fe01060efd8,wikipedia:Noord-Holland:burchtvanberlage:amsterdam,Burcht van Berlage,Amsterdam,Noord-Holland,,,NL,,,,closed,draft,unreviewed,Mogelijk historisch/gesloten. Provinciale lijst; adres en actuele status nog controleren.,https://nl.wikipedia.org/wiki/Lijst_van_musea_in_Amsterdam,
21d02dab-d642-558a-8ecd-1b6f1dcf721e,museum-nl:de-appel,De Appel,Amsterdam,Noord-Holland,Tolstraat 160,1074 VM,NL,https://www.deappel.nl,52.352628,4.906321,unknown,draft,unreviewed,Bronvermelding is geen controle van actuele opening of toegankelijkheid. Provincie afgeleid uit plaatsnaam in provinciale lijst; controleren.,https://www.museum.nl/nl/de-appel,
ec347bab-a6e1-5d88-8cb4-ceed68efd8c7,museum-nl:de-hollandsche-manege,De Hollandsche Manege,Amsterdam,Noord-Holland,Vondelstraat  140,1054 GT,NL,https://www.levendpaardenmuseum.nl,52.361455,4.871876,unknown,draft,unreviewed,Bronvermelding is geen controle van actuele opening of toegankelijkheid. Provincie afgeleid uit plaatsnaam in provinciale lijst; controleren.,https://www.museum.nl/nl/de-hollandsche-manege,
8e469507-0e15-549e-8d39-2bb8c5e0b7be,museum-nl:de-hollandsche-schouwburg,De Hollandsche Schouwburg,Amsterdam,Noord-Holland,Plantage Middenlaan 24,1018 DE,NL,https://jck.nl/locatie/hollandsche-schouwburg,52.36647,4.911148,unknown,draft,unreviewed,Bronvermelding is geen controle van actuele opening of toegankelijkheid. Provincie afgeleid uit plaatsnaam in provinciale lijst; controleren.,https://www.museum.nl/nl/de-hollandsche-schouwburg,
a6452694-a45d-58d8-8628-5de0e30bdc9d,museum-nl:de-nieuwe-kerk,De Nieuwe Kerk,Amsterdam,Noord-Holland,Dam,1012 NP,NL,https://www.nieuwekerk.nl,52.37399,4.891708,unknown,draft,unreviewed,Bronvermelding is geen controle van actuele opening of toegankelijkheid. Provincie afgeleid uit plaatsnaam in provinciale lijst; controleren.,https://www.museum.nl/nl/de-nieuwe-kerk,
ef45e694-7cb8-54b1-b79a-b18bcaf300eb,wikipedia:Noord-Holland:diamantmuseum:amsterdam,Diamant Museum,Amsterdam,Noord-Holland,,,NL,,,,unknown,draft,unreviewed,Provinciale lijst; adres en actuele status nog controleren.,https://nl.wikipedia.org/wiki/Lijst_van_musea_in_Amsterdam,
b0170ff0-a325-5ab5-b15a-29a5a75ba2f3,museum-nl:diamant-museum-amsterdam,Diamant Museum Amsterdam,Amsterdam,Noord-Holland,Paulus Potterstraat 6,1071 CZ,NL,https://www.diamantmuseum.nl,52.359578,4.883183,unknown,draft,unreviewed,Bronvermelding is geen controle van actuele opening of toegankelijkheid. Provincie afgeleid uit plaatsnaam in provinciale lijst; controleren.,https://www.museum.nl/nl/diamant-museum-amsterdam,
e234f20f-fdeb-57dc-b273-afcde35cef51,wikipedia:Noord-Holland:electrischemuseumtramlijnamsterdam:amsterdam,Electrische Museumtramlijn Amsterdam,Amsterdam,Noord-Holland,,,NL,,,,unknown,draft,unreviewed,Provinciale lijst; adres en actuele status nog controleren.,https://nl.wikipedia.org/wiki/Lijst_van_musea_in_Amsterdam,vervoer
9b1484b9-cf2d-5915-9303-dfc00f5f3539,museum-nl:embassy-of-the-free-mind,Embassy of the Free Mind,Amsterdam,Noord-Holland,Keizersgracht 123,1015 CJ,NL,https://embassyofthefreemind.com,52.376403,4.887368,unknown,draft,unreviewed,Bronvermelding is geen controle van actuele opening of toegankelijkheid.,https://www.museum.nl/nl/embassy-of-the-free-mind | https://nl.wikipedia.org/wiki/Lijst_van_musea_in_Amsterdam,
69ef8f16-2bdb-5252-ac87-2e980bf9a5c7,wikipedia:Noord-Holland:energetica:amsterdam,Energetica,Amsterdam,Noord-Holland,,,NL,,,,closed,draft,unreviewed,Mogelijk historisch/gesloten. Provinciale lijst; adres en actuele status nog controleren.,https://nl.wikipedia.org/wiki/Lijst_van_musea_in_Amsterdam,
be7fe731-fa3b-5321-9758-dc15c4f8b3eb,wikipedia:Noord-Holland:ethnographischmuseumartis:amsterdam,Ethnographisch Museum Artis,Amsterdam,Noord-Holland,,,NL,,,,closed,draft,unreviewed,Mogelijk historisch/gesloten. Provinciale lijst; adres en actuele status nog controleren.,https://nl.wikipedia.org/wiki/Lijst_van_musea_in_Amsterdam,
f5b4eb15-d3db-506b-8356-724de9e15d1b,museum-nl:eye-filmmuseum,Eye Filmmuseum,Amsterdam,Noord-Holland,IJpromenade 1,1031 KT,NL,https://www.eyefilm.nl,52.384136,4.901294,unknown,draft,unreviewed,Bronvermelding is geen controle van actuele opening of toegankelijkheid.,https://www.museum.nl/nl/eye-filmmuseum | https://nl.wikipedia.org/wiki/Lijst_van_musea_in_Amsterdam,
6079bf2b-cc6e-520b-9f23-84de2ca2d6af,wikipedia:Noord-Holland:foam:amsterdam,FOAM,Amsterdam,Noord-Holland,,,NL,,,,unknown,draft,unreviewed,Provinciale lijst; adres en actuele status nog controleren.,https://nl.wikipedia.org/wiki/Lijst_van_musea_in_Amsterdam,
784bd40c-5cce-5d60-a619-d9fdd4cb285f,wikipedia:Noord-Holland:ferdinanddomelanieuwenhuismuseum:amsterdam,Ferdinand Domela Nieuwenhuis Museum,Amsterdam,Noord-Holland,,,NL,,,,unknown,draft,unreviewed,Provinciale lijst; adres en actuele status nog controleren.,https://nl.wikipedia.org/wiki/Lijst_van_musea_in_Amsterdam,
ddccc10b-3920-548c-a5b1-8a7f1c459879,museum-nl:foam-fotografiemuseum-amsterdam,Foam Fotografiemuseum Amsterdam,Amsterdam,Noord-Holland,Keizersgracht 609,1017 DS,NL,https://www.foam.org,52.363988,4.893263,unknown,draft,unreviewed,Bronvermelding is geen controle van actuele opening of toegankelijkheid. Provincie afgeleid uit plaatsnaam in provinciale lijst; controleren.,https://www.museum.nl/nl/foam-fotografiemuseum-amsterdam,fotografie
bf8db4f9-ca97-5715-a46d-7ec2887dec9f,wikipedia:Noord-Holland:framerframed:amsterdam,Framer Framed,Amsterdam,Noord-Holland,,,NL,,,,unknown,draft,unreviewed,Provinciale lijst; adres en actuele status nog controleren.,https://nl.wikipedia.org/wiki/Lijst_van_musea_in_Amsterdam,
158fedf6-396a-586c-bc60-12f344a4e94c,wikipedia:Noord-Holland:gperleedraaiorgelmuseum:amsterdam,G. Perlee Draaiorgelmuseum,Amsterdam,Noord-Holland,,,NL,,,,unknown,draft,unreviewed,Provinciale lijst; adres en actuele status nog controleren.,https://nl.wikipedia.org/wiki/Lijst_van_musea_in_Amsterdam,
86fa72b3-9dd7-5b32-9a79-9f7a55fd5a5e,wikipedia:Noord-Holland:geelvinckhinlopenhuis:amsterdam,Geelvinck Hinlopen Huis,Amsterdam,Noord-Holland,,,NL,,,,closed,draft,unreviewed,Mogelijk historisch/gesloten. Provinciale lijst; adres en actuele status nog controleren.,https://nl.wikipedia.org/wiki/Lijst_van_musea_in_Amsterdam,
7fc20ef2-855f-5f16-858a-6908e4a87f9f,wikipedia:Noord-Holland:geelvinckpianolamuseum:amsterdam,Geelvinck Pianola Museum,Amsterdam,Noord-Holland,,,NL,,,,unknown,draft,unreviewed,Provinciale lijst; adres en actuele status nog controleren.,https://nl.wikipedia.org/wiki/Lijst_van_musea_in_Amsterdam,
fafd81a3-5a58-571c-a507-590b2248ebab,museum-nl:grachtenmuseum-amsterdam,Grachtenmuseum Amsterdam,Amsterdam,Noord-Holland,Herengracht 386,1016 CJ,NL,https://grachten.museum/,52.367887,4.886275,unknown,draft,unreviewed,Bronvermelding is geen controle van actuele opening of toegankelijkheid.,https://www.museum.nl/nl/grachtenmuseum-amsterdam | https://nl.wikipedia.org/wiki/Lijst_van_musea_in_Amsterdam,
5a789130-a17f-5161-94fb-1e6f30a5a30f,wikipedia:Noord-Holland:greenboxmuseum:amsterdam,Greenbox Museum,Amsterdam,Noord-Holland,,,NL,,,,unknown,draft,unreviewed,Provinciale lijst; adres en actuele status nog controleren.,https://nl.wikipedia.org/wiki/Lijst_van_musea_in_Amsterdam,
0376541b-4d5f-5b8b-853a-007e6ae3920d,museum-nl:hart-museum,H'ART Museum,Amsterdam,Noord-Holland,Amstel 51,1018 EJ,NL,https://www.hartmuseum.nl,52.364814,4.902185,unknown,draft,unreviewed,Bronvermelding is geen controle van actuele opening of toegankelijkheid.,https://www.museum.nl/nl/hart-museum | https://nl.wikipedia.org/wiki/Lijst_van_musea_in_Amsterdam,kunst
0939f234-3a54-54df-8fa6-1c5e415dd801,wikipedia:Noord-Holland:hashmarihuanahempmuseum:amsterdam,Hash Marihuana & Hemp Museum,Amsterdam,Noord-Holland,,,NL,,,,unknown,draft,unreviewed,Provinciale lijst; adres en actuele status nog controleren.,https://nl.wikipedia.org/wiki/Lijst_van_musea_in_Amsterdam,
04fdacff-158b-527a-abaf-33e6e8a32683,wikipedia:Noord-Holland:heinekenexperience:amsterdam,Heineken Experience,Amsterdam,Noord-Holland,,,NL,,,,unknown,draft,unreviewed,Provinciale lijst; adres en actuele status nog controleren.,https://nl.wikipedia.org/wiki/Lijst_van_musea_in_Amsterdam,
20b65d01-710a-5d40-bd68-521d61295456,wikipedia:Noord-Holland:hermanusjevanalles:amsterdam,Hermanusje van Alles,Amsterdam,Noord-Holland,,,NL,,,,unknown,draft,unreviewed,Provinciale lijst; adres en actuele status nog controleren.,https://nl.wikipedia.org/wiki/Lijst_van_musea_in_Amsterdam,
d26eeb3c-430c-5d47-a500-f6973f39059e,wikipedia:Noord-Holland:hethuisvanaristoteles:amsterdam,Het Huis van Aristoteles,Amsterdam,Noord-Holland,,,NL,,,,closed,draft,unreviewed,Mogelijk historisch/gesloten. Provinciale lijst; adres en actuele status nog controleren.,https://nl.wikipedia.org/wiki/Lijst_van_musea_in_Amsterdam,
960f2664-4108-5e1d-ab73-109b023689c5,museum-nl:het-scheepvaartmuseum,Het Scheepvaartmuseum,Amsterdam,Noord-Holland,Kattenburgerplein 1,1018 KK,NL,https://www.hetscheepvaartmuseum.nl,52.371492,4.915,unknown,draft,unreviewed,Bronvermelding is geen controle van actuele opening of toegankelijkheid. Provincie afgeleid uit plaatsnaam in provinciale lijst; controleren.,https://www.museum.nl/nl/het-scheepvaartmuseum,maritiem
352eb3c4-efe3-5954-b7e3-3a4bc9762c63,wikipedia:Noord-Holland:hollandschemanege:amsterdam,Hollandsche Manege,Amsterdam,Noord-Holland,,,NL,,,,unknown,draft,unreviewed,Provinciale lijst; adres en actuele status nog controleren.,https://nl.wikipedia.org/wiki/Lijst_van_musea_in_Amsterdam,
0f378d65-0e32-53f4-b310-47356ff1b4e7,wikipedia:Noord-Holland:hollandscheschouwburg:amsterdam,Hollandsche Schouwburg,Amsterdam,Noord-Holland,,,NL,,,,unknown,draft,unreviewed,Provinciale lijst; adres en actuele status nog controleren.,https://nl.wikipedia.org/wiki/Lijst_van_musea_in_Amsterdam,
41cb2692-6f5a-5033-b666-bdc54b4c7599,wikipedia:Noord-Holland:hortusbotanicusamsterdam:amsterdam,Hortus Botanicus Amsterdam,Amsterdam,Noord-Holland,,,NL,,,,unknown,draft,unreviewed,Provinciale lijst; adres en actuele status nog controleren.,https://nl.wikipedia.org/wiki/Lijst_van_musea_in_Amsterdam,
9c5d179d-e4e6-507b-a609-52be67ea239a,museum-nl:huis-bartolotti,Huis Bartolotti,Amsterdam,Noord-Holland,Herengracht 170,1016 BP,NL,https://www.hendrickdekeyser.nl/museumbezoek/huis-bartolotti-Amsterdam,,,unknown,draft,unreviewed,Bronvermelding is geen controle van actuele opening of toegankelijkheid. Provincie afgeleid uit plaatsnaam in provinciale lijst; controleren.,https://www.museum.nl/nl/huis-bartolotti,
636f5b44-c89a-5255-8397-69fb923a104f,wikipedia:Noord-Holland:huismarseille:amsterdam,Huis Marseille,Amsterdam,Noord-Holland,,,NL,,,,unknown,draft,unreviewed,Provinciale lijst; adres en actuele status nog controleren.,https://nl.wikipedia.org/wiki/Lijst_van_musea_in_Amsterdam,
3c606568-23b3-5707-8474-2b2bf7fd49d3,museum-nl:huis-marseille-museum-voor-fotografie,"Huis Marseille, Museum voor Fotografie",Amsterdam,Noord-Holland,Keizersgracht 401,1016 EK,NL,https://www.huismarseille.nl,52.367638,4.884809,unknown,draft,unreviewed,Bronvermelding is geen controle van actuele opening of toegankelijkheid. Provincie afgeleid uit plaatsnaam in provinciale lijst; controleren.,https://www.museum.nl/nl/huis-marseille-museum-voor-fotografie,fotografie
ba68d5d3-b373-54ff-b353-d23b8c4b9928,museum-nl:huis-willet-holthuysen,Huis Willet-Holthuysen,Amsterdam,Noord-Holland,Herengracht 605,1017 CE,NL,https://www.amsterdammuseum.nl/tentoonstelling/huis-willet-holthuysen/9511,52.365603,4.899015,unknown,draft,unreviewed,Bronvermelding is geen controle van actuele opening of toegankelijkheid.,https://www.museum.nl/nl/huis-willet-holthuysen | https://nl.wikipedia.org/wiki/Lijst_van_musea_in_Amsterdam,
310e5102-b517-5c3e-a7d0-f65ab8b7a5f1,wikipedia:Noord-Holland:imagineic:amsterdam,Imagine IC,Amsterdam,Noord-Holland,,,NL,,,,unknown,draft,unreviewed,Provinciale lijst; adres en actuele status nog controleren.,https://nl.wikipedia.org/wiki/Lijst_van_musea_in_Amsterdam,
7b5cebdf-b6c0-5831-9943-8d07d1da4adc,museum-nl:joods-museum,Joods Museum,Amsterdam,Noord-Holland,Nieuwe Amstelstraat 1,1011 PL,NL,https://jck.nl/locatie/joods-museum,52.367367,4.903915,unknown,draft,unreviewed,Bronvermelding is geen controle van actuele opening of toegankelijkheid.,https://www.museum.nl/nl/joods-museum | https://nl.wikipedia.org/wiki/Lijst_van_musea_in_Amsterdam,
2335783a-59fe-5be9-b370-5e3629208b6d,wikipedia:Noord-Holland:kattenkabinet:amsterdam,KattenKabinet,Amsterdam,Noord-Holland,,,NL,,,,unknown,draft,unreviewed,Provinciale lijst; adres en actuele status nog controleren.,https://nl.wikipedia.org/wiki/Lijst_van_musea_in_Amsterdam,
71e5d517-422f-503e-aa67-1f0cb2ed6294,wikipedia:Noord-Holland:klederdrachtmuseumamsterdam:amsterdam,Klederdracht Museum Amsterdam,Amsterdam,Noord-Holland,,,NL,,,,closed,draft,unreviewed,Mogelijk historisch/gesloten. Provinciale lijst; adres en actuele status nog controleren.,https://nl.wikipedia.org/wiki/Lijst_van_musea_in_Amsterdam,
668d8182-59bf-592f-b6e9-a879164db9d2,museum-nl:koninklijk-paleis-amsterdam,Koninklijk Paleis Amsterdam,Amsterdam,Noord-Holland,Dam,1012 NP,NL,https://www.paleisamsterdam.nl,52.373369,4.891368,unknown,draft,unreviewed,Bronvermelding is geen controle van actuele opening of toegankelijkheid. Provincie afgeleid uit plaatsnaam in provinciale lijst; controleren.,https://www.museum.nl/nl/koninklijk-paleis-amsterdam,
ad8cdbc7-cbbc-5483-a1a7-4777e317fed4,wikipedia:Noord-Holland:kuiperijmuseum:amsterdam,Kuiperijmuseum,Amsterdam,Noord-Holland,,,NL,,,,unknown,draft,unreviewed,Provinciale lijst; adres en actuele status nog controleren.,https://nl.wikipedia.org/wiki/Lijst_van_musea_in_Amsterdam,
d3906ff8-8659-5a75-abeb-576a09c11b9a,museum-nl:luther-museum-amsterdam,Luther Museum Amsterdam,Amsterdam,Noord-Holland,Nieuwe Keizersgracht 570,1018 VG,NL,http://www.luthermuseum.nl/,52.365524,4.90885,unknown,draft,unreviewed,Bronvermelding is geen controle van actuele opening of toegankelijkheid.,https://www.museum.nl/nl/luther-museum-amsterdam | https://nl.wikipedia.org/wiki/Lijst_van_musea_in_Amsterdam,
fb33cdbe-8573-5b0b-8b6e-c85f482e9eb4,wikipedia:Noord-Holland:madametussaudsamsterdam:amsterdam,Madame Tussauds Amsterdam,Amsterdam,Noord-Holland,,,NL,,,,unknown,draft,unreviewed,Provinciale lijst; adres en actuele status nog controleren.,https://nl.wikipedia.org/wiki/Lijst_van_musea_in_Amsterdam,
652e2199-c6f5-546a-9d90-0bb25d55b3a6,wikipedia:Noord-Holland:maxeuwecentrum:amsterdam,Max Euwe Centrum,Amsterdam,Noord-Holland,,,NL,,,,unknown,draft,unreviewed,Provinciale lijst; adres en actuele status nog controleren.,https://nl.wikipedia.org/wiki/Lijst_van_musea_in_Amsterdam,
28cb1690-5dea-583d-8565-1f278e3e11d8,wikipedia:Noord-Holland:micropia:amsterdam,Micropia,Amsterdam,Noord-Holland,,,NL,,,,unknown,draft,unreviewed,Provinciale lijst; adres en actuele status nog controleren.,https://nl.wikipedia.org/wiki/Lijst_van_musea_in_Amsterdam,
f809a62e-730e-5048-89a1-d86b72ec819b,wikipedia:Noord-Holland:miniatuurmuseumamsterdam:amsterdam,Miniatuur Museum Amsterdam,Amsterdam,Noord-Holland,,,NL,,,,unknown,draft,unreviewed,Provinciale lijst; adres en actuele status nog controleren.,https://nl.wikipedia.org/wiki/Lijst_van_musea_in_Amsterdam,
8a290657-e14f-59a2-9b56-0944fdb40844,wikipedia:Noord-Holland:mocomuseum:amsterdam,Moco Museum,Amsterdam,Noord-Holland,,,NL,,,,unknown,draft,unreviewed,Provinciale lijst; adres en actuele status nog controleren.,https://nl.wikipedia.org/wiki/Lijst_van_musea_in_Amsterdam,
277a8cce-e79a-5d6c-9b40-a81591cc6146,wikipedia:Noord-Holland:molenvansloten:amsterdam,Molen van Sloten,Amsterdam,Noord-Holland,,,NL,,,,unknown,draft,unreviewed,Provinciale lijst; adres en actuele status nog controleren.,https://nl.wikipedia.org/wiki/Lijst_van_musea_in_Amsterdam,
ec597613-e2b8-5059-9734-fcec8564f858,museum-nl:multatuli-museum,Multatuli Museum,Amsterdam,Noord-Holland,Korsjespoortsteeg 20hs,1015 AR,NL,https://www.multatuli-museum.nl,52.377461,4.891101,unknown,draft,unreviewed,Bronvermelding is geen controle van actuele opening of toegankelijkheid.,https://www.museum.nl/nl/multatuli-museum | https://nl.wikipedia.org/wiki/Lijst_van_musea_in_Amsterdam,
164b2a5f-cb96-5caf-a88c-504893cada07,wikipedia:Noord-Holland:museumamsterdamnoord:amsterdam,Museum Amsterdam Noord,Amsterdam,Noord-Holland,,,NL,,,,unknown,draft,unreviewed,Provinciale lijst; adres en actuele status nog controleren.,https://nl.wikipedia.org/wiki/Lijst_van_musea_in_Amsterdam,
89aea746-b8b8-5131-bbb5-1bc552b4715f,wikipedia:Noord-Holland:museumfodor:amsterdam,Museum Fodor,Amsterdam,Noord-Holland,,,NL,,,,closed,draft,unreviewed,Mogelijk historisch/gesloten. Provinciale lijst; adres en actuele status nog controleren.,https://nl.wikipedia.org/wiki/Lijst_van_musea_in_Amsterdam,
a817357c-3008-5594-8e8c-faced1cf9e76,museum-nl:museum-het-schip,Museum Het Schip,Amsterdam,Noord-Holland,Oostzaanstraat 45,1013 WG,NL,https://www.hetschip.nl,52.390663,4.873636,unknown,draft,unreviewed,Bronvermelding is geen controle van actuele opening of toegankelijkheid.,https://www.museum.nl/nl/museum-het-schip | https://nl.wikipedia.org/wiki/Lijst_van_musea_in_Amsterdam,
c6ae93f1-6345-570e-8b4e-3ce63460fa3a,museum-nl:museum-ons-lieve-heer-op-solder,Museum Ons' Lieve Heer op Solder,Amsterdam,Noord-Holland,Oudezijds Voorburgwal 38,1012 GD,NL,https://www.opsolder.nl,52.375069,4.899366,unknown,draft,unreviewed,Bronvermelding is geen controle van actuele opening of toegankelijkheid. Provincie afgeleid uit plaatsnaam in provinciale lijst; controleren.,https://www.museum.nl/nl/museum-ons-lieve-heer-op-solder,
9423dcc9-339e-56c1-b694-1cdc14ee95f3,museum-nl:museum-rembrandthuis,Museum Rembrandthuis,Amsterdam,Noord-Holland,Jodenbreestraat 4,1011 NK,NL,https://www.rembrandthuis.nl,52.369369,4.90125,unknown,draft,unreviewed,Bronvermelding is geen controle van actuele opening of toegankelijkheid. Provincie afgeleid uit plaatsnaam in provinciale lijst; controleren.,https://www.museum.nl/nl/museum-rembrandthuis,kunst
5623af39-3ce8-5c0f-8d58-245c4d5151f2,museum-nl:museum-tot-zover,Museum Tot Zover,Amsterdam,Noord-Holland,Kruislaan 124,1097 GA,NL,https://www.totzover.nl,52.346176,4.938441,unknown,draft,unreviewed,Bronvermelding is geen controle van actuele opening of toegankelijkheid. Provincie afgeleid uit plaatsnaam in provinciale lijst; controleren.,https://www.museum.nl/nl/museum-tot-zover,
e79a665b-71cc-53dc-9bfa-3148942c3859,museum-nl:museum-van-loon,Museum Van Loon,Amsterdam,Noord-Holland,Keizersgracht 672,1017 ET,NL,https://www.museumvanloon.nl,52.363477,4.893372,unknown,draft,unreviewed,Bronvermelding is geen controle van actuele opening of toegankelijkheid.,https://www.museum.nl/nl/museum-van-loon | https://nl.wikipedia.org/wiki/Lijst_van_musea_in_Amsterdam,
9315edd3-22f1-5cbf-91d8-f9bc047f39e0,wikipedia:Noord-Holland:museumvilla:amsterdam,Museum Villa,Amsterdam,Noord-Holland,,,NL,,,,unknown,draft,unreviewed,Provinciale lijst; adres en actuele status nog controleren.,https://nl.wikipedia.org/wiki/Lijst_van_musea_in_Amsterdam,
70589cbc-ce5b-5428-8576-849ff2b6c943,wikipedia:Noord-Holland:museumvrolik:amsterdam,Museum Vrolik,Amsterdam,Noord-Holland,,,NL,,,,unknown,draft,unreviewed,Provinciale lijst; adres en actuele status nog controleren.,https://nl.wikipedia.org/wiki/Lijst_van_musea_in_Amsterdam,
3581b76b-ca42-5922-9a05-808e98a31588,museum-nl:museum-van-de-geest-amsterdam,Museum van de Geest | Amsterdam,Amsterdam,Noord-Holland,Amstel 51,1018 EJ,NL,https://www.museumvandegeest.nl,52.364814,4.902185,unknown,draft,unreviewed,Bronvermelding is geen controle van actuele opening of toegankelijkheid. Provincie afgeleid uit plaatsnaam in provinciale lijst; controleren.,https://www.museum.nl/nl/museum-van-de-geest-amsterdam,
d453307d-fdca-557f-af40-803534279134,wikipedia:Noord-Holland:museumhavenamsterdamoosterdok:amsterdam,Museumhaven Amsterdam (Oosterdok),Amsterdam,Noord-Holland,,,NL,,,,unknown,draft,unreviewed,Provinciale lijst; adres en actuele status nog controleren.,https://nl.wikipedia.org/wiki/Lijst_van_musea_in_Amsterdam,
97577d6b-99da-53f5-87e4-6fb22e9b57cc,wikipedia:Noord-Holland:museumwoningtuindorpoostzaan:amsterdam,Museumwoning Tuindorp Oostzaan,Amsterdam,Noord-Holland,,,NL,,,,unknown,draft,unreviewed,Provinciale lijst; adres en actuele status nog controleren.,https://nl.wikipedia.org/wiki/Lijst_van_musea_in_Amsterdam,
23a12cf0-8676-54f1-8020-94e0edfd29dd,wikipedia:Noord-Holland:napbezoekerscentrum:amsterdam,NAP-bezoekerscentrum,Amsterdam,Noord-Holland,,,NL,,,,unknown,draft,unreviewed,Provinciale lijst; adres en actuele status nog controleren.,https://nl.wikipedia.org/wiki/Lijst_van_musea_in_Amsterdam,
0e4c348e-068a-5cc5-8a66-10b1ee47cfb6,museum-nl:nemo-science-museum,NEMO Science Museum,Amsterdam,Noord-Holland,Oosterdok 2,1011 VX,NL,https://www.nemosciencemuseum.nl,52.373853,4.912111,unknown,draft,unreviewed,Bronvermelding is geen controle van actuele opening of toegankelijkheid.,https://www.museum.nl/nl/nemo-science-museum | https://nl.wikipedia.org/wiki/Lijst_van_musea_in_Amsterdam,wetenschap
8292789e-fdfa-5eb0-a03c-c01460af16d0,museum-nl:nationaal-holocaustmuseum,Nationaal Holocaustmuseum,Amsterdam,Noord-Holland,Plantage Middenlaan 27,1018 DB,NL,https://jck.nl/locatie/nationaal-holocaustmuseum,52.366883,4.910953,unknown,draft,unreviewed,Bronvermelding is geen controle van actuele opening of toegankelijkheid.,https://www.museum.nl/nl/nationaal-holocaustmuseum | https://nl.wikipedia.org/wiki/Lijst_van_musea_in_Amsterdam,
f7a4ab9e-9113-59c2-a966-3ae26e2022fb,wikipedia:Noord-Holland:nederlandsinstituutvoormediakunst:amsterdam,Nederlands Instituut voor Mediakunst,Amsterdam,Noord-Holland,,,NL,,,,closed,draft,unreviewed,Mogelijk historisch/gesloten. Provinciale lijst; adres en actuele status nog controleren.,https://nl.wikipedia.org/wiki/Lijst_van_musea_in_Amsterdam,kunst
2d916b6d-3c19-524c-85b0-00e8358a73b8,wikipedia:Noord-Holland:nederlandschpanopticum:amsterdam,Nederlandsch Panopticum,Amsterdam,Noord-Holland,,,NL,,,,closed,draft,unreviewed,Mogelijk historisch/gesloten. Provinciale lijst; adres en actuele status nog controleren.,https://nl.wikipedia.org/wiki/Lijst_van_musea_in_Amsterdam,
98ccd6d8-e928-5ec3-b15b-32fb696eb3e1,wikipedia:Noord-Holland:nieuwekerk:amsterdam,Nieuwe Kerk,Amsterdam,Noord-Holland,,,NL,,,,unknown,draft,unreviewed,Provinciale lijst; adres en actuele status nog controleren.,https://nl.wikipedia.org/wiki/Lijst_van_musea_in_Amsterdam,
c6a9342f-0ac4-5f1d-a450-abc307b6cecb,wikipedia:Noord-Holland:noorderkerk:amsterdam,Noorderkerk,Amsterdam,Noord-Holland,,,NL,,,,unknown,draft,unreviewed,Provinciale lijst; adres en actuele status nog controleren.,https://nl.wikipedia.org/wiki/Lijst_van_musea_in_Amsterdam,
84a06b32-b218-581b-bcff-0e8103cc85fa,wikipedia:Noord-Holland:nxtmuseum:amsterdam,Nxt Museum,Amsterdam,Noord-Holland,,,NL,,,,unknown,draft,unreviewed,Provinciale lijst; adres en actuele status nog controleren.,https://nl.wikipedia.org/wiki/Lijst_van_musea_in_Amsterdam,
5e0768b3-a5f0-535a-84d8-6f43416c9e26,wikipedia:Noord-Holland:olympicexperienceamsterdam:amsterdam,Olympic Experience Amsterdam,Amsterdam,Noord-Holland,,,NL,,,,closed,draft,unreviewed,Mogelijk historisch/gesloten. Provinciale lijst; adres en actuele status nog controleren.,https://nl.wikipedia.org/wiki/Lijst_van_musea_in_Amsterdam,
a1f9272f-b0a2-5862-acbe-3acfff9dbd49,wikipedia:Noord-Holland:onslieveheeropsolder:amsterdam,Ons' Lieve Heer op Solder,Amsterdam,Noord-Holland,,,NL,,,,unknown,draft,unreviewed,Provinciale lijst; adres en actuele status nog controleren.,https://nl.wikipedia.org/wiki/Lijst_van_musea_in_Amsterdam,
58e00654-587e-58e6-8fa6-7559430c4734,museum-nl:oude-kerk,Oude Kerk,Amsterdam,Noord-Holland,Oudekerksplein 23,1012 GX,NL,https://www.oudekerk.nl,52.374118,4.897761,unknown,draft,unreviewed,Bronvermelding is geen controle van actuele opening of toegankelijkheid.,https://www.museum.nl/nl/oude-kerk | https://nl.wikipedia.org/wiki/Lijst_van_musea_in_Amsterdam,
0647e36d-0b72-5e0a-914a-fedfa7668e1c,wikipedia:Noord-Holland:oudezijdsachterburgwal:amsterdam,Oudezijds Achterburgwal,Amsterdam,Noord-Holland,,,NL,,,,unknown,draft,unreviewed,Provinciale lijst; adres en actuele status nog controleren.,https://nl.wikipedia.org/wiki/Lijst_van_musea_in_Amsterdam,
08a53869-51f6-5c22-8314-28b2693be0c4,wikipedia:Noord-Holland:outsiderartmuseum:amsterdam,Outsider Art Museum,Amsterdam,Noord-Holland,,,NL,,,,unknown,draft,unreviewed,Provinciale lijst; adres en actuele status nog controleren.,https://nl.wikipedia.org/wiki/Lijst_van_musea_in_Amsterdam,kunst
2e31ae2b-65ad-5fad-ad58-a99bcbe6735a,wikipedia:Noord-Holland:paleisopdedam:amsterdam,Paleis op de Dam,Amsterdam,Noord-Holland,,,NL,,,,unknown,draft,unreviewed,Provinciale lijst; adres en actuele status nog controleren.,https://nl.wikipedia.org/wiki/Lijst_van_musea_in_Amsterdam,
a2d87d3e-7c7f-55d3-852f-88c38d378058,wikipedia:Noord-Holland:persmuseum:amsterdam,Persmuseum,Amsterdam,Noord-Holland,,,NL,,,,closed,draft,unreviewed,Mogelijk historisch/gesloten. Provinciale lijst; adres en actuele status nog controleren.,https://nl.wikipedia.org/wiki/Lijst_van_musea_in_Amsterdam,
1505901c-22ae-54b7-96cd-24316d99e9ca,wikipedia:Noord-Holland:pijpenkabinet:amsterdam,Pijpenkabinet,Amsterdam,Noord-Holland,,,NL,,,,unknown,draft,unreviewed,Provinciale lijst; adres en actuele status nog controleren.,https://nl.wikipedia.org/wiki/Lijst_van_musea_in_Amsterdam,
86db4758-caab-55e1-a113-b1ceb860b7c5,wikipedia:Noord-Holland:planetarium:amsterdam,Planetarium,Amsterdam,Noord-Holland,,,NL,,,,unknown,draft,unreviewed,Provinciale lijst; adres en actuele status nog controleren.,https://nl.wikipedia.org/wiki/Lijst_van_musea_in_Amsterdam,
d8e1ece3-3da7-5418-ae45-f3f896758737,museum-nl:portugese-synagoge-amsterdam,Portugese Synagoge Amsterdam,Amsterdam,Noord-Holland,Mr. Visserplein 3,1011 RD,NL,https://jck.nl/locatie/portugese-synagoge,52.367605,4.905131,unknown,draft,unreviewed,Bronvermelding is geen controle van actuele opening of toegankelijkheid. Provincie afgeleid uit plaatsnaam in provinciale lijst; controleren.,https://www.museum.nl/nl/portugese-synagoge-amsterdam,
23777a3b-cbb4-5a95-908c-574d5b17a4fa,museum-nl:rozenstraat,ROZENSTRAAT,Amsterdam,Noord-Holland,Rozenstraat 59,1016 NN,NL,https://www.rozenstraat.com,,,unknown,draft,unreviewed,Bronvermelding is geen controle van actuele opening of toegankelijkheid. Provincie afgeleid uit plaatsnaam in provinciale lijst; controleren.,https://www.museum.nl/nl/rozenstraat,
54e4a5b3-abbe-5d22-ba68-e28a12b99199,wikipedia:Noord-Holland:rembrandthuis:amsterdam,Rembrandthuis,Amsterdam,Noord-Holland,,,NL,,,,unknown,draft,unreviewed,Provinciale lijst; adres en actuele status nog controleren.,https://nl.wikipedia.org/wiki/Lijst_van_musea_in_Amsterdam,kunst
e412b226-1773-58c1-8b4b-a69ba3d121d5,museum-nl:rijksmuseum-amsterdam,Rijksmuseum Amsterdam,Amsterdam,Noord-Holland,Museumstraat 1,1071 XX,NL,https://www.rijksmuseum.nl,52.359942,4.885386,unknown,draft,unreviewed,Bronvermelding is geen controle van actuele opening of toegankelijkheid.,https://www.museum.nl/nl/rijksmuseum-amsterdam | https://nl.wikipedia.org/wiki/Lijst_van_musea_in_Amsterdam,kunst
87c1070a-7bdf-533a-8693-27ec2727bfe3,wikipedia:Noord-Holland:rijksprentenkabinet:amsterdam,Rijksprentenkabinet,Amsterdam,Noord-Holland,,,NL,,,,unknown,draft,unreviewed,Provinciale lijst; adres en actuele status nog controleren.,https://nl.wikipedia.org/wiki/Lijst_van_musea_in_Amsterdam,
23bfe3bf-6ae0-5c62-87fa-3196caa7048f,wikipedia:Noord-Holland:ripleysbelieveitornot:amsterdam,Ripley's Believe It or Not!,Amsterdam,Noord-Holland,,,NL,,,,unknown,draft,unreviewed,Provinciale lijst; adres en actuele status nog controleren.,https://nl.wikipedia.org/wiki/Lijst_van_musea_in_Amsterdam,
d710fd30-5ccc-5361-af9c-a687ec959484,wikipedia:Noord-Holland:scheepvaartmuseum:amsterdam,Scheepvaartmuseum,Amsterdam,Noord-Holland,,,NL,,,,unknown,draft,unreviewed,Provinciale lijst; adres en actuele status nog controleren.,https://nl.wikipedia.org/wiki/Lijst_van_musea_in_Amsterdam,maritiem
111359d5-eaf8-53a1-87c7-b0fa8593a899,wikipedia:Noord-Holland:sexmuseum:amsterdam,Sexmuseum,Amsterdam,Noord-Holland,,,NL,,,,unknown,draft,unreviewed,Provinciale lijst; adres en actuele status nog controleren.,https://nl.wikipedia.org/wiki/Lijst_van_musea_in_Amsterdam,
c59660e2-ff83-5ae1-8b7e-c3256abcd6a1,museum-nl:stadsarchief-amsterdam,Stadsarchief Amsterdam,Amsterdam,Noord-Holland,Vijzelstraat 32,1017 HL,NL,https://www.amsterdam.nl/stadsarchief/,52.364869,4.892518,unknown,draft,unreviewed,Bronvermelding is geen controle van actuele opening of toegankelijkheid.,https://www.museum.nl/nl/stadsarchief-amsterdam | https://nl.wikipedia.org/wiki/Lijst_van_musea_in_Amsterdam,
61f4651d-a8f1-5af8-be35-a06f90ddfc16,wikipedia:Noord-Holland:stedelijkmuseum:amsterdam,Stedelijk Museum,Amsterdam,Noord-Holland,,,NL,,,,unknown,draft,unreviewed,Provinciale lijst; adres en actuele status nog controleren.,https://nl.wikipedia.org/wiki/Lijst_van_musea_in_Amsterdam,
d40cd0e8-52f2-5f2d-b452-4caad4718c94,museum-nl:stedelijk-museum-amsterdam,Stedelijk Museum Amsterdam,Amsterdam,Noord-Holland,Museumplein 10,1071 DJ,NL,https://www.stedelijk.nl,52.35791,4.879855,unknown,draft,unreviewed,Bronvermelding is geen controle van actuele opening of toegankelijkheid. Provincie afgeleid uit plaatsnaam in provinciale lijst; controleren.,https://www.museum.nl/nl/stedelijk-museum-amsterdam,moderne kunst
5ecef9c2-28a2-5d25-8e48-92192c4c2aad,wikipedia:Noord-Holland:stedelijkmuseumbureauamsterdam:amsterdam,Stedelijk Museum Bureau Amsterdam,Amsterdam,Noord-Holland,,,NL,,,,closed,draft,unreviewed,Mogelijk historisch/gesloten. Provinciale lijst; adres en actuele status nog controleren.,https://nl.wikipedia.org/wiki/Lijst_van_musea_in_Amsterdam,
cb3c3e8c-9289-5126-b439-870193a34ecd,museum-nl:suriname-museum,Suriname Museum,Amsterdam,Noord-Holland,Zeeburgerdijk 21,1093 SK,NL,https://www.surinamemuseum.nl,52.366098,4.927964,unknown,draft,unreviewed,Bronvermelding is geen controle van actuele opening of toegankelijkheid.,https://www.museum.nl/nl/suriname-museum | https://nl.wikipedia.org/wiki/Lijst_van_musea_in_Amsterdam,
ede58652-a61a-5342-993a-c6988936d3c4,wikipedia:Noord-Holland:tassenmuseumamsterdam:amsterdam,Tassenmuseum Amsterdam,Amsterdam,Noord-Holland,,,NL,,,,closed,draft,unreviewed,Mogelijk historisch/gesloten. Provinciale lijst; adres en actuele status nog controleren.,https://nl.wikipedia.org/wiki/Lijst_van_musea_in_Amsterdam,
624e5e5e-75d2-5542-9a11-ed09e0bd42a0,wikipedia:Noord-Holland:tattoomuseum:amsterdam,Tattoo Museum,Amsterdam,Noord-Holland,,,NL,,,,closed,draft,unreviewed,Mogelijk historisch/gesloten. Provinciale lijst; adres en actuele status nog controleren.,https://nl.wikipedia.org/wiki/Lijst_van_musea_in_Amsterdam,
47b0c652-b8c6-575b-9a83-965380ee1211,wikipedia:Noord-Holland:theatermuseum:amsterdam,Theatermuseum,Amsterdam,Noord-Holland,,,NL,,,,closed,draft,unreviewed,Mogelijk historisch/gesloten. Provinciale lijst; adres en actuele status nog controleren.,https://nl.wikipedia.org/wiki/Lijst_van_musea_in_Amsterdam,
7e27ec0d-971c-5cb8-99ce-ebcbaca995db,wikipedia:Noord-Holland:theothijssenmuseum:amsterdam,Theo Thijssen Museum,Amsterdam,Noord-Holland,,,NL,,,,unknown,draft,unreviewed,Provinciale lijst; adres en actuele status nog controleren.,https://nl.wikipedia.org/wiki/Lijst_van_musea_in_Amsterdam,
7c200840-ed52-5bc1-b86d-1134af782c3c,wikipedia:Noord-Holland:torturemuseum:amsterdam,Torture Museum,Amsterdam,Noord-Holland,,,NL,,,,unknown,draft,unreviewed,Provinciale lijst; adres en actuele status nog controleren.,https://nl.wikipedia.org/wiki/Lijst_van_musea_in_Amsterdam,
092bfd1e-46da-5887-8942-3ae710d5101c,wikipedia:Noord-Holland:totzovernederlandsuitvaartmuseum:amsterdam,"Tot Zover, Nederlands Uitvaart Museum",Amsterdam,Noord-Holland,,,NL,,,,unknown,draft,unreviewed,Provinciale lijst; adres en actuele status nog controleren.,https://nl.wikipedia.org/wiki/Lijst_van_musea_in_Amsterdam,kunst
3ca93550-62c2-540c-bf9d-92cef6950184,wikipedia:Noord-Holland:universiteitvanamsterdam:amsterdam,Universiteit van Amsterdam,Amsterdam,Noord-Holland,,,NL,,,,unknown,draft,unreviewed,Provinciale lijst; adres en actuele status nog controleren.,https://nl.wikipedia.org/wiki/Lijst_van_musea_in_Amsterdam,
8a290592-eeef-56ec-aa5e-b2a8ded129f2,wikipedia:Noord-Holland:universiteitsbibliotheekvanamsterdam:amsterdam,Universiteitsbibliotheek van Amsterdam,Amsterdam,Noord-Holland,,,NL,,,,unknown,draft,unreviewed,Provinciale lijst; adres en actuele status nog controleren.,https://nl.wikipedia.org/wiki/Lijst_van_musea_in_Amsterdam,wetenschap
2c14c69f-214e-5e94-8da5-0af33f9f7a7b,museum-nl:van-eesteren-museum,Van Eesteren Museum,Amsterdam,Noord-Holland,Noordzijde 31,1064 GV,NL,https://www.vaneesterenmuseum.nl,52.372996,4.826219,unknown,draft,unreviewed,Bronvermelding is geen controle van actuele opening of toegankelijkheid.,https://www.museum.nl/nl/van-eesteren-museum | https://nl.wikipedia.org/wiki/Lijst_van_musea_in_Amsterdam,
8ca65b0c-71eb-5178-bc9d-6e321af6995c,museum-nl:van-gogh-museum,Van Gogh Museum,Amsterdam,Noord-Holland,Museumplein 6,1071 DJ,NL,https://www.vangoghmuseum.nl,52.357925,4.881323,unknown,draft,unreviewed,Bronvermelding is geen controle van actuele opening of toegankelijkheid.,https://www.museum.nl/nl/van-gogh-museum | https://nl.wikipedia.org/wiki/Lijst_van_musea_in_Amsterdam,kunst
4b03884b-2053-5fa0-bb5a-2918539d193a,museum-nl:verzetsmuseum-amsterdam,Verzetsmuseum Amsterdam,Amsterdam,Noord-Holland,Plantage Kerklaan 61,1018 CX,NL,https://www.verzetsmuseum.org,52.367821,4.912796,unknown,draft,unreviewed,Bronvermelding is geen controle van actuele opening of toegankelijkheid.,https://www.museum.nl/nl/verzetsmuseum-amsterdam | https://nl.wikipedia.org/wiki/Lijst_van_musea_in_Amsterdam,geschiedenis
3dc36ebf-d27d-52db-b49d-b026fc5c6f0f,museum-nl:w139,W139,Amsterdam,Noord-Holland,Warmoesstraat 139,1012 JB,NL,https://www.w139.nl,52.373751,4.895989,unknown,draft,unreviewed,Bronvermelding is geen controle van actuele opening of toegankelijkheid. Provincie afgeleid uit plaatsnaam in provinciale lijst; controleren.,https://www.museum.nl/nl/w139,
a5d5f7aa-3471-5487-9bc7-84f00d145e7f,museum-nl:wereldmuseum-amsterdam,Wereldmuseum Amsterdam,Amsterdam,Noord-Holland,Linneusstraat 2,1092 CK,NL,https://amsterdam.wereldmuseum.nl,52.361887,4.922531,unknown,draft,unreviewed,Bronvermelding is geen controle van actuele opening of toegankelijkheid.,https://www.museum.nl/nl/wereldmuseum-amsterdam | https://nl.wikipedia.org/wiki/Lijst_van_musea_in_Amsterdam,
fa178374-bfee-51bc-bb24-52fd5b71d371,museum-nl:wereldmuseum-junior,Wereldmuseum Junior,Amsterdam,Noord-Holland,Linnaeusstraat 2,1092 CK,NL,https://amsterdam.wereldmuseum.nl/,52.361887,4.922531,unknown,draft,unreviewed,Bronvermelding is geen controle van actuele opening of toegankelijkheid. Provincie afgeleid uit plaatsnaam in provinciale lijst; controleren.,https://www.museum.nl/nl/wereldmuseum-junior,
3c53c8c2-c2f7-5b1d-b5ac-7093005eea64,wikipedia:Noord-Holland:werftkromhout:amsterdam,Werf 't Kromhout,Amsterdam,Noord-Holland,,,NL,,,,unknown,draft,unreviewed,Provinciale lijst; adres en actuele status nog controleren.,https://nl.wikipedia.org/wiki/Lijst_van_musea_in_Amsterdam,
99e75afa-9b61-50e3-b2a8-812bc16b0a3a,wikipedia:Noord-Holland:willyalbertimuseum:amsterdam,Willy Alberti-museum,Amsterdam,Noord-Holland,,,NL,,,,unknown,draft,unreviewed,Provinciale lijst; adres en actuele status nog controleren.,https://nl.wikipedia.org/wiki/Lijst_van_musea_in_Amsterdam,
c8e0dec6-2aa2-5937-8a32-4e3583d4cdad,wikipedia:Noord-Holland:witsenhuis:amsterdam,Witsenhuis,Amsterdam,Noord-Holland,,,NL,,,,unknown,draft,unreviewed,Provinciale lijst; adres en actuele status nog controleren.,https://nl.wikipedia.org/wiki/Lijst_van_musea_in_Amsterdam,
13f1cd90-058a-5cf8-9f7c-7ec6f20c900f,wikipedia:Noord-Holland:woonbootmuseum:amsterdam,Woonbootmuseum,Amsterdam,Noord-Holland,,,NL,,,,unknown,draft,unreviewed,Provinciale lijst; adres en actuele status nog controleren.,https://nl.wikipedia.org/wiki/Lijst_van_musea_in_Amsterdam,
1a640edd-1892-5752-b070-dbd0192a778b,wikipedia:Noord-Holland:zoologischmuseumamsterdam:amsterdam,Zoölogisch Museum Amsterdam,Amsterdam,Noord-Holland,,,NL,,,,closed,draft,unreviewed,Mogelijk historisch/gesloten. Provinciale lijst; adres en actuele status nog controleren.,https://nl.wikipedia.org/wiki/Lijst_van_musea_in_Amsterdam,
c2a69b51-5555-57c6-a6da-f0e2d9ace5cf,wikipedia:Noord-Holland:zuiderkerk:amsterdam,Zuiderkerk,Amsterdam,Noord-Holland,,,NL,,,,unknown,draft,unreviewed,Provinciale lijst; adres en actuele status nog controleren.,https://nl.wikipedia.org/wiki/Lijst_van_musea_in_Amsterdam,
e7574150-a86f-5c7b-9f90-0c2aabde4cee,wikipedia:Noord-Holland:eendenmuseum:andijk,Eendenmuseum,Andijk,Noord-Holland,,,NL,,,,unknown,draft,unreviewed,Provinciale lijst; adres en actuele status nog controleren.,https://nl.wikipedia.org/wiki/Lijst_van_musea_in_Noord-Holland,
43971773-cc37-5188-9f35-3bc6ae7bcf74,wikipedia:Noord-Holland:autounionmuseuminbergen:bergen,Auto-Union Museum in Bergen,Bergen,Noord-Holland,,,NL,,,,closed,draft,unreviewed,Mogelijk historisch/gesloten. Provinciale lijst; adres en actuele status nog controleren.,https://nl.wikipedia.org/wiki/Lijst_van_musea_in_Noord-Holland,vervoer
35667f6c-d721-506b-bc05-bfbc92e29eb7,museum-nl:museum-kranenburgh,Museum Kranenburgh,Bergen,Noord-Holland,Hoflaan 26,1861 CR,NL,http://www.kranenburgh.nl/,52.668233,4.695258,unknown,draft,unreviewed,Bronvermelding is geen controle van actuele opening of toegankelijkheid.,https://www.museum.nl/nl/museum-kranenburgh | https://nl.wikipedia.org/wiki/Lijst_van_musea_in_Noord-Holland,
0924d6d1-a674-5ab8-967b-958c03a92c4c,wikipedia:Noord-Holland:museumvliegveldbergen:bergen,Museum Vliegveld Bergen,Bergen,Noord-Holland,,,NL,,,,unknown,draft,unreviewed,Provinciale lijst; adres en actuele status nog controleren.,https://nl.wikipedia.org/wiki/Lijst_van_musea_in_Noord-Holland,
e30a5a44-6d44-54ab-9892-32da48305cfd,museum-nl:museum-kennemerland,Museum Kennemerland,Beverwijk,Noord-Holland,Westerhoutplein 1,1943 AA,NL,https://www.museumkennemerland.nl,52.48425,4.644626,unknown,draft,unreviewed,Bronvermelding is geen controle van actuele opening of toegankelijkheid.,https://www.museum.nl/nl/museum-kennemerland | https://nl.wikipedia.org/wiki/Lijst_van_musea_in_Noord-Holland,
8fc934d6-82ed-5762-99eb-30388de988e5,museum-nl:museum-broekerveiling,Museum BroekerVeiling,Broek op Langedijk,Noord-Holland,Museumweg 2,1721 BW,NL,https://www.broekerveiling.nl,52.679873,4.806555,unknown,draft,unreviewed,Bronvermelding is geen controle van actuele opening of toegankelijkheid.,https://www.museum.nl/nl/museum-broekerveiling | https://nl.wikipedia.org/wiki/Lijst_van_musea_in_Noord-Holland,
40c397ea-5052-532c-8cd4-feb6576d6b7f,museum-nl:huis-van-hilde,Huis van Hilde,Castricum,Noord-Holland,Westerplein 6,1901 NA,NL,https://www.huisvanhilde.nl,52.544541,4.658135,unknown,draft,unreviewed,Bronvermelding is geen controle van actuele opening of toegankelijkheid.,https://www.museum.nl/nl/huis-van-hilde | https://nl.wikipedia.org/wiki/Lijst_van_musea_in_Noord-Holland,
cce8426e-c5ae-5f60-a693-f9286c904473,wikipedia:Noord-Holland:gemaaldecruquius:cruquiushaarlemmermeer,Gemaal De Cruquius,Cruquius (Haarlemmermeer),Noord-Holland,,,NL,,,,unknown,draft,unreviewed,Provinciale lijst; adres en actuele status nog controleren.,https://nl.wikipedia.org/wiki/Lijst_van_musea_in_Noord-Holland,
8d68c1f4-7b1b-5b30-9940-c090ed0d1d26,wikipedia:Noord-Holland:ecomare:dekoog,Ecomare,De Koog,Noord-Holland,,,NL,,,,unknown,draft,unreviewed,Provinciale lijst; adres en actuele status nog controleren.,https://nl.wikipedia.org/wiki/Lijst_van_musea_in_Noord-Holland,
1e5f6b41-8f52-5727-a4ea-a23c3a503ff5,museum-nl:museum-in-t-houten-huis,Museum In 't Houten Huis,De Rijp,Noord-Holland,Tuingracht 13,1483 AP,NL,https://www.houtenhuis.nl,52.559355,4.853218,unknown,draft,unreviewed,Bronvermelding is geen controle van actuele opening of toegankelijkheid.,https://www.museum.nl/nl/museum-in-t-houten-huis | https://nl.wikipedia.org/wiki/Lijst_van_musea_in_Noord-Holland,
981a7090-bc34-5bdc-bc03-f0776655a485,wikipedia:Noord-Holland:museumjanboon:derijp,Museum Jan Boon,De Rijp,Noord-Holland,,,NL,,,,unknown,draft,unreviewed,Provinciale lijst; adres en actuele status nog controleren.,https://nl.wikipedia.org/wiki/Lijst_van_musea_in_Noord-Holland,
67712c93-c84c-5be0-b706-ffe70178a9c7,wikipedia:Noord-Holland:pietervermeulenmuseum:driehuisvelsenijmuiden,Pieter Vermeulen Museum,Driehuis (Velsen/IJmuiden),Noord-Holland,,,NL,,,,unknown,draft,unreviewed,Provinciale lijst; adres en actuele status nog controleren.,https://nl.wikipedia.org/wiki/Lijst_van_musea_in_Noord-Holland,
969da837-4a32-567c-a29f-d4ffff340eeb,museum-nl:edams-museum,Edams Museum,Edam,Noord-Holland,Damplein 8,1135 BK,NL,https://www.edamsmuseum.nl,52.51265,5.049075,unknown,draft,unreviewed,Bronvermelding is geen controle van actuele opening of toegankelijkheid.,https://www.museum.nl/nl/edams-museum | https://nl.wikipedia.org/wiki/Lijst_van_musea_in_Noord-Holland,
81c07862-4795-5840-8159-ddfbe1632e5b,wikipedia:Noord-Holland:museumegmond:egmondaanzee,Museum Egmond,Egmond aan Zee,Noord-Holland,,,NL,,,,unknown,draft,unreviewed,Provinciale lijst; adres en actuele status nog controleren.,https://nl.wikipedia.org/wiki/Lijst_van_musea_in_Noord-Holland,
8ce08ddd-c497-5d7f-9628-47f8a266dac3,museum-nl:museum-van-egmond,Museum van Egmond,Egmond aan Zee,Noord-Holland,Zuiderstraat 7,1931 GD,NL,https://www.museumvanegmond.nl,52.617367,4.625135,unknown,draft,unreviewed,Bronvermelding is geen controle van actuele opening of toegankelijkheid. Provincie afgeleid uit plaatsnaam in provinciale lijst; controleren.,https://www.museum.nl/nl/museum-van-egmond,
9de05038-8a01-53f6-a06e-88b417d570a3,museum-nl:flessenscheepjes-museum,Flessenscheepjes Museum,Enkhuizen,Noord-Holland,Zuiderspui  1,1602 GH,NL,https://www.flessenscheepjesmuseum.nl,52.70102,5.29398,unknown,draft,unreviewed,Bronvermelding is geen controle van actuele opening of toegankelijkheid.,https://www.museum.nl/nl/flessenscheepjes-museum | https://nl.wikipedia.org/wiki/Lijst_van_musea_in_Noord-Holland,
1a805291-02c3-5558-9f7b-fc05040d9657,wikipedia:Noord-Holland:heiligenbeeldenmuseum:enkhuizen,Heiligenbeeldenmuseum,Enkhuizen,Noord-Holland,,,NL,,,,unknown,draft,unreviewed,Provinciale lijst; adres en actuele status nog controleren.,https://nl.wikipedia.org/wiki/Lijst_van_musea_in_Noord-Holland,beeldhouwkunst
6f00fd4c-53da-56a3-a2e7-0e694dc596c9,museum-nl:museum-sow-to-grow,Museum Sow to Grow,Enkhuizen,Noord-Holland,Westerstraat 111,1601 AD,NL,https://www.sowtogrow.nl,52.703302,5.287934,unknown,draft,unreviewed,Bronvermelding is geen controle van actuele opening of toegankelijkheid. Provincie afgeleid uit plaatsnaam in provinciale lijst; controleren.,https://www.museum.nl/nl/museum-sow-to-grow,
c56a90bc-4fdd-5b98-9355-55f1c043b41e,museum-nl:zuiderzeemuseum,Zuiderzeemuseum,Enkhuizen,Noord-Holland,Wierdijk 12,1601 LA,NL,https://www.zuiderzeemuseum.nl,52.703795,5.297224,unknown,draft,unreviewed,Bronvermelding is geen controle van actuele opening of toegankelijkheid.,https://www.museum.nl/nl/zuiderzeemuseum | https://nl.wikipedia.org/wiki/Lijst_van_musea_in_Noord-Holland,
c36a82fb-655b-59a6-9779-8104fbd3c7a0,wikipedia:Noord-Holland:hetschooltjevandiktrom:etersheim,Het Schooltje van Dik Trom,Etersheim,Noord-Holland,,,NL,,,,unknown,draft,unreviewed,Provinciale lijst; adres en actuele status nog controleren.,https://nl.wikipedia.org/wiki/Lijst_van_musea_in_Noord-Holland,
dbc1b2a9-b3fe-5eba-ac29-9fbc44c0ad82,museum-nl:abc-architectuurcentrum-haarlem,ABC Architectuurcentrum Haarlem,Haarlem,Noord-Holland,Groot Heiligland 47,2011 EP,NL,https://www.architectuurhaarlem.nl,52.37711,4.634042,unknown,draft,unreviewed,Bronvermelding is geen controle van actuele opening of toegankelijkheid. Provincie afgeleid uit plaatsnaam in provinciale lijst; controleren.,https://www.museum.nl/nl/abc-architectuurcentrum-haarlem,architectuur
b37d75e5-0c92-553b-a899-05934382db55,wikipedia:Noord-Holland:corrietenboommuseum:haarlem,Corrie ten Boom Museum,Haarlem,Noord-Holland,,,NL,,,,unknown,draft,unreviewed,Provinciale lijst; adres en actuele status nog controleren.,https://nl.wikipedia.org/wiki/Lijst_van_musea_in_Noord-Holland,
8b9d013b-7fa2-58ce-84c0-8d25fa57e501,wikipedia:Noord-Holland:draaiorgelmuseum:haarlem,Draaiorgelmuseum,Haarlem,Noord-Holland,,,NL,,,,unknown,draft,unreviewed,Provinciale lijst; adres en actuele status nog controleren.,https://nl.wikipedia.org/wiki/Lijst_van_musea_in_Noord-Holland,
c8e2fdc7-208f-52e5-8c63-b0fb0f11152f,museum-nl:frans-hals-museum,Frans Hals Museum,Haarlem,Noord-Holland,Groot Heiligland 62,2011 ES,NL,https://www.franshalsmuseum.nl,52.376606,4.63369,unknown,draft,unreviewed,Bronvermelding is geen controle van actuele opening of toegankelijkheid.,https://www.museum.nl/nl/frans-hals-museum | https://nl.wikipedia.org/wiki/Lijst_van_musea_in_Noord-Holland,
efc173a8-8d6b-59d4-b19b-7d5e387cc677,wikipedia:Noord-Holland:hal:haarlem,Hal,Haarlem,Noord-Holland,,,NL,,,,unknown,draft,unreviewed,Provinciale lijst; adres en actuele status nog controleren.,https://nl.wikipedia.org/wiki/Lijst_van_musea_in_Noord-Holland,
99e7a06f-e68d-5fe3-b453-d1859969ade1,museum-nl:huis-barnaart,Huis Barnaart,Haarlem,Noord-Holland,Nieuwe Gracht 7,2011 NB,NL,https://www.hendrickdekeyser.nl/museumbezoek/huis-barnaart-Haarlem?gad_source=1&gad_campaignid=20738510390&gclid=CjwKCAjwuIbBBhBvEiwAsNypvaJWhGUD2ZsVoDwCayyfiNWHdNYtSCEFXVEVIsUMtdHtvfVxR2Ro7xoCywIQAvD,52.384658,4.637364,unknown,draft,unreviewed,Bronvermelding is geen controle van actuele opening of toegankelijkheid.,https://www.museum.nl/nl/huis-barnaart | https://nl.wikipedia.org/wiki/Lijst_van_musea_in_Noord-Holland,
2b5f9090-3b7f-52ff-9b6a-7e81e9d14da6,wikipedia:Noord-Holland:museumvandegeest:haarlem,Museum van de Geest,Haarlem,Noord-Holland,,,NL,,,,unknown,draft,unreviewed,Provinciale lijst; adres en actuele status nog controleren.,https://nl.wikipedia.org/wiki/Lijst_van_musea_in_Noord-Holland,
db1f023c-733f-586a-92b9-fc32965f62e7,museum-nl:museum-van-de-geest-haarlem,Museum van de Geest | Haarlem,Haarlem,Noord-Holland,Schotersingel 2,2021 GE,NL,https://www.museumvandegeest.nl,52.390541,4.637786,unknown,draft,unreviewed,Bronvermelding is geen controle van actuele opening of toegankelijkheid. Provincie afgeleid uit plaatsnaam in provinciale lijst; controleren.,https://www.museum.nl/nl/museum-van-de-geest-haarlem,
c2a0c1e9-6422-5d77-aeb5-3496c3c888c6,wikipedia:Noord-Holland:nzhvervoermuseum:haarlem,NZH-Vervoermuseum,Haarlem,Noord-Holland,,,NL,,,,unknown,draft,unreviewed,Provinciale lijst; adres en actuele status nog controleren.,https://nl.wikipedia.org/wiki/Lijst_van_musea_in_Noord-Holland,
d908d0df-29a8-5c7e-a1a1-2be836132fab,museum-nl:teylers-museum,Teylers Museum,Haarlem,Noord-Holland,Spaarne 16,2011 CH,NL,https://www.teylersmuseum.nl,52.380345,4.64035,unknown,draft,unreviewed,Bronvermelding is geen controle van actuele opening of toegankelijkheid.,https://www.museum.nl/nl/teylers-museum | https://nl.wikipedia.org/wiki/Lijst_van_musea_in_Noord-Holland,
503f926c-885f-5925-b0e6-cc83832404a6,museum-nl:verwey-museum-haarlem,Verwey Museum Haarlem,Haarlem,Noord-Holland,Groot Heiligland 47,2011 EP,NL,https://www.verweymuseumhaarlem.nl,52.37711,4.634042,unknown,draft,unreviewed,Bronvermelding is geen controle van actuele opening of toegankelijkheid.,https://www.museum.nl/nl/verwey-museum-haarlem | https://nl.wikipedia.org/wiki/Lijst_van_musea_in_Noord-Holland,
0f13e40f-5d0b-5ccf-8980-41aba83bb26b,wikipedia:Noord-Holland:luchtoorlogmuseumfortveldhuis:heemskerk,Luchtoorlogmuseum Fort Veldhuis,Heemskerk,Noord-Holland,,,NL,,,,unknown,draft,unreviewed,Provinciale lijst; adres en actuele status nog controleren.,https://nl.wikipedia.org/wiki/Lijst_van_musea_in_Noord-Holland,geschiedenis
08497f06-6b6f-544c-98d5-915a4bd5d420,wikipedia:Noord-Holland:poldermuseumheerhugowaard:heerhugowaard,Poldermuseum Heerhugowaard,Heerhugowaard,Noord-Holland,,,NL,,,,unknown,draft,unreviewed,Provinciale lijst; adres en actuele status nog controleren.,https://nl.wikipedia.org/wiki/Lijst_van_musea_in_Noord-Holland,
02eba235-8aca-5c3c-8475-70060f0f6857,wikipedia:Noord-Holland:historischmuseumheiloo:heiloo,Historisch Museum Heiloo,Heiloo,Noord-Holland,,,NL,,,,unknown,draft,unreviewed,Provinciale lijst; adres en actuele status nog controleren.,https://nl.wikipedia.org/wiki/Lijst_van_musea_in_Noord-Holland,geschiedenis
9a16ffbf-c165-52ea-8d5f-6c4f1b6af662,museum-nl:beeld-geluid,Beeld & Geluid,Hilversum,Noord-Holland,Media Parkboulevard 1,1217 WE,NL,https://www.beeldengeluid.nl,52.235679,5.173312,unknown,draft,unreviewed,Bronvermelding is geen controle van actuele opening of toegankelijkheid. Provincie afgeleid uit plaatsnaam in provinciale lijst; controleren.,https://www.museum.nl/nl/beeld-geluid,
f71e42cf-4a95-5ba3-bcb3-f298bbebf521,museum-nl:fotomuseum-hilversum,Fotomuseum Hilversum,Hilversum,Noord-Holland,Kerkbrink 6,1211 BX,NL,https://www.museumhilversum.nl,52.224096,5.171383,unknown,draft,unreviewed,Bronvermelding is geen controle van actuele opening of toegankelijkheid. Provincie afgeleid uit plaatsnaam in provinciale lijst; controleren.,https://www.museum.nl/nl/fotomuseum-hilversum,fotografie
d38e7a43-4c88-5c00-b7c8-97a8f24f6f65,museum-nl:huis-sloetjes,Huis Sloëtjes,Hilversum,Noord-Holland,J.P. Coenstraat 80,1215 KT,NL,https://www.hendrickdekeyser.nl/museumbezoek/huis-sloetjes,52.211242,5.159402,unknown,draft,unreviewed,Bronvermelding is geen controle van actuele opening of toegankelijkheid. Provincie afgeleid uit plaatsnaam in provinciale lijst; controleren.,https://www.museum.nl/nl/huis-sloetjes,
6da8a831-f5cd-5269-a6ac-4a20b3c72482,wikipedia:Noord-Holland:museumhilversum:hilversum,Museum Hilversum,Hilversum,Noord-Holland,,,NL,,,,unknown,draft,unreviewed,Provinciale lijst; adres en actuele status nog controleren.,https://nl.wikipedia.org/wiki/Lijst_van_musea_in_Noord-Holland,
f9f6488b-c252-5c41-8bce-1490b0e7678c,wikipedia:Noord-Holland:nederlandsinstituutvoorbeeldengeluid:hilversum,Nederlands Instituut voor Beeld en Geluid,Hilversum,Noord-Holland,,,NL,,,,unknown,draft,unreviewed,Provinciale lijst; adres en actuele status nog controleren.,https://nl.wikipedia.org/wiki/Lijst_van_musea_in_Noord-Holland,
27ae911d-333d-585f-a794-d70db7d3709a,wikipedia:Noord-Holland:historischmuseumhaarlemmermeer:hoofddorp,Historisch Museum Haarlemmermeer,Hoofddorp,Noord-Holland,,,NL,,,,unknown,draft,unreviewed,Provinciale lijst; adres en actuele status nog controleren.,https://nl.wikipedia.org/wiki/Lijst_van_musea_in_Noord-Holland,geschiedenis
d950fe3d-6b6b-57fa-8948-95651c53e297,wikipedia:Noord-Holland:museumboerderijwestfrisia:hoogwoud,Museumboerderij West-Frisia,Hoogwoud,Noord-Holland,,,NL,,,,unknown,draft,unreviewed,Provinciale lijst; adres en actuele status nog controleren.,https://nl.wikipedia.org/wiki/Lijst_van_musea_in_Noord-Holland,
e4217660-2481-50b3-9088-fdda33174347,wikipedia:Noord-Holland:affichemuseum:hoorn,Affichemuseum,Hoorn,Noord-Holland,,,NL,,,,closed,draft,unreviewed,Mogelijk historisch/gesloten. Provinciale lijst; adres en actuele status nog controleren.,https://nl.wikipedia.org/wiki/Lijst_van_musea_in_Noord-Holland,
eba49b76-4078-51ad-9b75-2bf93b1abdaa,wikipedia:Noord-Holland:historischmuseumturkijenederland:hoorn,Historisch Museum Turkije-Nederland,Hoorn,Noord-Holland,,,NL,,,,closed,draft,unreviewed,Mogelijk historisch/gesloten. Provinciale lijst; adres en actuele status nog controleren.,https://nl.wikipedia.org/wiki/Lijst_van_musea_in_Noord-Holland,geschiedenis
bf851434-8f0c-5a8d-a747-c4b32568773a,wikipedia:Noord-Holland:huisbonck:hoorn,Huis Bonck,Hoorn,Noord-Holland,,,NL,,,,unknown,draft,unreviewed,Provinciale lijst; adres en actuele status nog controleren.,https://nl.wikipedia.org/wiki/Lijst_van_musea_in_Noord-Holland,
b40edcc2-b07c-57f6-aeaa-1bfb527e171a,wikipedia:Noord-Holland:museumvandetwintigsteeeuw:hoorn,Museum van de Twintigste Eeuw,Hoorn,Noord-Holland,,,NL,,,,unknown,draft,unreviewed,Provinciale lijst; adres en actuele status nog controleren.,https://nl.wikipedia.org/wiki/Lijst_van_musea_in_Noord-Holland,
d093b07a-63f6-5bdd-afa0-6326da2b8c70,museum-nl:museumstoomtram-hoorn-medemblik,Museumstoomtram Hoorn-Medemblik,Hoorn,Noord-Holland,Van Dedemstraat 8,1624 NN,NL,https://www.museumstoomtram.nl,52.645633,5.054515,unknown,draft,unreviewed,Bronvermelding is geen controle van actuele opening of toegankelijkheid.,https://www.museum.nl/nl/museumstoomtram-hoorn-medemblik | https://nl.wikipedia.org/wiki/Lijst_van_musea_in_Noord-Holland,vervoer
73d6622d-8624-5649-82fb-bad14890fe7a,wikipedia:Noord-Holland:speelgoedmuseumdekijkdoos:hoorn,Speelgoedmuseum De Kijkdoos,Hoorn,Noord-Holland,,,NL,,,,closed,draft,unreviewed,Mogelijk historisch/gesloten. Provinciale lijst; adres en actuele status nog controleren.,https://nl.wikipedia.org/wiki/Lijst_van_musea_in_Noord-Holland,
9a5804b4-2007-5843-b0dc-f587d949e34c,museum-nl:westfries-museum,Westfries Museum,Hoorn,Noord-Holland,Roode Steen 1,1621 CV,NL,https://www.westfriesmuseum.nl,52.64609,5.063488,unknown,draft,unreviewed,Bronvermelding is geen controle van actuele opening of toegankelijkheid.,https://www.museum.nl/nl/westfries-museum | https://nl.wikipedia.org/wiki/Lijst_van_musea_in_Noord-Holland,
93fe1843-3d17-5492-9cd1-3dfdbd823d40,wikipedia:Noord-Holland:atlantikwallcentrum:huisduinen,Atlantikwall Centrum,Huisduinen,Noord-Holland,,,NL,,,,unknown,draft,unreviewed,Provinciale lijst; adres en actuele status nog controleren.,https://nl.wikipedia.org/wiki/Lijst_van_musea_in_Noord-Holland,
999bc462-e534-55c0-b86f-8c7018840693,wikipedia:Noord-Holland:fortkijkduin:huisduinen,Fort Kijkduin,Huisduinen,Noord-Holland,,,NL,,,,unknown,draft,unreviewed,Provinciale lijst; adres en actuele status nog controleren.,https://nl.wikipedia.org/wiki/Lijst_van_musea_in_Noord-Holland,
88564db6-8ebc-5b74-8079-12ec2d403600,wikipedia:Noord-Holland:kroontjesbunker:huisduinen,Kroontjesbunker,Huisduinen,Noord-Holland,,,NL,,,,unknown,draft,unreviewed,Provinciale lijst; adres en actuele status nog controleren.,https://nl.wikipedia.org/wiki/Lijst_van_musea_in_Noord-Holland,
b757ec82-2f23-5bd1-9fd3-84a6b22e8192,wikipedia:Noord-Holland:bunkermuseumijmuiden:ijmuiden,Bunker Museum IJmuiden,IJmuiden,Noord-Holland,,,NL,,,,unknown,draft,unreviewed,Provinciale lijst; adres en actuele status nog controleren.,https://nl.wikipedia.org/wiki/Lijst_van_musea_in_Noord-Holland,
df304d42-d0fe-5e7a-baf4-92486aa97511,wikipedia:Noord-Holland:ijmuiderzeeenhavenmuseum:ijmuiden,IJmuider Zee- en Havenmuseum,IJmuiden,Noord-Holland,,,NL,,,,unknown,draft,unreviewed,Provinciale lijst; adres en actuele status nog controleren.,https://nl.wikipedia.org/wiki/Lijst_van_musea_in_Noord-Holland,
f0017e21-f817-5cac-8379-9279691bb83d,museum-nl:pieter-vermeulen-museum,Pieter Vermeulen Museum,Ijmuiden,Noord-Holland,Doorneberglaan 29,1974 ND,NL,https://www.pietervermeulenmuseum.nl,52.449708,4.598561,unknown,draft,unreviewed,Bronvermelding is geen controle van actuele opening of toegankelijkheid. Provincie afgeleid uit plaatsnaam in provinciale lijst; controleren.,https://www.museum.nl/nl/pieter-vermeulen-museum,
e3b7e4cb-7f2e-5be1-a9ac-be23e863fac4,wikipedia:Noord-Holland:agrarischmuseumwetenenwerken:julianadorp,Agrarisch museum Weten en Werken,Julianadorp,Noord-Holland,,,NL,,,,unknown,draft,unreviewed,Provinciale lijst; adres en actuele status nog controleren.,https://nl.wikipedia.org/wiki/Lijst_van_musea_in_Noord-Holland,
25e83e34-9579-54d7-96a9-0502047a7acc,museum-nl:geologisch-museum-hofland,Geologisch Museum Hofland,Laren,Noord-Holland,Hilversumseweg 51,1251 EW,NL,https://www.geologischmuseumhofland.nl,52.246879,5.209366,unknown,draft,unreviewed,Bronvermelding is geen controle van actuele opening of toegankelijkheid.,https://www.museum.nl/nl/geologisch-museum-hofland | https://nl.wikipedia.org/wiki/Lijst_van_musea_in_Noord-Holland,
ff00b188-836c-5a86-910f-bf5196b18644,museum-nl:huis-verwolde,Huis Verwolde,Laren,Noord-Holland,Jonker Emilelaan 4,7245 TL,NL,https://www.glk.nl/verwolde,52.201463,6.392303,unknown,draft,unreviewed,Bronvermelding is geen controle van actuele opening of toegankelijkheid. Provincie afgeleid uit plaatsnaam in provinciale lijst; controleren.,https://www.museum.nl/nl/huis-verwolde,
d0fde1f8-27c5-5918-ac91-801047cb9960,wikipedia:Noord-Holland:singermuseum:laren,Singer Museum,Laren,Noord-Holland,,,NL,,,,unknown,draft,unreviewed,Provinciale lijst; adres en actuele status nog controleren.,https://nl.wikipedia.org/wiki/Lijst_van_musea_in_Noord-Holland,
2f4a4bf9-fe12-519c-99cd-e23e2faee5ce,museum-nl:bakkerijmuseum-de-oude-bakkerij,Bakkerijmuseum De Oude Bakkerij,Medemblik,Noord-Holland,Nieuwstraat 8,1671 BD,NL,https://www.deoudebakkerij.nl,52.773307,5.106132,unknown,draft,unreviewed,Bronvermelding is geen controle van actuele opening of toegankelijkheid. Provincie afgeleid uit plaatsnaam in provinciale lijst; controleren.,https://www.museum.nl/nl/bakkerijmuseum-de-oude-bakkerij,
3678d34f-d119-5a52-9e96-b3c5f9c18588,wikipedia:Noord-Holland:deoudebakkerij:medemblik,De Oude Bakkerij,Medemblik,Noord-Holland,,,NL,,,,unknown,draft,unreviewed,Provinciale lijst; adres en actuele status nog controleren.,https://nl.wikipedia.org/wiki/Lijst_van_musea_in_Noord-Holland,
6a54259a-5b77-5f0f-83ab-4bebd96082e7,museum-nl:kasteel-radboud,Kasteel Radboud,Medemblik,Noord-Holland,Oudevaartsgat 8,1671 HM,NL,https://www.kasteelradboud.nl,52.772427,5.113077,unknown,draft,unreviewed,Bronvermelding is geen controle van actuele opening of toegankelijkheid.,https://www.museum.nl/nl/kasteel-radboud | https://nl.wikipedia.org/wiki/Lijst_van_musea_in_Noord-Holland,
7e24f286-c517-5f82-b640-c484055d6a49,museum-nl:nederlands-stoommachinemuseum,Nederlands Stoommachinemuseum,Medemblik,Noord-Holland,Oosterdijk 4,1671 HJ,NL,https://www.stoommachinemuseum.nl,52.760007,5.117861,unknown,draft,unreviewed,Bronvermelding is geen controle van actuele opening of toegankelijkheid.,https://www.museum.nl/nl/nederlands-stoommachinemuseum | https://nl.wikipedia.org/wiki/Lijst_van_musea_in_Noord-Holland,
f89356fd-360c-5828-a9a8-69ef7c139e0b,museum-nl:oorlogsmuseum-medemblik,Oorlogsmuseum Medemblik,Medemblik,Noord-Holland,Zeldenrust 5,1671 GW,NL,https://www.oorlogsmuseummedemblik.nl,52.767816,5.094756,unknown,draft,unreviewed,Bronvermelding is geen controle van actuele opening of toegankelijkheid. Provincie afgeleid uit plaatsnaam in provinciale lijst; controleren.,https://www.museum.nl/nl/oorlogsmuseum-medemblik,geschiedenis
e93dbc85-be8d-5cca-ba45-fe41f0cd6486,wikipedia:Noord-Holland:agrarischmuseumwesterhem:middenbeemster,Agrarisch Museum Westerhem,Middenbeemster,Noord-Holland,,,NL,,,,unknown,draft,unreviewed,Provinciale lijst; adres en actuele status nog controleren.,https://nl.wikipedia.org/wiki/Lijst_van_musea_in_Noord-Holland,
b148ba1c-2130-56e7-aafe-1541ba1379b1,museum-nl:beemster-museum,Beemster Museum,Middenbeemster,Noord-Holland,Middenweg 185a,1462 HJ,NL,http://www.historischgenootschapbeemster.nl/,52.546563,4.911058,unknown,draft,unreviewed,Bronvermelding is geen controle van actuele opening of toegankelijkheid. Provincie afgeleid uit plaatsnaam in provinciale lijst; controleren.,https://www.museum.nl/nl/beemster-museum,
947442e5-da37-5263-b147-735e234388f9,museum-nl:betje-wolff-museum,Betje Wolff Museum,Middenbeemster,Noord-Holland,Middenweg 178,1462 HL,NL,https://www.historischgenootschapbeemster.nl,52.547275,4.9124,unknown,draft,unreviewed,Bronvermelding is geen controle van actuele opening of toegankelijkheid.,https://www.museum.nl/nl/betje-wolff-museum | https://nl.wikipedia.org/wiki/Lijst_van_musea_in_Noord-Holland,
c9053501-9704-5b7f-b8f3-c1cc325dbe0e,museum-nl:waterlandsmuseum-de-speeltoren,Waterlandsmuseum de Speeltoren,Monnickendam,Noord-Holland,Noordeinde 4,1141 AM,NL,https://www.despeeltoren.nl,52.459407,5.035723,unknown,draft,unreviewed,Bronvermelding is geen controle van actuele opening of toegankelijkheid.,https://www.museum.nl/nl/waterlandsmuseum-de-speeltoren | https://nl.wikipedia.org/wiki/Lijst_van_musea_in_Noord-Holland,
305608b0-0380-5722-94aa-217df646dc4a,museum-nl:comenius-museum,Comenius Museum,Naarden,Noord-Holland,Kloosterstraat 33,1411 RS,NL,https://www.comeniusmuseum.nl,52.297267,5.164324,unknown,draft,unreviewed,Bronvermelding is geen controle van actuele opening of toegankelijkheid.,https://www.museum.nl/nl/comenius-museum | https://nl.wikipedia.org/wiki/Lijst_van_musea_in_Noord-Holland,
8fd8e8d8-b0fb-50fc-9310-7bb6c1c7642a,museum-nl:het-nederlands-vestingmuseum,Het Nederlands Vestingmuseum,Naarden,Noord-Holland,Westwalstraat 6,1411 PB,NL,https://www.vestingmuseum.nl,52.293439,5.160017,unknown,draft,unreviewed,Bronvermelding is geen controle van actuele opening of toegankelijkheid. Provincie afgeleid uit plaatsnaam in provinciale lijst; controleren.,https://www.museum.nl/nl/het-nederlands-vestingmuseum,
bf36cd41-c190-55ac-ad20-67d97c7b7edd,wikipedia:Noord-Holland:nederlandsvestingmuseum:naarden,Nederlands Vestingmuseum,Naarden,Noord-Holland,,,NL,,,,unknown,draft,unreviewed,Provinciale lijst; adres en actuele status nog controleren.,https://nl.wikipedia.org/wiki/Lijst_van_musea_in_Noord-Holland,
abf42401-9a37-56bf-a244-ec72db1b3cd7,wikipedia:Noord-Holland:weegschaalmuseum:naarden,Weegschaalmuseum,Naarden,Noord-Holland,,,NL,,,,unknown,draft,unreviewed,Provinciale lijst; adres en actuele status nog controleren.,https://nl.wikipedia.org/wiki/Lijst_van_musea_in_Noord-Holland,
72f70d1b-ef0f-512f-b0b4-348a50d90aa7,museum-nl:purmerends-museum,Purmerends Museum,Purmerend,Noord-Holland,Kaasmarkt 20,1441 BG,NL,https://www.purmerendsmuseum.nl,52.509977,4.946311,unknown,draft,unreviewed,Bronvermelding is geen controle van actuele opening of toegankelijkheid.,https://www.museum.nl/nl/purmerends-museum | https://nl.wikipedia.org/wiki/Lijst_van_musea_in_Noord-Holland,
c3fd2a20-0353-5884-9403-0d28b5f09d44,wikipedia:Noord-Holland:museumvreeburg:schagen,Museum Vreeburg,Schagen,Noord-Holland,,,NL,,,,unknown,draft,unreviewed,Provinciale lijst; adres en actuele status nog controleren.,https://nl.wikipedia.org/wiki/Lijst_van_musea_in_Noord-Holland,
815fe551-e9b0-501a-bd5b-52651dab5f47,museum-nl:museumboerderij-vreeburg,Museumboerderij Vreeburg,Schagen,Noord-Holland,Loet 14,1741 BP,NL,https://www.museumvreeburg.nl,52.785635,4.794378,unknown,draft,unreviewed,Bronvermelding is geen controle van actuele opening of toegankelijkheid. Provincie afgeleid uit plaatsnaam in provinciale lijst; controleren.,https://www.museum.nl/nl/museumboerderij-vreeburg,
eb2a120a-bf1b-54a0-92b9-aa632e310474,wikipedia:Noord-Holland:demuseummolen:schermerhorn,De Museummolen,Schermerhorn,Noord-Holland,,,NL,,,,unknown,draft,unreviewed,Provinciale lijst; adres en actuele status nog controleren.,https://nl.wikipedia.org/wiki/Lijst_van_musea_in_Noord-Holland,
371b0d66-f1e8-5c15-94a6-80bd0378b0f1,museum-nl:museummolen-schermerhorn,Museummolen Schermerhorn,Schermerhorn,Noord-Holland,Noordervaart 2,1636 VL,NL,https://www.museummolen.nl,52.599986,4.873951,unknown,draft,unreviewed,Bronvermelding is geen controle van actuele opening of toegankelijkheid. Provincie afgeleid uit plaatsnaam in provinciale lijst; controleren.,https://www.museum.nl/nl/museummolen-schermerhorn,
160bb0af-4e62-5b3f-91cd-0aed69de7022,wikipedia:Noord-Holland:scheringamuseumvoorrealisme:spanbroek,Scheringa Museum voor Realisme,Spanbroek,Noord-Holland,,,NL,,,,closed,draft,unreviewed,Mogelijk historisch/gesloten. Provinciale lijst; adres en actuele status nog controleren.,https://nl.wikipedia.org/wiki/Lijst_van_musea_in_Noord-Holland,
122ab042-266c-5df4-b7d2-c6be3de2d25b,wikipedia:Noord-Holland:ecomare:texel,Ecomare,Texel,Noord-Holland,,,NL,,,,unknown,draft,unreviewed,Provinciale lijst; adres en actuele status nog controleren.,https://nl.wikipedia.org/wiki/Lijst_van_musea_in_Noord-Holland,
78adf31e-1f95-5251-a95b-e2d069aeb9c5,wikipedia:Noord-Holland:luchtvaartoorlogsmuseumtexel:texel,Luchtvaart- & Oorlogsmuseum Texel,Texel,Noord-Holland,,,NL,,,,unknown,draft,unreviewed,Provinciale lijst; adres en actuele status nog controleren.,https://nl.wikipedia.org/wiki/Lijst_van_musea_in_Noord-Holland,geschiedenis | vervoer
89b16b4e-e4d1-59d8-a870-fc6479903e34,wikipedia:Noord-Holland:maritiemenjuttersmuseumflora:texel,Maritiem- en Juttersmuseum Flora,Texel,Noord-Holland,,,NL,,,,unknown,draft,unreviewed,Provinciale lijst; adres en actuele status nog controleren.,https://nl.wikipedia.org/wiki/Lijst_van_musea_in_Noord-Holland,maritiem
13c85559-9163-5bda-9d9e-335d746c4e21,wikipedia:Noord-Holland:museumkaapskil:texel,Museum Kaap Skil,Texel,Noord-Holland,,,NL,,,,unknown,draft,unreviewed,Provinciale lijst; adres en actuele status nog controleren.,https://nl.wikipedia.org/wiki/Lijst_van_musea_in_Noord-Holland,
6a7b4eda-ea1d-5078-97a1-cb63fe9d8bbc,wikipedia:Noord-Holland:museumwaelstee:texel,Museum Waelstee,Texel,Noord-Holland,,,NL,,,,unknown,draft,unreviewed,Provinciale lijst; adres en actuele status nog controleren.,https://nl.wikipedia.org/wiki/Lijst_van_musea_in_Noord-Holland,
4abb951b-7186-5276-98bc-db3807f52f56,wikipedia:Noord-Holland:oudheidkamertexel:texel,Oudheidkamer Texel,Texel,Noord-Holland,,,NL,,,,unknown,draft,unreviewed,Provinciale lijst; adres en actuele status nog controleren.,https://nl.wikipedia.org/wiki/Lijst_van_musea_in_Noord-Holland,geschiedenis
a8370d83-300d-5e03-9256-283c813005f0,wikipedia:Noord-Holland:fortaandenham:uitgeest,Fort aan den Ham,Uitgeest,Noord-Holland,,,NL,,,,unknown,draft,unreviewed,Provinciale lijst; adres en actuele status nog controleren.,https://nl.wikipedia.org/wiki/Lijst_van_musea_in_Noord-Holland,
39a31ed6-79e5-5001-b05e-26a5a23796f8,wikipedia:Noord-Holland:hoogovensmuseum:velsennoordvelsenijmuiden,Hoogovensmuseum,Velsen-Noord (Velsen/IJmuiden),Noord-Holland,,,NL,,,,unknown,draft,unreviewed,Provinciale lijst; adres en actuele status nog controleren.,https://nl.wikipedia.org/wiki/Lijst_van_musea_in_Noord-Holland,
f7f83c05-03c2-5ffe-9a1c-eb9f42365fea,museum-nl:buitenplaats-beeckestijn,Buitenplaats Beeckestijn,Velsen-Zuid,Noord-Holland,Rijksweg 134,1981 LD,NL,https://www.hendrickdekeyser.nl/museumbezoek/buitenplaats-beeckestijn,52.452546,4.652053,unknown,draft,unreviewed,Bronvermelding is geen controle van actuele opening of toegankelijkheid.,https://www.museum.nl/nl/buitenplaats-beeckestijn | https://nl.wikipedia.org/wiki/Lijst_van_musea_in_Noord-Holland,
41e72c35-56a9-5a0f-af26-bfc5982f25c0,wikipedia:Noord-Holland:palingsoundmuseum:volendam,Palingsoundmuseum,Volendam,Noord-Holland,,,NL,,,,unknown,draft,unreviewed,Provinciale lijst; adres en actuele status nog controleren.,https://nl.wikipedia.org/wiki/Lijst_van_musea_in_Noord-Holland,
6fde84ab-e99d-5f6b-aee9-dda1473dfe7e,museum-nl:volendams-museum,Volendams Museum,Volendam,Noord-Holland,Zeestraat 41,1131 ZD,NL,http://www.volendamsmuseum.nl/,52.494924,5.070797,unknown,draft,unreviewed,Bronvermelding is geen controle van actuele opening of toegankelijkheid.,https://www.museum.nl/nl/volendams-museum | https://nl.wikipedia.org/wiki/Lijst_van_musea_in_Noord-Holland,
2cf3c5cd-d1bc-514f-9c90-2e937aefed19,wikipedia:Noord-Holland:albertheijn:zaandam,Albert Heijn,Zaandam,Noord-Holland,,,NL,,,,unknown,draft,unreviewed,Provinciale lijst; adres en actuele status nog controleren.,https://nl.wikipedia.org/wiki/Lijst_van_musea_in_Noord-Holland,
8c3a6588-a127-59ea-800e-0cb69bd71237,museum-nl:czaar-peterhuisje,Czaar Peterhuisje,Zaandam,Noord-Holland,Krimp 23,1506 AA,NL,https://zaansmuseum.nl/czaar-peter-huisje/,52.437322,4.823489,unknown,draft,unreviewed,Bronvermelding is geen controle van actuele opening of toegankelijkheid.,https://www.museum.nl/nl/czaar-peterhuisje | https://nl.wikipedia.org/wiki/Lijst_van_musea_in_Noord-Holland,
143a51ff-b25e-5342-8d7e-f8f4a08b449a,museum-nl:de-kuiperij,De Kuiperij,Zaandam,Noord-Holland,Schansend 7,1509 AW,NL,https://zaansmuseum.nl/de-kuiperij/,52.473633,4.822324,unknown,draft,unreviewed,Bronvermelding is geen controle van actuele opening of toegankelijkheid. Provincie afgeleid uit plaatsnaam in provinciale lijst; controleren.,https://www.museum.nl/nl/de-kuiperij,
ac9e7f48-b89c-55a2-b4e1-2c8efc781197,wikipedia:Noord-Holland:hembrugmuseum:zaandam,Hembrug Museum,Zaandam,Noord-Holland,,,NL,,,,unknown,draft,unreviewed,Provinciale lijst; adres en actuele status nog controleren.,https://nl.wikipedia.org/wiki/Lijst_van_musea_in_Noord-Holland,
44d41de8-af93-5a78-80b8-4638d497cfb4,wikipedia:Noord-Holland:honigbreethuis:zaandam,Honig Breethuis,Zaandam,Noord-Holland,,,NL,,,,unknown,draft,unreviewed,Provinciale lijst; adres en actuele status nog controleren.,https://nl.wikipedia.org/wiki/Lijst_van_musea_in_Noord-Holland,
6547cabd-bd15-5b71-a64e-2123fe5e8f1c,wikipedia:Noord-Holland:indegecroondeduyvekater:zaandam,In de Gecroonde Duyvekater,Zaandam,Noord-Holland,,,NL,,,,unknown,draft,unreviewed,Provinciale lijst; adres en actuele status nog controleren.,https://nl.wikipedia.org/wiki/Lijst_van_musea_in_Noord-Holland,
aca88038-6ed6-5437-bbf4-b74d72cf2e13,museum-nl:molenmuseum,Molenmuseum,Zaandam,Noord-Holland,Kalverringdijk 30,1509 BT,NL,https://www.zaanschemolen.nl,52.478816,4.813834,unknown,draft,unreviewed,Bronvermelding is geen controle van actuele opening of toegankelijkheid. Provincie afgeleid uit plaatsnaam in provinciale lijst; controleren.,https://www.museum.nl/nl/molenmuseum,
dea22d69-3eb4-53a2-9c3c-c35c10116612,museum-nl:museum-zaanse-tijd,Museum Zaanse Tijd,Zaandam,Noord-Holland,Kalverringdijk 3,1509 BT,NL,https://zaansetijd.nl,52.471822,4.815323,unknown,draft,unreviewed,Bronvermelding is geen controle van actuele opening of toegankelijkheid.,https://www.museum.nl/nl/museum-zaanse-tijd | https://nl.wikipedia.org/wiki/Lijst_van_musea_in_Noord-Holland,
103d6137-9d56-512e-bc5d-55585c3e3adb,museum-nl:wevershuis,Wevershuis,Zaandam,Noord-Holland,Schansend 7,1509 AW,NL,https://www.zaansmuseum.nl,52.473633,4.822324,unknown,draft,unreviewed,Bronvermelding is geen controle van actuele opening of toegankelijkheid. Provincie afgeleid uit plaatsnaam in provinciale lijst; controleren.,https://www.museum.nl/nl/wevershuis,
7d57f6e0-b740-5e49-af65-2f77f02b7757,museum-nl:zaans-museum,Zaans Museum,Zaandam,Noord-Holland,Schansend 7,1509 AW,NL,https://www.zaansmuseum.nl,52.473633,4.822324,unknown,draft,unreviewed,Bronvermelding is geen controle van actuele opening of toegankelijkheid.,https://www.museum.nl/nl/zaans-museum | https://nl.wikipedia.org/wiki/Lijst_van_musea_in_Noord-Holland,
db51a380-4051-5f60-8055-ec660925f4ab,wikipedia:Noord-Holland:zaanseschans:zaandam,Zaanse Schans,Zaandam,Noord-Holland,,,NL,,,,unknown,draft,unreviewed,Provinciale lijst; adres en actuele status nog controleren.,https://nl.wikipedia.org/wiki/Lijst_van_musea_in_Noord-Holland,
9529207a-c9dc-5965-8256-fdab615153d7,wikipedia:Overijssel:stadsmuseumalmelo:almelo,Stadsmuseum Almelo,Almelo,Overijssel,,,NL,,,,unknown,draft,unreviewed,Provinciale lijst; adres en actuele status nog controleren.,https://nl.wikipedia.org/wiki/Lijst_van_musea_in_Overijssel,streekgeschiedenis
11899c14-e13d-59af-9ec4-1816166f4b4c,museum-nl:stedelijk-museum-almelo,Stedelijk Museum Almelo,Almelo,Overijssel,Prinsenstraat 13,7607 JC,NL,https://www.stedelijkmuseumalmelo.nl,52.354152,6.665212,unknown,draft,unreviewed,Bronvermelding is geen controle van actuele opening of toegankelijkheid. Provincie afgeleid uit plaatsnaam in provinciale lijst; controleren.,https://www.museum.nl/nl/stedelijk-museum-almelo,
344b072f-fe41-50dd-a1f7-2e7acca907fa,wikipedia:Overijssel:museumboerderijwendezoele:ambtdelden,Museumboerderij Wende Zoele,Ambt Delden,Overijssel,,,NL,,,,unknown,draft,unreviewed,Provinciale lijst; adres en actuele status nog controleren.,https://nl.wikipedia.org/wiki/Lijst_van_musea_in_Overijssel,
3a754993-d52a-50d2-b70f-d7f08cea1709,wikipedia:Overijssel:hetgildenhuys:blokzijl,Het Gildenhuys,Blokzijl,Overijssel,,,NL,,,,unknown,draft,unreviewed,Provinciale lijst; adres en actuele status nog controleren.,https://nl.wikipedia.org/wiki/Lijst_van_musea_in_Overijssel,
c1d493a6-b37a-502f-8800-ff87760aee66,museum-nl:more-twickel,MORE Twickel,Delden,Overijssel,Hengelosestraat 2/4,7491 BR,NL,https://www.moretwickel.nl/,52.268858,6.714474,unknown,draft,unreviewed,Bronvermelding is geen controle van actuele opening of toegankelijkheid. Provincie afgeleid uit plaatsnaam in provinciale lijst; controleren.,https://www.museum.nl/nl/more-twickel,
8e9e4fdd-7f02-5adb-b21d-c1bedfbd0fb2,museum-nl:zoutmuseum,Zoutmuseum,Delden,Overijssel,Langestraat 30,7491 AG,NL,https://www.zoutmuseum.nl,52.26281,6.712482,unknown,draft,unreviewed,Bronvermelding is geen controle van actuele opening of toegankelijkheid.,https://www.museum.nl/nl/zoutmuseum | https://nl.wikipedia.org/wiki/Lijst_van_musea_in_Overijssel,
5c92e9be-12c5-5dfb-be54-27fe31d28609,museum-nl:museum-natura-docet,Museum Natura Docet,Denekamp,Overijssel,Oldenzaalsestraat 39,7591 GL,NL,https://naturadocet.nl/,52.370797,7.001493,unknown,draft,unreviewed,Bronvermelding is geen controle van actuele opening of toegankelijkheid.,https://www.museum.nl/nl/museum-natura-docet | https://nl.wikipedia.org/wiki/Lijst_van_musea_in_Overijssel,
a2ccf7e5-9938-506f-bef0-14d1bfabd286,museum-nl:bergkerk,Bergkerk,Deventer,Overijssel,Bergkerkplein  1,7411 EN,NL,https://deventerverhaal.nl/agenda/bergkerk,52.252082,6.163274,unknown,draft,unreviewed,Bronvermelding is geen controle van actuele opening of toegankelijkheid. Provincie afgeleid uit plaatsnaam in provinciale lijst; controleren.,https://www.museum.nl/nl/bergkerk,
73863bbc-4fda-5769-b84a-186d82c53457,museum-nl:geert-groote-huis,Geert Groote Huis,Deventer,Overijssel,Lamme van Dieseplein 4,7411 LX,NL,http://www.geertgrootehuis.nl/,52.253442,6.156363,unknown,draft,unreviewed,Bronvermelding is geen controle van actuele opening of toegankelijkheid. Provincie afgeleid uit plaatsnaam in provinciale lijst; controleren.,https://www.museum.nl/nl/geert-groote-huis,
0c9f4380-a823-51ee-89fa-ff5cb39ccc08,museum-nl:museum-de-waag,Museum De Waag,Deventer,Overijssel,Brink 56,7411 BV,NL,https://museumdewaag.nl/,52.251602,6.160102,unknown,draft,unreviewed,Bronvermelding is geen controle van actuele opening of toegankelijkheid.,https://www.museum.nl/nl/museum-de-waag | https://nl.wikipedia.org/wiki/Lijst_van_musea_in_Overijssel,
fbb5ea54-a7e6-5146-8810-d0aa2e9ba8f1,museum-nl:museum-eicas,Museum EICAS,Deventer,Overijssel,Nieuwe Markt 23,7411 PB,NL,https://www.eicas.nl/,52.252551,6.154212,unknown,draft,unreviewed,Bronvermelding is geen controle van actuele opening of toegankelijkheid.,https://www.museum.nl/nl/museum-eicas | https://nl.wikipedia.org/wiki/Lijst_van_musea_in_Overijssel,
9fd46e00-ab76-52cb-91b3-7713a38a9229,wikipedia:Overijssel:speelgoedmuseum:deventer,Speelgoedmuseum,Deventer,Overijssel,,,NL,,,,unknown,draft,unreviewed,Provinciale lijst; adres en actuele status nog controleren.,https://nl.wikipedia.org/wiki/Lijst_van_musea_in_Overijssel,
14f0c0a4-687a-5f69-8571-09bc02519b30,museum-nl:speelgoedmuseum-deventer,Speelgoedmuseum Deventer,Deventer,Overijssel,Brink 47,7411 BV,NL,https://hetspeelgoedmuseum.nl,52.250884,6.159655,unknown,draft,unreviewed,Bronvermelding is geen controle van actuele opening of toegankelijkheid. Provincie afgeleid uit plaatsnaam in provinciale lijst; controleren.,https://www.museum.nl/nl/speelgoedmuseum-deventer,
32e42cb8-d610-5c10-a09f-f4c1e4afad5a,museum-nl:de-museumfabriek-enschede,De Museumfabriek Enschede,Enschede,Overijssel,Het Rozendaal 11,7523 XG,NL,https://www.demuseumfabriek.nl,52.23242,6.894794,unknown,draft,unreviewed,Bronvermelding is geen controle van actuele opening of toegankelijkheid. Provincie afgeleid uit plaatsnaam in provinciale lijst; controleren.,https://www.museum.nl/nl/de-museumfabriek-enschede,
7d9a1a4e-ae60-5be5-9fed-aae9fca909b7,museum-nl:rijksmuseum-twenthe,Rijksmuseum Twenthe,Enschede,Overijssel,Lasondersingel 129-131,7514 BP,NL,https://www.rijksmuseumtwenthe.nl,52.227699,6.897013,unknown,draft,unreviewed,Bronvermelding is geen controle van actuele opening of toegankelijkheid.,https://www.museum.nl/nl/rijksmuseum-twenthe | https://nl.wikipedia.org/wiki/Lijst_van_musea_in_Overijssel,
677dee77-c9d5-5d4f-aa7b-249d1b13c503,wikipedia:Overijssel:twentsewelle:enschede,TwentseWelle,Enschede,Overijssel,,,NL,,,,unknown,draft,unreviewed,Provinciale lijst; adres en actuele status nog controleren.,https://nl.wikipedia.org/wiki/Lijst_van_musea_in_Overijssel,
7d326ef4-b2e8-5ac8-be7c-9ab61ea59236,wikipedia:Overijssel:klompenenzompenmuseum:enter,Klompen- en Zompenmuseum,Enter,Overijssel,,,NL,,,,unknown,draft,unreviewed,Provinciale lijst; adres en actuele status nog controleren.,https://nl.wikipedia.org/wiki/Lijst_van_musea_in_Overijssel,
79f9a067-13ec-5291-81f1-0daa2dcb1168,wikipedia:Overijssel:oudheidkamerbuisjan:enter,Oudheidkamer Buisjan,Enter,Overijssel,,,NL,,,,unknown,draft,unreviewed,Provinciale lijst; adres en actuele status nog controleren.,https://nl.wikipedia.org/wiki/Lijst_van_musea_in_Overijssel,geschiedenis
2c66f651-f2e0-5f13-aa75-6e8bcf6fb4bf,wikipedia:Overijssel:tapijtmuseum:genemuiden,Tapijtmuseum,Genemuiden,Overijssel,,,NL,,,,unknown,draft,unreviewed,Provinciale lijst; adres en actuele status nog controleren.,https://nl.wikipedia.org/wiki/Lijst_van_musea_in_Overijssel,
9d8e7da6-ea6a-5602-b0f9-bf44ccbb6beb,wikipedia:Overijssel:toldemaatuus:giethoorn,'t Olde Maat Uus,Giethoorn,Overijssel,,,NL,,,,unknown,draft,unreviewed,Provinciale lijst; adres en actuele status nog controleren.,https://nl.wikipedia.org/wiki/Lijst_van_musea_in_Overijssel,
8099ef52-2399-5cb1-95d2-e807bd4fa776,wikipedia:Overijssel:museumdeoudeaarde:giethoorn,Museum De Oude Aarde,Giethoorn,Overijssel,,,NL,,,,unknown,draft,unreviewed,Provinciale lijst; adres en actuele status nog controleren.,https://nl.wikipedia.org/wiki/Lijst_van_musea_in_Overijssel,
1a7818d4-4421-5aab-bd24-9f7efb43df64,museum-nl:museum-giethoorn-t-olde-maat-uus,Museum Giethoorn 't Olde Maat Uus,Giethoorn,Overijssel,Binnenpad 52,8355 BT,NL,https://www.museumgiethoorn.nl,52.722235,6.089818,unknown,draft,unreviewed,Bronvermelding is geen controle van actuele opening of toegankelijkheid. Provincie afgeleid uit plaatsnaam in provinciale lijst; controleren.,https://www.museum.nl/nl/museum-giethoorn-t-olde-maat-uus,
2f7037ed-e478-5796-9b3c-adb64ea9acaa,museum-nl:museum-buurt-spoorweg,Museum Buurt Spoorweg,Haaksbergen,Overijssel,Stationsstraat 3,7481 JA,NL,https://www.museumbuurtspoorweg.nl,52.158309,6.738228,unknown,draft,unreviewed,Bronvermelding is geen controle van actuele opening of toegankelijkheid.,https://www.museum.nl/nl/museum-buurt-spoorweg | https://nl.wikipedia.org/wiki/Lijst_van_musea_in_Overijssel,vervoer
9d19aae5-049f-5b2d-bfd5-359d322a227a,wikipedia:Overijssel:historiekamerhardenberg:hardenberg,HistorieKamer Hardenberg,Hardenberg,Overijssel,,,NL,,,,unknown,draft,unreviewed,Provinciale lijst; adres en actuele status nog controleren.,https://nl.wikipedia.org/wiki/Lijst_van_musea_in_Overijssel,geschiedenis
db27232f-723a-5a3f-a261-2aa2f1a90297,wikipedia:Overijssel:kasteelhetnijenhuis:heino,Kasteel Het Nijenhuis,Heino,Overijssel,,,NL,,,,unknown,draft,unreviewed,Provinciale lijst; adres en actuele status nog controleren.,https://nl.wikipedia.org/wiki/Lijst_van_musea_in_Overijssel,
ff18e3ec-1969-5dac-a5c6-1e4f118e72a9,wikipedia:Overijssel:gerritvalksbakkerijenijsmuseum:hellendoorn,Gerrit Valk's Bakkerij- en IJsmuseum,Hellendoorn,Overijssel,,,NL,,,,unknown,draft,unreviewed,Provinciale lijst; adres en actuele status nog controleren.,https://nl.wikipedia.org/wiki/Lijst_van_musea_in_Overijssel,
d5c608d2-db87-50de-82e0-cd8591304bc5,wikipedia:Overijssel:smederijmuseum:hellendoorn,Smederijmuseum,Hellendoorn,Overijssel,,,NL,,,,unknown,draft,unreviewed,Provinciale lijst; adres en actuele status nog controleren.,https://nl.wikipedia.org/wiki/Lijst_van_musea_in_Overijssel,
d21a75b6-286c-5330-82f8-7ce286bd3075,wikipedia:Overijssel:historischmuseumhengelo:hengelo,Historisch Museum Hengelo,Hengelo,Overijssel,,,NL,,,,unknown,draft,unreviewed,Provinciale lijst; adres en actuele status nog controleren.,https://nl.wikipedia.org/wiki/Lijst_van_musea_in_Overijssel,geschiedenis
7330cf05-691f-52a4-85aa-9c871c846bee,wikipedia:Overijssel:techniekmuseumheim:hengelo,Techniekmuseum Heim,Hengelo,Overijssel,,,NL,,,,unknown,draft,unreviewed,Provinciale lijst; adres en actuele status nog controleren.,https://nl.wikipedia.org/wiki/Lijst_van_musea_in_Overijssel,
60cd9ef7-ab20-5240-9902-70cc63eaf8cb,wikipedia:Overijssel:natuurmuseumholterberg:holten,Natuurmuseum Holterberg,Holten,Overijssel,,,NL,,,,unknown,draft,unreviewed,Provinciale lijst; adres en actuele status nog controleren.,https://nl.wikipedia.org/wiki/Lijst_van_musea_in_Overijssel,natuur
23098b43-ea38-56ab-8c3b-756538aca51c,wikipedia:Overijssel:oudheidkamerholten:holten,Oudheidkamer Holten,Holten,Overijssel,,,NL,,,,unknown,draft,unreviewed,Provinciale lijst; adres en actuele status nog controleren.,https://nl.wikipedia.org/wiki/Lijst_van_musea_in_Overijssel,geschiedenis
94c9f145-8ff6-5ff4-9bd8-1b767ccad566,museum-nl:ikonenmuseum-kampen,Ikonenmuseum Kampen,Kampen,Overijssel,Buiten Nieuwstraat 2,8261 AV,NL,https://www.ikonenmuseumkampen.nl,52.558667,5.91527,unknown,draft,unreviewed,Bronvermelding is geen controle van actuele opening of toegankelijkheid.,https://www.museum.nl/nl/ikonenmuseum-kampen | https://nl.wikipedia.org/wiki/Lijst_van_musea_in_Overijssel,
d11204f0-0880-5d01-b334-a3a1cb0eea58,museum-nl:stedelijk-museum-kampen,Stedelijk Museum Kampen,Kampen,Overijssel,Oudestraat 133,8261 CK,NL,https://stedelijkmuseumkampen.nl/cms/index.php,52.558867,5.91659,unknown,draft,unreviewed,Bronvermelding is geen controle van actuele opening of toegankelijkheid.,https://www.museum.nl/nl/stedelijk-museum-kampen | https://nl.wikipedia.org/wiki/Lijst_van_musea_in_Overijssel,
efcbaeaa-e97e-5016-80e7-461a932817fb,wikipedia:Overijssel:grammofoonmuseum:nieuwleusen,Grammofoonmuseum,Nieuwleusen,Overijssel,,,NL,,,,unknown,draft,unreviewed,Provinciale lijst; adres en actuele status nog controleren.,https://nl.wikipedia.org/wiki/Lijst_van_musea_in_Overijssel,
cc958b83-7c17-5d31-aa20-f29027af9614,wikipedia:Overijssel:museumpalthehof:nieuwleusen,Museum Palthehof,Nieuwleusen,Overijssel,,,NL,,,,unknown,draft,unreviewed,Provinciale lijst; adres en actuele status nog controleren.,https://nl.wikipedia.org/wiki/Lijst_van_musea_in_Overijssel,
6f52d70b-cfb9-51fb-b554-aefeead26e95,wikipedia:Overijssel:carnavalsmuseumdehofnar:oldenzaal,Carnavalsmuseum De Hofnar,Oldenzaal,Overijssel,,,NL,,,,unknown,draft,unreviewed,Provinciale lijst; adres en actuele status nog controleren.,https://nl.wikipedia.org/wiki/Lijst_van_musea_in_Overijssel,
7a57835b-2b91-5bfd-b402-648560c03d8e,museum-nl:museum-oldenzaal,Museum Oldenzaal,Oldenzaal,Overijssel,Marktstraat 13,7571 ED,NL,https://www.museumoldenzaal.nl,52.313194,6.930279,unknown,draft,unreviewed,Bronvermelding is geen controle van actuele opening of toegankelijkheid. Provincie afgeleid uit plaatsnaam in provinciale lijst; controleren.,https://www.museum.nl/nl/museum-oldenzaal,
cb8483eb-2faf-55c0-98e7-c143ed15c6b4,wikipedia:Overijssel:museumpalthehuis:oldenzaal,Museum Palthehuis,Oldenzaal,Overijssel,,,NL,,,,unknown,draft,unreviewed,Provinciale lijst; adres en actuele status nog controleren.,https://nl.wikipedia.org/wiki/Lijst_van_musea_in_Overijssel,
336883a1-a8fb-56f8-8863-c4026e3be80a,museum-nl:nationaal-tinnen-figuren-museum,Nationaal Tinnen Figuren Museum,Ommen,Overijssel,Markt 1,7731 DB,NL,https://www.tinnenfigurenmuseum.nl,52.517764,6.422338,unknown,draft,unreviewed,Bronvermelding is geen controle van actuele opening of toegankelijkheid.,https://www.museum.nl/nl/nationaal-tinnen-figuren-museum | https://nl.wikipedia.org/wiki/Lijst_van_musea_in_Overijssel,
4d05d8d1-6e73-5957-a92a-e528d3a7a7e6,wikipedia:Overijssel:educatorium:ootmarsum,Educatorium,Ootmarsum,Overijssel,,,NL,,,,unknown,draft,unreviewed,Provinciale lijst; adres en actuele status nog controleren.,https://nl.wikipedia.org/wiki/Lijst_van_musea_in_Overijssel,
0dfe7855-d4aa-513b-a323-8874fe6c7bb8,museum-nl:openluchtmuseum-ootmarsum,Openluchtmuseum Ootmarsum,Ootmarsum,Overijssel,Commanderieplein 2,7631 EA,NL,https://www.openluchtmuseumootmarsum.nl,52.405137,6.900082,unknown,draft,unreviewed,Bronvermelding is geen controle van actuele opening of toegankelijkheid. Provincie afgeleid uit plaatsnaam in provinciale lijst; controleren.,https://www.museum.nl/nl/openluchtmuseum-ootmarsum,openlucht
f4ba4e6d-5e09-530b-a693-f1716c2fdc3f,wikipedia:Overijssel:harmoniummuseum:paasloo,Harmonium Museum,Paasloo,Overijssel,,,NL,,,,unknown,draft,unreviewed,Provinciale lijst; adres en actuele status nog controleren.,https://nl.wikipedia.org/wiki/Lijst_van_musea_in_Overijssel,
05a15179-a32c-58e7-b19a-ad2e29b9d3af,wikipedia:Overijssel:internationaalbrandweermuseumrijssen:rijssen,Internationaal Brandweermuseum Rijssen,Rijssen,Overijssel,,,NL,,,,unknown,draft,unreviewed,Provinciale lijst; adres en actuele status nog controleren.,https://nl.wikipedia.org/wiki/Lijst_van_musea_in_Overijssel,
681cc255-aaa3-53de-bcfc-2c7deac29ae1,museum-nl:rijssens-museum,Rijssens Museum,Rijssen,Overijssel,Kasteellaan 1B,7461 PV,NL,https://www.rijssensmuseum.nl,52.3095,6.535095,unknown,draft,unreviewed,Bronvermelding is geen controle van actuele opening of toegankelijkheid.,https://www.museum.nl/nl/rijssens-museum | https://nl.wikipedia.org/wiki/Lijst_van_musea_in_Overijssel,
5ae96c94-7772-51a4-82e9-aad837a86d29,museum-nl:museum-staphorst,Museum Staphorst,Staphorst,Overijssel,Gemeenteweg 67,7951 CE,NL,https://www.museumstaphorst.nl,52.646771,6.206994,unknown,draft,unreviewed,Bronvermelding is geen controle van actuele opening of toegankelijkheid.,https://www.museum.nl/nl/museum-staphorst | https://nl.wikipedia.org/wiki/Lijst_van_musea_in_Overijssel,
23e451e4-403b-5a37-b008-cb17eaad60c6,wikipedia:Overijssel:instituutcollectiekrop:steenwijk,Instituut Collectie Krop,Steenwijk,Overijssel,,,NL,,,,unknown,draft,unreviewed,Provinciale lijst; adres en actuele status nog controleren.,https://nl.wikipedia.org/wiki/Lijst_van_musea_in_Overijssel,
4fd518f0-7561-5ee6-aa18-a879d7f56f12,wikipedia:Overijssel:kermisencircusmuseum:steenwijk,Kermis- en Circusmuseum,Steenwijk,Overijssel,,,NL,,,,unknown,draft,unreviewed,Provinciale lijst; adres en actuele status nog controleren.,https://nl.wikipedia.org/wiki/Lijst_van_musea_in_Overijssel,
3dc4845e-6524-55d4-9f8c-12d9db984cb9,museum-nl:museum-collectie-krop,Museum Collectie Krop,Steenwijk,Overijssel,Gasthuislaan 2,8331 MX,NL,https://hildokrop.nl,52.785207,6.112336,unknown,draft,unreviewed,Bronvermelding is geen controle van actuele opening of toegankelijkheid. Provincie afgeleid uit plaatsnaam in provinciale lijst; controleren.,https://www.museum.nl/nl/museum-collectie-krop,
bd43e968-1273-5c6d-a10d-f713e033b1d4,museum-nl:stadsmuseum-steenwijk,Stadsmuseum Steenwijk,Steenwijk,Overijssel,Markt 64,8331 HK,NL,https://www.stadsmuseumsteenwijk.nl/,52.786531,6.116886,unknown,draft,unreviewed,Bronvermelding is geen controle van actuele opening of toegankelijkheid. Provincie afgeleid uit plaatsnaam in provinciale lijst; controleren.,https://www.museum.nl/nl/stadsmuseum-steenwijk,streekgeschiedenis
7c641e88-ab07-528c-a87d-c4c7fd251385,museum-nl:villa-rams-woerthe,Villa Rams Woerthe,Steenwijk,Overijssel,Gasthuislaan 2,8331 MX,NL,https://www.hendrickdekeyser.nl/museumbezoek/villa-rams-woerthe-Steenwijk,52.785207,6.112336,unknown,draft,unreviewed,Bronvermelding is geen controle van actuele opening of toegankelijkheid. Provincie afgeleid uit plaatsnaam in provinciale lijst; controleren.,https://www.museum.nl/nl/villa-rams-woerthe,
2323a59f-a4ce-5953-acf6-1ae417d1c661,museum-nl:historisch-museum-vriezenveen,Historisch Museum Vriezenveen,Vriezenveen,Overijssel,Westeinde 54,7671 CD,NL,https://www.museumvriezenveen.nl,52.412406,6.625515,unknown,draft,unreviewed,Bronvermelding is geen controle van actuele opening of toegankelijkheid.,https://www.museum.nl/nl/historisch-museum-vriezenveen | https://nl.wikipedia.org/wiki/Lijst_van_musea_in_Overijssel,geschiedenis
3a05cbb4-3357-5439-94fb-ce5f46571986,museum-nl:anno-stadsmuseum-zwolle,ANNO Stadsmuseum Zwolle,Zwolle,Overijssel,Melkmarkt 41,8011 MB,NL,https://www.anno.nl,52.513028,6.09057,unknown,draft,unreviewed,Bronvermelding is geen controle van actuele opening of toegankelijkheid. Provincie afgeleid uit plaatsnaam in provinciale lijst; controleren.,https://www.museum.nl/nl/anno-stadsmuseum-zwolle,streekgeschiedenis
c0c42f29-7d89-5c31-825e-169034001d0a,wikipedia:Overijssel:bonamigamescomputersmuseum:zwolle,Bonami Games & Computers Museum,Zwolle,Overijssel,,,NL,,,,unknown,draft,unreviewed,Provinciale lijst; adres en actuele status nog controleren.,https://nl.wikipedia.org/wiki/Lijst_van_musea_in_Overijssel,
6fcda255-9818-5ce6-a5b3-f56603b13d69,wikipedia:Overijssel:hermanbroodmuseumexperience:zwolle,Herman Brood Museum & Experience,Zwolle,Overijssel,,,NL,,,,unknown,draft,unreviewed,Provinciale lijst; adres en actuele status nog controleren.,https://nl.wikipedia.org/wiki/Lijst_van_musea_in_Overijssel,
b8aacf17-b869-50b4-a72c-805da2ea4054,museum-nl:museum-de-fundatie,Museum de Fundatie,Zwolle,Overijssel,Blijmarkt 20,8011 NE,NL,https://www.museumdefundatie.nl,52.510239,6.091502,unknown,draft,unreviewed,Bronvermelding is geen controle van actuele opening of toegankelijkheid.,https://www.museum.nl/nl/museum-de-fundatie | https://nl.wikipedia.org/wiki/Lijst_van_musea_in_Overijssel,
24aa7d76-6b36-546c-9631-17dad9399f47,wikipedia:Overijssel:stedelijkmuseumzwolle:zwolle,Stedelijk Museum Zwolle,Zwolle,Overijssel,,,NL,,,,unknown,draft,unreviewed,Provinciale lijst; adres en actuele status nog controleren.,https://nl.wikipedia.org/wiki/Lijst_van_musea_in_Overijssel,
e8d10baf-6b43-507b-9e1b-9ea9c2c9c5fe,museum-nl:kasteel-amerongen,Kasteel Amerongen,Amerongen,Utrecht,Drostestraat 20,3958 BK,NL,https://www.kasteelamerongen.nl,51.997177,5.458858,unknown,draft,unreviewed,Bronvermelding is geen controle van actuele opening of toegankelijkheid.,https://www.museum.nl/nl/kasteel-amerongen | https://nl.wikipedia.org/wiki/Lijst_van_musea_in_Utrecht_(provincie),
1a92fbee-582a-5ac6-89b3-31a247d4a645,wikipedia:Utrecht:tabaksteeltmuseum:amerongen,Tabaksteeltmuseum,Amerongen,Utrecht,,,NL,,,,unknown,draft,unreviewed,Provinciale lijst; adres en actuele status nog controleren.,https://nl.wikipedia.org/wiki/Lijst_van_musea_in_Utrecht_(provincie),
269a6894-7305-5524-9034-36dc9daa882b,wikipedia:Utrecht:armandomuseum:amersfoort,Armando Museum,Amersfoort,Utrecht,,,NL,,,,closed,draft,unreviewed,Mogelijk historisch/gesloten. Provinciale lijst; adres en actuele status nog controleren.,https://nl.wikipedia.org/wiki/Lijst_van_musea_in_Utrecht_(provincie),
7167a456-59dc-5b7a-9884-8387e0d121cd,wikipedia:Utrecht:cavaleriemuseum:amersfoort,Cavaleriemuseum,Amersfoort,Utrecht,,,NL,,,,unknown,draft,unreviewed,Provinciale lijst; adres en actuele status nog controleren.,https://nl.wikipedia.org/wiki/Lijst_van_musea_in_Utrecht_(provincie),
d011e29f-b038-5aab-b3fe-423d7eb38f29,wikipedia:Utrecht:culinairmuseum:amersfoort,Culinair Museum,Amersfoort,Utrecht,,,NL,,,,closed,draft,unreviewed,Mogelijk historisch/gesloten. Provinciale lijst; adres en actuele status nog controleren.,https://nl.wikipedia.org/wiki/Lijst_van_musea_in_Utrecht_(provincie),
c82fe9ec-5791-5313-9100-06b785883826,wikipedia:Utrecht:dezonnehof:amersfoort,De Zonnehof,Amersfoort,Utrecht,,,NL,,,,unknown,draft,unreviewed,Provinciale lijst; adres en actuele status nog controleren.,https://nl.wikipedia.org/wiki/Lijst_van_musea_in_Utrecht_(provincie),
4b4a010e-6083-5758-b0d6-4f3f2e30d155,museum-nl:elleboogkerk,Elleboogkerk,Amersfoort,Utrecht,Langegracht 36,3811 BW,NL,https://www.elleboogkerk.nl/,52.157331,5.387037,unknown,draft,unreviewed,Bronvermelding is geen controle van actuele opening of toegankelijkheid. Provincie afgeleid uit plaatsnaam in provinciale lijst; controleren.,https://www.museum.nl/nl/elleboogkerk,
819d6419-6798-5c8f-97ad-d9885053aa3c,museum-nl:kunsthal-kade,Kunsthal KAdE,Amersfoort,Utrecht,Eemplein 77,3812 EA,NL,https://www.kunsthalkade.nl,52.159009,5.382722,unknown,draft,unreviewed,Bronvermelding is geen controle van actuele opening of toegankelijkheid.,https://www.museum.nl/nl/kunsthal-kade | https://nl.wikipedia.org/wiki/Lijst_van_musea_in_Utrecht_(provincie),kunst
1f036ced-beb0-5d00-9813-540bc690d4b6,museum-nl:mondriaanhuis,Mondriaanhuis,Amersfoort,Utrecht,Kortegracht 11,3811 KG,NL,https://www.mondriaanhuis.nl,52.154748,5.39038,unknown,draft,unreviewed,Bronvermelding is geen controle van actuele opening of toegankelijkheid.,https://www.museum.nl/nl/mondriaanhuis | https://nl.wikipedia.org/wiki/Lijst_van_musea_in_Utrecht_(provincie),
4399bf25-cc9e-5a02-b6a8-91b6d8414c45,museum-nl:museum-amersfoort,Museum Amersfoort,Amersfoort,Utrecht,Westsingel 50,3811 BC,NL,https://www.museumamersfoort.nl,52.157632,5.386593,unknown,draft,unreviewed,Bronvermelding is geen controle van actuele opening of toegankelijkheid. Provincie afgeleid uit plaatsnaam in provinciale lijst; controleren.,https://www.museum.nl/nl/museum-amersfoort,
ecb171b9-23e1-5850-8ac9-dcbac6546b84,wikipedia:Utrecht:museumflehite:amersfoort,Museum Flehite,Amersfoort,Utrecht,,,NL,,,,unknown,draft,unreviewed,Provinciale lijst; adres en actuele status nog controleren.,https://nl.wikipedia.org/wiki/Lijst_van_musea_in_Utrecht_(provincie),
911d56d6-10ed-50cd-8b89-91c42089a273,wikipedia:Utrecht:museumjacobsvandenhof:amersfoort,Museum Jacobs van den Hof,Amersfoort,Utrecht,,,NL,,,,closed,draft,unreviewed,Mogelijk historisch/gesloten. Provinciale lijst; adres en actuele status nog controleren.,https://nl.wikipedia.org/wiki/Lijst_van_musea_in_Utrecht_(provincie),
f44c3799-e435-5bf7-a078-c9fdaaf36519,museum-nl:museum-nederlandse-cavalerie,Museum Nederlandse Cavalerie,Amersfoort,Utrecht,Barchman Wuytierslaan 198,3818 LN,NL,https://www.cavaleriemuseum.nl,52.148871,5.352989,unknown,draft,unreviewed,Bronvermelding is geen controle van actuele opening of toegankelijkheid. Provincie afgeleid uit plaatsnaam in provinciale lijst; controleren.,https://www.museum.nl/nl/museum-nederlandse-cavalerie,
b5ddfbab-b8bd-5856-8b22-792c6464cda1,museum-nl:musiom,Musiom,Amersfoort,Utrecht,Stadsring 137,3817 BA,NL,https://www.musiom.art,52.1528796,5.3913333,unknown,draft,unreviewed,Bronvermelding is geen controle van actuele opening of toegankelijkheid. Provincie afgeleid uit plaatsnaam in provinciale lijst; controleren.,https://www.museum.nl/nl/musiom,
c39cdb5b-beb5-5c0e-8a7d-26b71fb694a5,wikipedia:Utrecht:vindselmuseuminnatura:amersfoort,Vindselmuseum In Natura,Amersfoort,Utrecht,,,NL,,,,closed,draft,unreviewed,Mogelijk historisch/gesloten. Provinciale lijst; adres en actuele status nog controleren.,https://nl.wikipedia.org/wiki/Lijst_van_musea_in_Utrecht_(provincie),
186120ae-4217-5e1e-99a4-cfe625fea09c,museum-nl:landhuis-oud-amelisweerd,Landhuis Oud Amelisweerd,Bunnik,Utrecht,Koningslaan 9,3981 HD,NL,https://www.landhuisoudamelisweerd.nl,52.067447,5.169655,unknown,draft,unreviewed,Bronvermelding is geen controle van actuele opening of toegankelijkheid. Provincie afgeleid uit plaatsnaam in provinciale lijst; controleren.,https://www.museum.nl/nl/landhuis-oud-amelisweerd,
43220a44-60ef-5285-9a17-d62b4433a062,wikipedia:Utrecht:museumoudamelisweerd:bunnik,Museum Oud Amelisweerd,Bunnik,Utrecht,,,NL,,,,unknown,draft,unreviewed,Provinciale lijst; adres en actuele status nog controleren.,https://nl.wikipedia.org/wiki/Lijst_van_musea_in_Utrecht_(provincie),
659849e3-17f4-5e28-9bcd-d1cf8b39918f,wikipedia:Utrecht:popupmuseumoudamelisweerd:bunnik,Pop-up Museum Oud Amelisweerd,Bunnik,Utrecht,,,NL,,,,unknown,draft,unreviewed,Provinciale lijst; adres en actuele status nog controleren.,https://nl.wikipedia.org/wiki/Lijst_van_musea_in_Utrecht_(provincie),
5f62f200-6c78-5ce0-9a66-b2b4adc8f351,museum-nl:waterliniemuseum-fort-bij-vechten,Waterliniemuseum Fort bij Vechten,Bunnik,Utrecht,Achterdijk 12,3981 HB,NL,https://waterliniemuseum.nl,52.058505,5.168444,unknown,draft,unreviewed,Bronvermelding is geen controle van actuele opening of toegankelijkheid.,https://www.museum.nl/nl/waterliniemuseum-fort-bij-vechten | https://nl.wikipedia.org/wiki/Lijst_van_musea_in_Utrecht_(provincie),
27a30139-3e91-5c18-b525-a45126f35ba9,wikipedia:Utrecht:klederdrachtenvisserijmuseum:bunschoten,Klederdracht- en Visserijmuseum,Bunschoten,Utrecht,,,NL,,,,unknown,draft,unreviewed,Provinciale lijst; adres en actuele status nog controleren.,https://nl.wikipedia.org/wiki/Lijst_van_musea_in_Utrecht_(provincie),
840981c9-a9f7-5b1c-a924-b68ce5aa8097,wikipedia:Utrecht:museumspakenburg:bunschoten,Museum Spakenburg,Bunschoten,Utrecht,,,NL,,,,unknown,draft,unreviewed,Provinciale lijst; adres en actuele status nog controleren.,https://nl.wikipedia.org/wiki/Lijst_van_musea_in_Utrecht_(provincie),
5973c940-48f5-50f6-9e37-f4965f3c5ca3,wikipedia:Utrecht:provinciaaljitsartmuseumbeeldenopbeerschoten:debilt,"Provinciaal JitsArt Museum, Beelden op Beerschoten",De Bilt,Utrecht,,,NL,,,,unknown,draft,unreviewed,Provinciale lijst; adres en actuele status nog controleren.,https://nl.wikipedia.org/wiki/Lijst_van_musea_in_Utrecht_(provincie),beeldhouwkunst | kunst
4f14f2cd-e35e-571c-9a09-32e4b75d4255,wikipedia:Utrecht:huisdoorn:doorn,Huis Doorn,Doorn,Utrecht,,,NL,,,,unknown,draft,unreviewed,Provinciale lijst; adres en actuele status nog controleren.,https://nl.wikipedia.org/wiki/Lijst_van_musea_in_Utrecht_(provincie),
8e971498-ecb9-5f30-a3eb-88ca36325c96,museum-nl:museum-huis-doorn,Museum Huis Doorn,Doorn,Utrecht,Langbroekerweg 10,3941 MT,NL,https://www.huisdoorn.nl,52.03143,5.338566,unknown,draft,unreviewed,Bronvermelding is geen controle van actuele opening of toegankelijkheid. Provincie afgeleid uit plaatsnaam in provinciale lijst; controleren.,https://www.museum.nl/nl/museum-huis-doorn,
e3e16d80-8b18-587d-a41c-d23d7638f5f0,museum-nl:nationaal-bomenmuseum-gimborn,Nationaal Bomenmuseum Gimborn,Doorn,Utrecht,Velperengh 13,3941 BZ,NL,https://www.bomenmuseum.nl,52.034552,5.314385,unknown,draft,unreviewed,Bronvermelding is geen controle van actuele opening of toegankelijkheid. Provincie afgeleid uit plaatsnaam in provinciale lijst; controleren.,https://www.museum.nl/nl/nationaal-bomenmuseum-gimborn,
fd4aa6ae-0ff7-55b0-800d-4688098b8864,wikipedia:Utrecht:museumtschilderhuis:driebergenrijsenburg,Museum 't Schilderhuis,Driebergen-Rijsenburg,Utrecht,,,NL,,,,unknown,draft,unreviewed,Provinciale lijst; adres en actuele status nog controleren.,https://nl.wikipedia.org/wiki/Lijst_van_musea_in_Utrecht_(provincie),
9cf66e92-e323-534f-95e8-d767b333f594,wikipedia:Utrecht:oudheidkamereemnes:eemnes,Oudheidkamer Eemnes,Eemnes,Utrecht,,,NL,,,,unknown,draft,unreviewed,Provinciale lijst; adres en actuele status nog controleren.,https://nl.wikipedia.org/wiki/Lijst_van_musea_in_Utrecht_(provincie),geschiedenis
b436c792-1228-5cb5-877e-64057b219b54,wikipedia:Utrecht:museumijsselstein:ijsselstein,Museum IJsselstein,IJsselstein,Utrecht,,,NL,,,,unknown,draft,unreviewed,Provinciale lijst; adres en actuele status nog controleren.,https://nl.wikipedia.org/wiki/Lijst_van_musea_in_Utrecht_(provincie),
c80464ad-d921-592b-ae1b-bdd2b8de0833,museum-nl:mij-museum-ijsselstein,mij | museum ijsselstein,Ijsselstein,Utrecht,Walkade 2-4,3401 DS,NL,https://www.museumijsselstein.nl,52.02034,5.0471,unknown,draft,unreviewed,Bronvermelding is geen controle van actuele opening of toegankelijkheid. Provincie afgeleid uit plaatsnaam in provinciale lijst; controleren.,https://www.museum.nl/nl/mij-museum-ijsselstein,
64e93802-c7dd-5d76-9652-f9ad535bc740,museum-nl:de-glasblazerij,De Glasblazerij,Leerdam,Utrecht,Sundsvall 2,4141 MP,NL,http://www.nationaalglasmuseum.nl/,51.890216,5.095231,unknown,draft,unreviewed,Bronvermelding is geen controle van actuele opening of toegankelijkheid. Provincie afgeleid uit plaatsnaam in provinciale lijst; controleren.,https://www.museum.nl/nl/de-glasblazerij,
f09ec0cb-1e19-5a97-9e65-4e3ee620ec73,wikipedia:Utrecht:hofjevanmevrouwvanaerden:leerdam,Hofje van Mevrouw Van Aerden,Leerdam,Utrecht,,,NL,,,,unknown,draft,unreviewed,Provinciale lijst; adres en actuele status nog controleren.,https://nl.wikipedia.org/wiki/Lijst_van_musea_in_Utrecht_(provincie),
8edea6c8-cb58-5a56-a3c4-920252d1fc12,museum-nl:nationaal-glasmuseum,Nationaal Glasmuseum,Leerdam,Utrecht,Lingedijk 28,4142 LD,NL,https://www.nationaalglasmuseum.nl,51.881812,5.085815,unknown,draft,unreviewed,Bronvermelding is geen controle van actuele opening of toegankelijkheid.,https://www.museum.nl/nl/nationaal-glasmuseum | https://nl.wikipedia.org/wiki/Lijst_van_musea_in_Utrecht_(provincie),
fc4ec545-8b41-51f0-ac2c-e04a32a9f6d1,wikipedia:Utrecht:nederlandsbridgemuseum:leerdam,Nederlands Bridge Museum,Leerdam,Utrecht,,,NL,,,,unknown,draft,unreviewed,Provinciale lijst; adres en actuele status nog controleren.,https://nl.wikipedia.org/wiki/Lijst_van_musea_in_Utrecht_(provincie),
9c2d0dc1-422a-58a4-abf1-7964439d50d2,wikipedia:Utrecht:statenbijbelmuseum:leerdam,Statenbijbelmuseum,Leerdam,Utrecht,,,NL,,,,unknown,draft,unreviewed,Provinciale lijst; adres en actuele status nog controleren.,https://nl.wikipedia.org/wiki/Lijst_van_musea_in_Utrecht_(provincie),
1fa2398e-0a01-5a50-9938-c3dac3ef3a87,wikipedia:Utrecht:nederlandsdrogisterijmuseum:maarssen,Nederlands Drogisterij Museum,Maarssen,Utrecht,,,NL,,,,closed,draft,unreviewed,Mogelijk historisch/gesloten. Provinciale lijst; adres en actuele status nog controleren.,https://nl.wikipedia.org/wiki/Lijst_van_musea_in_Utrecht_(provincie),
45988d97-360f-5313-b784-a4147328bdeb,museum-nl:vechtstreekmuseum,Vechtstreekmuseum,Maarssen,Utrecht,Diependaalsedijk 19b  ,3601 GH,NL,https://www.vechtstreekmuseum.nl,52.144284,5.032303,unknown,draft,unreviewed,Bronvermelding is geen controle van actuele opening of toegankelijkheid.,https://www.museum.nl/nl/vechtstreekmuseum | https://nl.wikipedia.org/wiki/Lijst_van_musea_in_Utrecht_(provincie),streekgeschiedenis
775ab7d2-5818-5fa1-8c00-afd496b26f5a,wikipedia:Utrecht:historischmuseumwarsenhoek:nieuwegein,Historisch Museum Warsenhoek,Nieuwegein,Utrecht,,,NL,,,,unknown,draft,unreviewed,Provinciale lijst; adres en actuele status nog controleren.,https://nl.wikipedia.org/wiki/Lijst_van_musea_in_Utrecht_(provincie),geschiedenis
b9a67284-889a-5527-bdb4-1144825a4de8,wikipedia:Utrecht:museumwerfvreeswijk:nieuwegein,Museumwerf Vreeswijk,Nieuwegein,Utrecht,,,NL,,,,unknown,draft,unreviewed,Provinciale lijst; adres en actuele status nog controleren.,https://nl.wikipedia.org/wiki/Lijst_van_musea_in_Utrecht_(provincie),
239fa024-c6ff-5737-a0e1-4f862e38750b,wikipedia:Utrecht:oudheidskamervreeswijk:nieuwegein,Oudheidskamer Vreeswijk,Nieuwegein,Utrecht,,,NL,,,,unknown,draft,unreviewed,Provinciale lijst; adres en actuele status nog controleren.,https://nl.wikipedia.org/wiki/Lijst_van_musea_in_Utrecht_(provincie),geschiedenis
97657a03-820d-5a04-aab7-a9e08ecee648,museum-nl:stg-museum-de-heksenwaag,Stg. Museum de Heksenwaag,Oudewater,Utrecht,Leeuweringerstraat 2,3421 AC,NL,https://www.heksenwaag.nl,52.023319,4.872256,unknown,draft,unreviewed,Bronvermelding is geen controle van actuele opening of toegankelijkheid. Provincie afgeleid uit plaatsnaam in provinciale lijst; controleren.,https://www.museum.nl/nl/stg-museum-de-heksenwaag,
f05e8933-1d87-5d8e-b20b-2c28ed09d77f,museum-nl:touwmuseum-de-baanschuur,Touwmuseum 'De Baanschuur',Oudewater,Utrecht,Reijersteeg 4,3421 SZ,NL,https://www.touwmuseum.nl,52.02446,4.87179,unknown,draft,unreviewed,Bronvermelding is geen controle van actuele opening of toegankelijkheid.,https://www.museum.nl/nl/touwmuseum-de-baanschuur | https://nl.wikipedia.org/wiki/Lijst_van_musea_in_Utrecht_(provincie),
efc2f7ec-6edd-5009-bdc6-4c2a7b75ab5c,wikipedia:Utrecht:waag:oudewater,Waag,Oudewater,Utrecht,,,NL,,,,unknown,draft,unreviewed,Provinciale lijst; adres en actuele status nog controleren.,https://nl.wikipedia.org/wiki/Lijst_van_musea_in_Utrecht_(provincie),
a51df0f6-ea1e-53cd-a55a-34047bab3774,wikipedia:Utrecht:gemeentemuseumhetrondeel:rhenen,Gemeentemuseum Het Rondeel,Rhenen,Utrecht,,,NL,,,,unknown,draft,unreviewed,Provinciale lijst; adres en actuele status nog controleren.,https://nl.wikipedia.org/wiki/Lijst_van_musea_in_Utrecht_(provincie),
d0daa07f-daa4-5931-850e-f842c12c817b,museum-nl:stadsmuseum-rhenen,Stadsmuseum Rhenen,Rhenen,Utrecht,Markt 20,3911 LJ,NL,https://stadsmuseumrhenen.nl/,51.956828,5.5652,unknown,draft,unreviewed,Bronvermelding is geen controle van actuele opening of toegankelijkheid. Provincie afgeleid uit plaatsnaam in provinciale lijst; controleren.,https://www.museum.nl/nl/stadsmuseum-rhenen,streekgeschiedenis
f5b24c17-00e6-5911-9d85-fa59dd831c88,wikipedia:Utrecht:museumsoest:soest,Museum Soest,Soest,Utrecht,,,NL,,,,unknown,draft,unreviewed,Provinciale lijst; adres en actuele status nog controleren.,https://nl.wikipedia.org/wiki/Lijst_van_musea_in_Utrecht_(provincie),
5eb189df-4c0e-542b-9eb5-29c9beb8d4ff,museum-nl:nationaal-militair-museum,Nationaal Militair Museum,Soest,Utrecht,Verlengde Paltzerweg 1,3768 MX,NL,http://www.nmm.nl/,52.131643,5.281304,unknown,draft,unreviewed,Bronvermelding is geen controle van actuele opening of toegankelijkheid. Provincie afgeleid uit plaatsnaam in provinciale lijst; controleren.,https://www.museum.nl/nl/nationaal-militair-museum,
7b8a0a90-100b-5ef8-91e1-167c326f6787,wikipedia:Utrecht:historischecollectiebevoorradingsentransporttroepen:soesterberg,Historische Collectie Bevoorradings- en Transporttroepen,Soesterberg,Utrecht,,,NL,,,,unknown,draft,unreviewed,Provinciale lijst; adres en actuele status nog controleren.,https://nl.wikipedia.org/wiki/Lijst_van_musea_in_Utrecht_(provincie),geschiedenis
0151714f-357c-5c40-83fc-6eec04ad5b13,wikipedia:Utrecht:militaireluchtvaartmuseum:soesterberg,Militaire Luchtvaart Museum,Soesterberg,Utrecht,,,NL,,,,unknown,draft,unreviewed,Provinciale lijst; adres en actuele status nog controleren.,https://nl.wikipedia.org/wiki/Lijst_van_musea_in_Utrecht_(provincie),kunst | vervoer
bc18e0d9-a026-52f5-a8a8-bbd915be2caf,wikipedia:Utrecht:nationaalmilitairmuseum:soesterberg,Nationaal Militair Museum,Soesterberg,Utrecht,,,NL,,,,unknown,draft,unreviewed,Provinciale lijst; adres en actuele status nog controleren.,https://nl.wikipedia.org/wiki/Lijst_van_musea_in_Utrecht_(provincie),
3ec7cbf1-eed1-5e0b-b9b1-99641920beaf,wikipedia:Utrecht:aamumuseumvoorhedendaagseaboriginalkunst:utrecht,"AAMU, Museum voor hedendaagse Aboriginal kunst",Utrecht,Utrecht,,,NL,,,,closed,draft,unreviewed,Mogelijk historisch/gesloten. Provinciale lijst; adres en actuele status nog controleren.,https://nl.wikipedia.org/wiki/Lijst_van_musea_in_Utrecht_(provincie),hedendaagse kunst | kunst
5ec136fd-4a36-5044-af07-f54995875d45,museum-nl:botanische-tuinen-universiteit-utrecht,Botanische Tuinen Universiteit Utrecht,Utrecht,Utrecht,Budapestlaan 17,3584 CD,NL,https://www.uu.nl/botanischetuinen,52.088062,5.170262,unknown,draft,unreviewed,Bronvermelding is geen controle van actuele opening of toegankelijkheid. Provincie afgeleid uit plaatsnaam in provinciale lijst; controleren.,https://www.museum.nl/nl/botanische-tuinen-universiteit-utrecht,
c24f1245-7f2c-59db-82b7-d09e0493861e,museum-nl:centraal-museum,Centraal Museum,Utrecht,Utrecht,Agnietenstraat 1,3512 XA,NL,https://www.centraalmuseum.nl,52.08381,5.125957,unknown,draft,unreviewed,Bronvermelding is geen controle van actuele opening of toegankelijkheid.,https://www.museum.nl/nl/centraal-museum | https://nl.wikipedia.org/wiki/Lijst_van_musea_in_Utrecht_(provincie),
8fe1b922-6ed6-5ccc-b700-e4479dc3b660,wikipedia:Utrecht:geldmuseum:utrecht,Geldmuseum,Utrecht,Utrecht,,,NL,,,,closed,draft,unreviewed,Mogelijk historisch/gesloten. Provinciale lijst; adres en actuele status nog controleren.,https://nl.wikipedia.org/wiki/Lijst_van_musea_in_Utrecht_(provincie),
0d079c06-6a40-5e4f-8044-545c5373a80b,wikipedia:Utrecht:hetspoorwegmuseum:utrecht,Het Spoorwegmuseum,Utrecht,Utrecht,,,NL,,,,unknown,draft,unreviewed,Provinciale lijst; adres en actuele status nog controleren.,https://nl.wikipedia.org/wiki/Lijst_van_musea_in_Utrecht_(provincie),vervoer
33caaef8-8cff-5b71-9ae2-b1d81c71d5e7,museum-nl:het-utrechts-archief,Het Utrechts Archief,Utrecht,Utrecht,Hamburgerstraat 28,3512 NS,NL,https://hetutrechtsarchief.nl/,52.089058,5.122861,unknown,draft,unreviewed,Bronvermelding is geen controle van actuele opening of toegankelijkheid. Provincie afgeleid uit plaatsnaam in provinciale lijst; controleren.,https://www.museum.nl/nl/het-utrechts-archief,
abe177c0-7a81-528f-84af-ceca3adf4275,museum-nl:museum-catharijneconvent,Museum Catharijneconvent,Utrecht,Utrecht,Lange Nieuwstraat 38,3512 PH,NL,https://www.catharijneconvent.nl,52.087289,5.123924,unknown,draft,unreviewed,Bronvermelding is geen controle van actuele opening of toegankelijkheid.,https://www.museum.nl/nl/museum-catharijneconvent | https://nl.wikipedia.org/wiki/Lijst_van_musea_in_Utrecht_(provincie),
02da06b3-6111-5ed0-bf1d-ff1981693bd4,wikipedia:Utrecht:museummaluku:utrecht,Museum Maluku,Utrecht,Utrecht,,,NL,,,,unknown,draft,unreviewed,Provinciale lijst; adres en actuele status nog controleren.,https://nl.wikipedia.org/wiki/Lijst_van_musea_in_Utrecht_(provincie),
a269418f-f77c-55d3-beac-e93ff4641781,museum-nl:museum-speelklok,Museum Speelklok,Utrecht,Utrecht,Steenweg 6,3511 JP,NL,https://www.museumspeelklok.nl,52.090838,5.119723,unknown,draft,unreviewed,Bronvermelding is geen controle van actuele opening of toegankelijkheid.,https://www.museum.nl/nl/museum-speelklok | https://nl.wikipedia.org/wiki/Lijst_van_musea_in_Utrecht_(provincie),
3ca63238-7bf3-5451-8307-4b0964e0213f,museum-nl:museum-sterrenwacht-sonnenborgh,Museum Sterrenwacht Sonnenborgh,Utrecht,Utrecht,Zonnenburg 2,3512 NL,NL,https://www.sonnenborgh.nl,52.085415,5.129283,unknown,draft,unreviewed,Bronvermelding is geen controle van actuele opening of toegankelijkheid. Provincie afgeleid uit plaatsnaam in provinciale lijst; controleren.,https://www.museum.nl/nl/museum-sterrenwacht-sonnenborgh,
1d5dd49c-b96f-5bae-a285-8830e93c768f,wikipedia:Utrecht:museumvanzuilen:utrecht,Museum van Zuilen,Utrecht,Utrecht,,,NL,,,,unknown,draft,unreviewed,Provinciale lijst; adres en actuele status nog controleren.,https://nl.wikipedia.org/wiki/Lijst_van_musea_in_Utrecht_(provincie),
9b97942b-0420-5631-9bd3-302ebaa1cf78,wikipedia:Utrecht:museumvanhetkruideniersbedrijfbetjeboerhave:utrecht,Museum van het Kruideniersbedrijf Betje Boerhave,Utrecht,Utrecht,,,NL,,,,unknown,draft,unreviewed,Provinciale lijst; adres en actuele status nog controleren.,https://nl.wikipedia.org/wiki/Lijst_van_musea_in_Utrecht_(provincie),
85babbde-ae15-596d-92f2-c2f4c3a94133,wikipedia:Utrecht:nederlandsvolksbuurtmuseum:utrecht,Nederlands Volksbuurtmuseum,Utrecht,Utrecht,,,NL,,,,unknown,draft,unreviewed,Provinciale lijst; adres en actuele status nog controleren.,https://nl.wikipedia.org/wiki/Lijst_van_musea_in_Utrecht_(provincie),
ed3f9408-8d30-53d9-92fd-30c1c3cb633a,wikipedia:Utrecht:rietveldschroderhuis:utrecht,Rietveld Schröderhuis,Utrecht,Utrecht,,,NL,,,,unknown,draft,unreviewed,Provinciale lijst; adres en actuele status nog controleren.,https://nl.wikipedia.org/wiki/Lijst_van_musea_in_Utrecht_(provincie),
2af63e0d-4463-5af3-a144-dc19f50e41e4,wikipedia:Utrecht:sonnenborgh:utrecht,Sonnenborgh,Utrecht,Utrecht,,,NL,,,,unknown,draft,unreviewed,Provinciale lijst; adres en actuele status nog controleren.,https://nl.wikipedia.org/wiki/Lijst_van_musea_in_Utrecht_(provincie),
98be4ce0-f4b7-5b92-bfe0-f30de1b65b9d,museum-nl:spoorwegmuseum,Spoorwegmuseum,Utrecht,Utrecht,Maliebaanstation 16,3581 XW,NL,https://www.spoorwegmuseum.nl,52.087959,5.131077,unknown,draft,unreviewed,Bronvermelding is geen controle van actuele opening of toegankelijkheid. Provincie afgeleid uit plaatsnaam in provinciale lijst; controleren.,https://www.museum.nl/nl/spoorwegmuseum,vervoer
b4b49f35-5d5f-5cf3-85f7-63c81197a3c0,museum-nl:universiteitsmuseum-utrecht,Universiteitsmuseum Utrecht,Utrecht,Utrecht,Lange Nieuwstraat 106,3512 PN,NL,https://umu.nl/,52.084827,5.125725,unknown,draft,unreviewed,Bronvermelding is geen controle van actuele opening of toegankelijkheid.,https://www.museum.nl/nl/universiteitsmuseum-utrecht | https://nl.wikipedia.org/wiki/Lijst_van_musea_in_Utrecht_(provincie),wetenschap
f7fcb037-7b22-5bb6-93b3-0f15ddede0be,museum-nl:volksbuurtmuseum,Volksbuurtmuseum,Utrecht,Utrecht,Waterstraat 27,3511 BW,NL,https://www.volksbuurtmuseum.nl,52.095261,5.114757,unknown,draft,unreviewed,Bronvermelding is geen controle van actuele opening of toegankelijkheid. Provincie afgeleid uit plaatsnaam in provinciale lijst; controleren.,https://www.museum.nl/nl/volksbuurtmuseum,
b9e7df55-4db1-59a0-b6d4-437845da7e73,museum-nl:nijntje-museum,nijntje museum,Utrecht,Utrecht,Agnietenstraat 2,3512 XB,NL,https://nijntjemuseum.nl/,52.083933,5.12578,unknown,draft,unreviewed,Bronvermelding is geen controle van actuele opening of toegankelijkheid.,https://www.museum.nl/nl/nijntje-museum | https://nl.wikipedia.org/wiki/Lijst_van_musea_in_Utrecht_(provincie),
d5c3840e-7375-535e-81c9-09e17ab707d5,wikipedia:Utrecht:hetkleineveenloo:veenendaal,Het Kleine Veenloo,Veenendaal,Utrecht,,,NL,,,,unknown,draft,unreviewed,Provinciale lijst; adres en actuele status nog controleren.,https://nl.wikipedia.org/wiki/Lijst_van_musea_in_Utrecht_(provincie),
5810c661-0f30-5ca5-a343-6e85dbdb1be6,museum-nl:stadsmuseum-veenendaal,Stadsmuseum Veenendaal,Veenendaal,Utrecht,Kees Stipplein 76,3901 TP,NL,https://www.stadsmuseumveenendaal.nl,52.027373,5.559411,unknown,draft,unreviewed,Bronvermelding is geen controle van actuele opening of toegankelijkheid. Provincie afgeleid uit plaatsnaam in provinciale lijst; controleren.,https://www.museum.nl/nl/stadsmuseum-veenendaal,streekgeschiedenis
99d6266e-a0b8-5d42-8595-d9eabd930e5f,wikipedia:Utrecht:vingerhoedmuseum:veenendaal,Vingerhoedmuseum,Veenendaal,Utrecht,,,NL,,,,unknown,draft,unreviewed,Provinciale lijst; adres en actuele status nog controleren.,https://nl.wikipedia.org/wiki/Lijst_van_musea_in_Utrecht_(provincie),
990b33af-c0fe-5d62-875d-2ca69030e1bc,wikipedia:Utrecht:stedelijkmuseumvianen:vianen,Stedelijk Museum Vianen,Vianen,Utrecht,,,NL,,,,unknown,draft,unreviewed,Provinciale lijst; adres en actuele status nog controleren.,https://nl.wikipedia.org/wiki/Lijst_van_musea_in_Utrecht_(provincie),
f902f994-ec4b-56aa-b00f-1d3a663f986b,wikipedia:Utrecht:museumderondevenen:vinkeveen,Museum De Ronde Venen,Vinkeveen,Utrecht,,,NL,,,,unknown,draft,unreviewed,Provinciale lijst; adres en actuele status nog controleren.,https://nl.wikipedia.org/wiki/Lijst_van_musea_in_Utrecht_(provincie),
573b7e4b-e848-57b2-9e52-77e579991814,museum-nl:museum-dorestad,Museum Dorestad,Wijk bij Duurstede,Utrecht,Markt 24,3961 BC,NL,https://www.museumdorestad.nl,51.97279,5.345406,unknown,draft,unreviewed,Bronvermelding is geen controle van actuele opening of toegankelijkheid.,https://www.museum.nl/nl/museum-dorestad | https://nl.wikipedia.org/wiki/Lijst_van_musea_in_Utrecht_(provincie),
7068c110-e6b8-540b-8d36-b3f19c14cd58,museum-nl:stadsmuseum-woerden,Stadsmuseum Woerden,Woerden,Utrecht,Kerkplein 6,3441 BG,NL,https://www.stadsmuseumwoerden.nl,52.086119,4.88455,unknown,draft,unreviewed,Bronvermelding is geen controle van actuele opening of toegankelijkheid.,https://www.museum.nl/nl/stadsmuseum-woerden | https://nl.wikipedia.org/wiki/Lijst_van_musea_in_Utrecht_(provincie),streekgeschiedenis
53be7879-bb7e-5b86-ac04-10164311ab35,wikipedia:Zeeland:hoevevandermeulen:sheerabtskerke,Hoeve Van der Meulen,'s-Heer Abtskerke,Zeeland,,,NL,,,,unknown,draft,unreviewed,Provinciale lijst; adres en actuele status nog controleren.,https://nl.wikipedia.org/wiki/Lijst_van_musea_in_Zeeland,
b6ba3dce-f91a-5a02-84ed-34be540f6053,museum-nl:cultuurforum-aardenburg,Cultuurforum Aardenburg,Aardenburg,Zeeland,Sint Bavostraat 3,4527 CJ,NL,https://www.cultuurforumaardenburg.nl,51.273561,3.448743,unknown,draft,unreviewed,Bronvermelding is geen controle van actuele opening of toegankelijkheid.,https://www.museum.nl/nl/cultuurforum-aardenburg | https://nl.wikipedia.org/wiki/Lijst_van_musea_in_Zeeland,
4a934526-b3c6-540c-a071-8bfd84b847ce,wikipedia:Zeeland:gyrocopteraviationmuseum:arnemuiden,Gyrocopter Aviation Museum,Arnemuiden,Zeeland,,,NL,,,,unknown,draft,unreviewed,Provinciale lijst; adres en actuele status nog controleren.,https://nl.wikipedia.org/wiki/Lijst_van_musea_in_Zeeland,
95e63c9b-7677-5608-b010-36748e70e01e,wikipedia:Zeeland:historischescheepswerfcameerman:arnemuiden,Historische Scheepswerf C.A. Meerman,Arnemuiden,Zeeland,,,NL,,,,unknown,draft,unreviewed,Provinciale lijst; adres en actuele status nog controleren.,https://nl.wikipedia.org/wiki/Lijst_van_musea_in_Zeeland,geschiedenis
5f31fd38-2f59-5547-bc78-bb0f234bb3cc,wikipedia:Zeeland:museumarnemuiden:arnemuiden,Museum Arnemuiden,Arnemuiden,Zeeland,,,NL,,,,unknown,draft,unreviewed,Provinciale lijst; adres en actuele status nog controleren.,https://nl.wikipedia.org/wiki/Lijst_van_musea_in_Zeeland,
1909fdfb-90c6-547b-a5ca-9c35b27219ed,wikipedia:Zeeland:museumhetwarenhuis:axel,Museum Het Warenhuis,Axel,Zeeland,,,NL,,,,unknown,draft,unreviewed,Provinciale lijst; adres en actuele status nog controleren.,https://nl.wikipedia.org/wiki/Lijst_van_musea_in_Zeeland,
81b4392d-9e92-588f-9a57-c74195cd0758,museum-nl:museum-het-warenhuis-axel,Museum Het Warenhuis - Axel,Axel,Zeeland,Markt 2,4571 BG,NL,https://www.hetwarenhuis.nl,51.265262,3.908843,unknown,draft,unreviewed,Bronvermelding is geen controle van actuele opening of toegankelijkheid. Provincie afgeleid uit plaatsnaam in provinciale lijst; controleren.,https://www.museum.nl/nl/museum-het-warenhuis-axel,
d27aaf89-7a08-555f-a40e-f44556bedfd8,wikipedia:Zeeland:oorlogsmuseumgdynia:axel,Oorlogsmuseum Gdynia,Axel,Zeeland,,,NL,,,,unknown,draft,unreviewed,Provinciale lijst; adres en actuele status nog controleren.,https://nl.wikipedia.org/wiki/Lijst_van_musea_in_Zeeland,geschiedenis
02dc995c-3d0f-5cfc-ad67-b80951e91fe8,wikipedia:Zeeland:wittesmuseumvoorfotografieenradio:axel,Witte`s Museum voor Fotografie en Radio,Axel,Zeeland,,,NL,,,,unknown,draft,unreviewed,Provinciale lijst; adres en actuele status nog controleren.,https://nl.wikipedia.org/wiki/Lijst_van_musea_in_Zeeland,fotografie
7c55301a-80aa-5fe0-a081-f7d2b16fe4ab,wikipedia:Zeeland:zeeuwseschuurmuseum:biggekerke,Zeeuwse Schuur Museum,Biggekerke,Zeeland,,,NL,,,,unknown,draft,unreviewed,Provinciale lijst; adres en actuele status nog controleren.,https://nl.wikipedia.org/wiki/Lijst_van_musea_in_Zeeland,
b883f2c5-d2ba-55b1-8eba-96d27a828db8,wikipedia:Zeeland:visserijmuseum:breskens,Visserijmuseum,Breskens,Zeeland,,,NL,,,,unknown,draft,unreviewed,Provinciale lijst; adres en actuele status nog controleren.,https://nl.wikipedia.org/wiki/Lijst_van_musea_in_Zeeland,
6e214339-8ec3-5a4b-890e-950470a3d0a8,museum-nl:visserijmuseum-breskens,Visserijmuseum Breskens,Breskens,Zeeland,Kaai 1-105,4511 RC,NL,http://www.museumbreskens.nl/,51.395648,3.56689,unknown,draft,unreviewed,Bronvermelding is geen controle van actuele opening of toegankelijkheid. Provincie afgeleid uit plaatsnaam in provinciale lijst; controleren.,https://www.museum.nl/nl/visserijmuseum-breskens,
32b7208d-fd7e-587e-a718-91816d51e418,wikipedia:Zeeland:brouwsmuseum:brouwershaven,Brouws Museum,Brouwershaven,Zeeland,,,NL,,,,unknown,draft,unreviewed,Provinciale lijst; adres en actuele status nog controleren.,https://nl.wikipedia.org/wiki/Lijst_van_musea_in_Zeeland,
620830ff-b0ba-5bb3-a7a2-aff273674d55,wikipedia:Zeeland:oudheidkamerbruinisse:bruinisse,Oudheidkamer Bruinisse,Bruinisse,Zeeland,,,NL,,,,unknown,draft,unreviewed,Provinciale lijst; adres en actuele status nog controleren.,https://nl.wikipedia.org/wiki/Lijst_van_musea_in_Zeeland,geschiedenis
415a697f-0419-5562-8301-a72819372a52,wikipedia:Zeeland:visserijmuseumbruinisse:bruinisse,Visserijmuseum Bruinisse,Bruinisse,Zeeland,,,NL,,,,unknown,draft,unreviewed,Provinciale lijst; adres en actuele status nog controleren.,https://nl.wikipedia.org/wiki/Lijst_van_musea_in_Zeeland,
39bbae37-c617-5231-b5c9-971b286a7ce9,wikipedia:Zeeland:brilmuseumogentekort:burghhaamstede,Brilmuseum Ogen Tekort,Burgh-Haamstede,Zeeland,,,NL,,,,unknown,draft,unreviewed,Provinciale lijst; adres en actuele status nog controleren.,https://nl.wikipedia.org/wiki/Lijst_van_musea_in_Zeeland,
3f362377-1a1c-5b0c-9a05-879f20cae940,wikipedia:Zeeland:museumdeburghseschoole:burghhaamstede,Museum de Burghse Schoole,Burgh-Haamstede,Zeeland,,,NL,,,,unknown,draft,unreviewed,Provinciale lijst; adres en actuele status nog controleren.,https://nl.wikipedia.org/wiki/Lijst_van_musea_in_Zeeland,
cb37dfbf-2cc9-5838-be1c-9e91d9925b59,wikipedia:Zeeland:fotograficamuseumterbekijks:cadzand,Fotografica museum 'Ter Bekijks',Cadzand,Zeeland,,,NL,,,,unknown,draft,unreviewed,Provinciale lijst; adres en actuele status nog controleren.,https://nl.wikipedia.org/wiki/Lijst_van_musea_in_Zeeland,fotografie
ef5f1375-b691-5a72-a74b-b6b0f3eac700,wikipedia:Zeeland:solexmuseum:colijnsplaat,Solexmuseum,Colijnsplaat,Zeeland,,,NL,,,,unknown,draft,unreviewed,Provinciale lijst; adres en actuele status nog controleren.,https://nl.wikipedia.org/wiki/Lijst_van_musea_in_Zeeland,
5280274f-f3ec-5f2e-989c-41e43941be69,museum-nl:marie-tak-van-poortvliet-museum,Marie Tak van Poortvliet Museum,Domburg,Zeeland,Ooststraat 10a,4357 BE,NL,https://www.marietakmuseum.nl/,51.563367,3.498357,unknown,draft,unreviewed,Bronvermelding is geen controle van actuele opening of toegankelijkheid.,https://www.museum.nl/nl/marie-tak-van-poortvliet-museum | https://nl.wikipedia.org/wiki/Lijst_van_musea_in_Zeeland,
0fa35732-e87e-5005-aa19-ac567aeb4e27,museum-nl:museum-goemanszorg,Museum Goemanszorg,Dreischor,Zeeland,Molenweg 3,4315 CE,NL,https://www.goemanszorg.nl,51.68966,3.986092,unknown,draft,unreviewed,Bronvermelding is geen controle van actuele opening of toegankelijkheid. Provincie afgeleid uit plaatsnaam in provinciale lijst; controleren.,https://www.museum.nl/nl/museum-goemanszorg,
510af20f-fb01-50dd-a5bb-957aa34a89c3,wikipedia:Zeeland:streekenlandbouwmuseumgoemanszorg:dreischor,Streek- en landbouwmuseum Goemanszorg,Dreischor,Zeeland,,,NL,,,,unknown,draft,unreviewed,Provinciale lijst; adres en actuele status nog controleren.,https://nl.wikipedia.org/wiki/Lijst_van_musea_in_Zeeland,streekgeschiedenis
6a1aa442-73db-597d-b7b1-5b72c96b8e75,museum-nl:historisch-museum-de-bevelanden,Historisch Museum De Bevelanden,Goes,Zeeland,Singelstraat 13,4461 HZ,NL,https://www.hmdb.nl,51.502727,3.890079,unknown,draft,unreviewed,Bronvermelding is geen controle van actuele opening of toegankelijkheid.,https://www.museum.nl/nl/historisch-museum-de-bevelanden | https://nl.wikipedia.org/wiki/Lijst_van_musea_in_Zeeland,geschiedenis
b197ed5e-b8df-5699-bb70-310a4543a771,wikipedia:Zeeland:museumstoomtreingoesborsele:goes,Museum Stoomtrein Goes-Borsele,Goes,Zeeland,,,NL,,,,unknown,draft,unreviewed,Provinciale lijst; adres en actuele status nog controleren.,https://nl.wikipedia.org/wiki/Lijst_van_musea_in_Zeeland,vervoer
7575b86c-6425-5ccb-9860-680751d8ce52,museum-nl:stoomtrein-goes-borsele,Stoomtrein Goes-Borsele,Goes,Zeeland,Albert Plesmanweg 23,4462 GC,NL,https://www.destoomtrein.nl,51.497329,3.879158,unknown,draft,unreviewed,Bronvermelding is geen controle van actuele opening of toegankelijkheid. Provincie afgeleid uit plaatsnaam in provinciale lijst; controleren.,https://www.museum.nl/nl/stoomtrein-goes-borsele,vervoer
24678739-b0cb-598a-935c-fdacce6eca71,wikipedia:Zeeland:hetvlaemscheerfgoed:groede,Het Vlaemsche Erfgoed,Groede,Zeeland,,,NL,,,,unknown,draft,unreviewed,Provinciale lijst; adres en actuele status nog controleren.,https://nl.wikipedia.org/wiki/Lijst_van_musea_in_Zeeland,
50bb2fa0-8a80-5186-a12c-56ddcf44518e,wikipedia:Zeeland:twienkeltjevanwullempje:hoedekenskerke,'t Wienkeltje van Wullempje,Hoedekenskerke,Zeeland,,,NL,,,,unknown,draft,unreviewed,Provinciale lijst; adres en actuele status nog controleren.,https://nl.wikipedia.org/wiki/Lijst_van_musea_in_Zeeland,
4f1fc167-f1b5-58a6-93df-a17d14783efb,wikipedia:Zeeland:debuffer:hoedekenskerke,De Buffer,Hoedekenskerke,Zeeland,,,NL,,,,unknown,draft,unreviewed,Provinciale lijst; adres en actuele status nog controleren.,https://nl.wikipedia.org/wiki/Lijst_van_musea_in_Zeeland,
8634a522-b90e-5f8c-adfa-98407fbfb1da,wikipedia:Zeeland:museumhulst:hulst,Museum Hulst,Hulst,Zeeland,,,NL,,,,unknown,draft,unreviewed,Provinciale lijst; adres en actuele status nog controleren.,https://nl.wikipedia.org/wiki/Lijst_van_musea_in_Zeeland,
692f9ea4-019e-5a1b-be5d-3f02bc1e0a82,museum-nl:museum-hulst-s-landshuis,Museum Hulst-'s Landshuis,Hulst,Zeeland,Steenstraat 37,4561 AR,NL,https://www.museumhulst.nl,51.281279,4.051665,unknown,draft,unreviewed,Bronvermelding is geen controle van actuele opening of toegankelijkheid. Provincie afgeleid uit plaatsnaam in provinciale lijst; controleren.,https://www.museum.nl/nl/museum-hulst-s-landshuis,
c7d59a44-d5b6-5911-b7b2-6199ce98f9d8,museum-nl:museum-het-bolwerk,Museum Het Bolwerk,Ijzendijke,Zeeland,Markt 28,4515 BB,NL,https://www.museumhetbolwerk.nl,51.322486,3.615812,unknown,draft,unreviewed,Bronvermelding is geen controle van actuele opening of toegankelijkheid.,https://www.museum.nl/nl/museum-het-bolwerk | https://nl.wikipedia.org/wiki/Lijst_van_musea_in_Zeeland,
58dbc27e-3d42-5881-83d0-3b859c741ef2,wikipedia:Zeeland:fruitteeltmuseum:kapelle,Fruitteeltmuseum,Kapelle,Zeeland,,,NL,,,,unknown,draft,unreviewed,Provinciale lijst; adres en actuele status nog controleren.,https://nl.wikipedia.org/wiki/Lijst_van_musea_in_Zeeland,
cf4ec27a-945d-51ee-afe7-258580acbca3,wikipedia:Zeeland:memorial4045kapelle:kapelle,Memorial 40-45 Kapelle,Kapelle,Zeeland,,,NL,,,,unknown,draft,unreviewed,Provinciale lijst; adres en actuele status nog controleren.,https://nl.wikipedia.org/wiki/Lijst_van_musea_in_Zeeland,
a52d5e74-61de-5c04-8c5b-c16a2710326a,museum-nl:zeeuwsfruitmuseum,ZeeuwsFruitMuseum,Kapelle,Zeeland,Annie M.G. Schmidtsingel 1,4421 TA,NL,https://www.fruitteeltmuseum.nl,51.481271,3.94928,unknown,draft,unreviewed,Bronvermelding is geen controle van actuele opening of toegankelijkheid. Provincie afgeleid uit plaatsnaam in provinciale lijst; controleren.,https://www.museum.nl/nl/zeeuwsfruitmuseum,
3a62a541-41b7-5ffc-a282-c6366120fd54,wikipedia:Zeeland:vlasmuseumtvlasschuurken:koewacht,Vlasmuseum 't Vlasschuurken,Koewacht,Zeeland,,,NL,,,,unknown,draft,unreviewed,Provinciale lijst; adres en actuele status nog controleren.,https://nl.wikipedia.org/wiki/Lijst_van_musea_in_Zeeland,
32aaa572-9942-57b5-8847-e36397eb44f2,wikipedia:Zeeland:museumlesecet:koudekerke,Museum Le Secet,Koudekerke,Zeeland,,,NL,,,,unknown,draft,unreviewed,Provinciale lijst; adres en actuele status nog controleren.,https://nl.wikipedia.org/wiki/Lijst_van_musea_in_Zeeland,
4926b3c8-93a6-5be6-bd73-c53a1ebd9bfa,wikipedia:Zeeland:zijdemuseum:meliskerke,Zijdemuseum,Meliskerke,Zeeland,,,NL,,,,unknown,draft,unreviewed,Provinciale lijst; adres en actuele status nog controleren.,https://nl.wikipedia.org/wiki/Lijst_van_musea_in_Zeeland,
f12e3a53-c555-5dfd-ae0e-36f76bc34627,wikipedia:Zeeland:hanslipperheymuseum:middelburg,Hans Lipperhey Museum,Middelburg,Zeeland,,,NL,,,,unknown,draft,unreviewed,Provinciale lijst; adres en actuele status nog controleren.,https://nl.wikipedia.org/wiki/Lijst_van_musea_in_Zeeland,
97c01811-2100-51a1-8739-3b136fb3f1d8,wikipedia:Zeeland:sjakieschocolademuseum:middelburg,Sjakie's Chocolade Museum,Middelburg,Zeeland,,,NL,,,,unknown,draft,unreviewed,Provinciale lijst; adres en actuele status nog controleren.,https://nl.wikipedia.org/wiki/Lijst_van_musea_in_Zeeland,
42af4bff-b5be-549f-b36c-4233b67c93a9,museum-nl:vleeshal,Vleeshal,Middelburg,Zeeland,Markt 1,4331 KG,NL,https://www.vleeshal.nl,51.497539,3.611325,unknown,draft,unreviewed,Bronvermelding is geen controle van actuele opening of toegankelijkheid.,https://www.museum.nl/nl/vleeshal | https://nl.wikipedia.org/wiki/Lijst_van_musea_in_Zeeland,
5171886a-e566-5f9e-84bf-847374bad7ff,wikipedia:Zeeland:zeeuwsarchief:middelburg,Zeeuws Archief,Middelburg,Zeeland,,,NL,,,,unknown,draft,unreviewed,Provinciale lijst; adres en actuele status nog controleren.,https://nl.wikipedia.org/wiki/Lijst_van_musea_in_Zeeland,
a9585bd2-a2bd-5126-9858-93ab6c183163,museum-nl:zeeuws-museum,Zeeuws Museum,Middelburg,Zeeland,Abdij(plein),4331 BK,NL,https://www.zeeuwsmuseum.nl,51.500133,3.613399,unknown,draft,unreviewed,Bronvermelding is geen controle van actuele opening of toegankelijkheid.,https://www.museum.nl/nl/zeeuws-museum | https://nl.wikipedia.org/wiki/Lijst_van_musea_in_Zeeland,
80d99df6-4400-5722-b607-134c1865771f,wikipedia:Zeeland:deltaparkneeltjejans:neeltjejans,Deltapark Neeltje Jans,Neeltje Jans,Zeeland,,,NL,,,,unknown,draft,unreviewed,Provinciale lijst; adres en actuele status nog controleren.,https://nl.wikipedia.org/wiki/Lijst_van_musea_in_Zeeland,
29a13146-1123-5677-b176-fa6d7e1cd12d,wikipedia:Zeeland:informatiepuntnationaalparkoosterschelde:neeltjejans,Informatiepunt Nationaal Park Oosterschelde,Neeltje Jans,Zeeland,,,NL,,,,unknown,draft,unreviewed,Provinciale lijst; adres en actuele status nog controleren.,https://nl.wikipedia.org/wiki/Lijst_van_musea_in_Zeeland,
8e6ef894-0ac8-53d0-b61a-a69d4d1558d3,wikipedia:Zeeland:bezoekerscentrumsaeftinghe:nieuwnamen,Bezoekerscentrum Saeftinghe,Nieuw-Namen,Zeeland,,,NL,,,,unknown,draft,unreviewed,Provinciale lijst; adres en actuele status nog controleren.,https://nl.wikipedia.org/wiki/Lijst_van_musea_in_Zeeland,
50e6da15-7727-5f67-a9dd-2d53319cfb3a,wikipedia:Zeeland:bevrijdingsmuseumzeeland:nieuwdorp,Bevrijdingsmuseum Zeeland,Nieuwdorp,Zeeland,,,NL,,,,unknown,draft,unreviewed,Provinciale lijst; adres en actuele status nog controleren.,https://nl.wikipedia.org/wiki/Lijst_van_musea_in_Zeeland,
5965d76a-06c7-5110-a8a4-b26e6cd8bc82,wikipedia:Zeeland:museumhuis1912:nieuwvliet,MuseumHuis 1912,Nieuwvliet,Zeeland,,,NL,,,,unknown,draft,unreviewed,Provinciale lijst; adres en actuele status nog controleren.,https://nl.wikipedia.org/wiki/Lijst_van_musea_in_Zeeland,
f42d32c7-750e-5b29-9267-183eb28a6da4,wikipedia:Zeeland:trekkermuseumnisse:nisse,Trekkermuseum Nisse,Nisse,Zeeland,,,NL,,,,unknown,draft,unreviewed,Provinciale lijst; adres en actuele status nog controleren.,https://nl.wikipedia.org/wiki/Lijst_van_musea_in_Zeeland,
c77a2a7d-3c3e-59f4-9d0c-1a61f21a692d,wikipedia:Zeeland:oorlogsmuseumswitchback:oostburg,Oorlogsmuseum Switchback,Oostburg,Zeeland,,,NL,,,,unknown,draft,unreviewed,Provinciale lijst; adres en actuele status nog controleren.,https://nl.wikipedia.org/wiki/Lijst_van_musea_in_Zeeland,geschiedenis
4e757eff-9bd5-5b8b-bb28-c84c3e097a4f,museum-nl:museum-terra-maris,Museum Terra Maris,Oostkapelle,Zeeland,Duinvlietweg 6,4356 ND,NL,https://www.terramaris.nl,51.569667,3.52001,unknown,draft,unreviewed,Bronvermelding is geen controle van actuele opening of toegankelijkheid. Provincie afgeleid uit plaatsnaam in provinciale lijst; controleren.,https://www.museum.nl/nl/museum-terra-maris,
6ae8300a-8ee1-5e6b-bb97-9a644345a8e8,wikipedia:Zeeland:terramaris:oostkapelle,Terra Maris,Oostkapelle,Zeeland,,,NL,,,,unknown,draft,unreviewed,Provinciale lijst; adres en actuele status nog controleren.,https://nl.wikipedia.org/wiki/Lijst_van_musea_in_Zeeland,
6ef604af-6671-5c78-8528-1dd71328b817,museum-nl:watersnoodmuseum,Watersnoodmuseum,Ouwerkerk,Zeeland,Weg van de Buitenlandse Pers 5,4305 RJ,NL,https://www.watersnoodmuseum.nl,51.617423,3.982822,unknown,draft,unreviewed,Bronvermelding is geen controle van actuele opening of toegankelijkheid.,https://www.museum.nl/nl/watersnoodmuseum | https://nl.wikipedia.org/wiki/Lijst_van_musea_in_Zeeland,
4cf24fc7-9cd4-5e8a-b987-37734fb5d9b0,wikipedia:Zeeland:fietsmuseumvieuxvelo:poortvliet,Fietsmuseum Vieux Vélo,Poortvliet,Zeeland,,,NL,,,,closed,draft,unreviewed,Mogelijk historisch/gesloten. Provinciale lijst; adres en actuele status nog controleren.,https://nl.wikipedia.org/wiki/Lijst_van_musea_in_Zeeland,
9534be3e-ae53-5629-84e0-a16040576bad,wikipedia:Zeeland:blikmuseumdeblikvanger:renesse,Blikmuseum De Blikvanger,Renesse,Zeeland,,,NL,,,,unknown,draft,unreviewed,Provinciale lijst; adres en actuele status nog controleren.,https://nl.wikipedia.org/wiki/Lijst_van_musea_in_Zeeland,
a5c960f5-368e-5412-8acc-229b601314e9,museum-nl:industrieel-museum-zeeland,Industrieel Museum Zeeland,Sas Van Gent,Zeeland,Westkade 114,4551 LA,NL,https://www.industrieelmuseumzeeland.nl,51.231218,3.800809,unknown,draft,unreviewed,Bronvermelding is geen controle van actuele opening of toegankelijkheid.,https://www.museum.nl/nl/industrieel-museum-zeeland | https://nl.wikipedia.org/wiki/Lijst_van_musea_in_Zeeland,
f70d93c6-7f88-501d-88b9-548d132982dc,wikipedia:Zeeland:museumoudelectro:sasvangent,Museum Oud Electro,Sas van Gent,Zeeland,,,NL,,,,unknown,draft,unreviewed,Provinciale lijst; adres en actuele status nog controleren.,https://nl.wikipedia.org/wiki/Lijst_van_musea_in_Zeeland,
66640ee6-9147-5b4d-8cb8-8b73ad7a148d,wikipedia:Zeeland:hetoudebrandspuithuis:serooskerkewalcheren,Het oude Brandspuithuis,Serooskerke Walcheren,Zeeland,,,NL,,,,unknown,draft,unreviewed,Provinciale lijst; adres en actuele status nog controleren.,https://nl.wikipedia.org/wiki/Lijst_van_musea_in_Zeeland,
25bf307c-72b3-598d-b244-048d16c04c62,museum-nl:streekmuseum-de-meestoof,"Streekmuseum ""De Meestoof""",Sint-Annaland,Zeeland,Bierensstraat 6,4697 GE,NL,https://www.demeestoof.nl,51.600725,4.10084,unknown,draft,unreviewed,Bronvermelding is geen controle van actuele opening of toegankelijkheid.,https://www.museum.nl/nl/streekmuseum-de-meestoof | https://nl.wikipedia.org/wiki/Lijst_van_musea_in_Zeeland,streekgeschiedenis
555b691e-05fa-5ebe-8146-0ae809a21bf9,wikipedia:Zeeland:deoranjekamerhistorischmuseum:sintmaartensdijk,De Oranjekamer Historisch Museum,Sint-Maartensdijk,Zeeland,,,NL,,,,unknown,draft,unreviewed,Provinciale lijst; adres en actuele status nog controleren.,https://nl.wikipedia.org/wiki/Lijst_van_musea_in_Zeeland,geschiedenis
8a0d5cc2-1d27-5ff7-b61e-c75aee294742,wikipedia:Zeeland:belfortvansluis:sluis,Belfort van Sluis,Sluis,Zeeland,,,NL,,,,unknown,draft,unreviewed,Provinciale lijst; adres en actuele status nog controleren.,https://nl.wikipedia.org/wiki/Lijst_van_musea_in_Zeeland,
2acdfd19-9f3c-50ad-963e-13072ae824a4,wikipedia:Zeeland:bizarium:sluis,Bizarium,Sluis,Zeeland,,,NL,,,,unknown,draft,unreviewed,Provinciale lijst; adres en actuele status nog controleren.,https://nl.wikipedia.org/wiki/Lijst_van_musea_in_Zeeland,
afe3c643-0605-5533-9688-4b302802c8fd,museum-nl:museum-het-belfort,Museum Het Belfort,Sluis,Zeeland,Groote Markt 1,4524 CD,NL,https://www.belfortsluis.nl,51.30885,3.386201,unknown,draft,unreviewed,Bronvermelding is geen controle van actuele opening of toegankelijkheid. Provincie afgeleid uit plaatsnaam in provinciale lijst; controleren.,https://www.museum.nl/nl/museum-het-belfort,
94ce60e4-e274-5b7a-a6a9-67bcc695da82,wikipedia:Zeeland:museumsluiskil:sluiskil,Museum Sluiskil,Sluiskil,Zeeland,,,NL,,,,unknown,draft,unreviewed,Provinciale lijst; adres en actuele status nog controleren.,https://nl.wikipedia.org/wiki/Lijst_van_musea_in_Zeeland,
90d058e0-0403-51b9-90f3-5a427ae9ba49,wikipedia:Zeeland:museumschooltijd:terneuzen,Museum Schooltijd,Terneuzen,Zeeland,,,NL,,,,unknown,draft,unreviewed,Provinciale lijst; adres en actuele status nog controleren.,https://nl.wikipedia.org/wiki/Lijst_van_musea_in_Zeeland,
23f1cff8-19be-5fa3-acc7-5c8e21dd2253,wikipedia:Zeeland:museumdeschotsehuizen:veere,Museum De Schotse Huizen,Veere,Zeeland,,,NL,,,,unknown,draft,unreviewed,Provinciale lijst; adres en actuele status nog controleren.,https://nl.wikipedia.org/wiki/Lijst_van_musea_in_Zeeland,
50d1ff48-e0b6-51d1-b842-3e09312e5805,museum-nl:museum-veere,Museum Veere,Veere,Zeeland,Kaai 25-27,4351 AA,NL,https://www.museumveere.nl,51.549444,3.66803,unknown,draft,unreviewed,Bronvermelding is geen controle van actuele opening of toegankelijkheid.,https://www.museum.nl/nl/museum-veere | https://nl.wikipedia.org/wiki/Lijst_van_musea_in_Zeeland,
5fec3858-b4ba-5adf-81fe-4da78e7b4b2e,wikipedia:Zeeland:stadhuismuseumdevierschaar:veere,Stadhuismuseum De Vierschaar,Veere,Zeeland,,,NL,,,,unknown,draft,unreviewed,Provinciale lijst; adres en actuele status nog controleren.,https://nl.wikipedia.org/wiki/Lijst_van_musea_in_Zeeland,
366cdea7-1040-5746-97b8-b27539eb3548,wikipedia:Zeeland:hetarsenaal:vlissingen,Het Arsenaal,Vlissingen,Zeeland,,,NL,,,,unknown,draft,unreviewed,Provinciale lijst; adres en actuele status nog controleren.,https://nl.wikipedia.org/wiki/Lijst_van_musea_in_Zeeland,
0383928a-1435-595c-89e3-ce5779cbb7e8,wikipedia:Zeeland:kinderwagenmuseum:vlissingen,Kinderwagenmuseum,Vlissingen,Zeeland,,,NL,,,,unknown,draft,unreviewed,Provinciale lijst; adres en actuele status nog controleren.,https://nl.wikipedia.org/wiki/Lijst_van_musea_in_Zeeland,
d080e453-b967-561c-a9a1-635f8ac788c5,museum-nl:maritiem-muzeeum-zeeland,Maritiem Muzeeum Zeeland,Vlissingen,Zeeland,Nieuwendijk 11,4381 BV,NL,https://www.muzeeum.nl,51.441342,3.57541,unknown,draft,unreviewed,Bronvermelding is geen controle van actuele opening of toegankelijkheid. Provincie afgeleid uit plaatsnaam in provinciale lijst; controleren.,https://www.museum.nl/nl/maritiem-muzeeum-zeeland,maritiem
943b0520-f011-506c-9aa6-f94a8d09b9dd,wikipedia:Zeeland:museumscheldewerf:vlissingen,Museum Scheldewerf,Vlissingen,Zeeland,,,NL,,,,unknown,draft,unreviewed,Provinciale lijst; adres en actuele status nog controleren.,https://nl.wikipedia.org/wiki/Lijst_van_musea_in_Zeeland,
e6ea6756-4787-57cc-914d-0cdc632c3836,wikipedia:Zeeland:museumschipmercuur:vlissingen,Museumschip Mercuur,Vlissingen,Zeeland,,,NL,,,,unknown,draft,unreviewed,Provinciale lijst; adres en actuele status nog controleren.,https://nl.wikipedia.org/wiki/Lijst_van_musea_in_Zeeland,
a429aa0c-7446-5b60-b7fe-6561e704365d,wikipedia:Zeeland:panoramawalcheren:vlissingen,Panorama Walcheren,Vlissingen,Zeeland,,,NL,,,,unknown,draft,unreviewed,Provinciale lijst; adres en actuele status nog controleren.,https://nl.wikipedia.org/wiki/Lijst_van_musea_in_Zeeland,
85bbd25e-02d7-5da8-bda6-16bb3d2dd716,wikipedia:Zeeland:reptielenzooiguana:vlissingen,Reptielenzoo Iguana,Vlissingen,Zeeland,,,NL,,,,unknown,draft,unreviewed,Provinciale lijst; adres en actuele status nog controleren.,https://nl.wikipedia.org/wiki/Lijst_van_musea_in_Zeeland,
fddcdb03-2256-57d3-91b1-bcd9beebe90d,wikipedia:Zeeland:zeeuwsmaritiemmuzeeum:vlissingen,Zeeuws maritiem muZEEum,Vlissingen,Zeeland,,,NL,,,,unknown,draft,unreviewed,Provinciale lijst; adres en actuele status nog controleren.,https://nl.wikipedia.org/wiki/Lijst_van_musea_in_Zeeland,maritiem
1a14e935-46ec-51d8-aaf0-711f223e69d9,wikipedia:Zeeland:boerderijmuseumthofveldzicht:vrouwenpolder,Boerderijmuseum 't Hof Veldzicht,Vrouwenpolder,Zeeland,,,NL,,,,unknown,draft,unreviewed,Provinciale lijst; adres en actuele status nog controleren.,https://nl.wikipedia.org/wiki/Lijst_van_musea_in_Zeeland,
f77e6338-682e-5cc1-bdbe-85b74a4a644d,wikipedia:Zeeland:museumoudwestdorpe:westdorpe,Museum Oud Westdorpe,Westdorpe,Zeeland,,,NL,,,,unknown,draft,unreviewed,Provinciale lijst; adres en actuele status nog controleren.,https://nl.wikipedia.org/wiki/Lijst_van_musea_in_Zeeland,
342c873e-ebca-5615-87d9-37b15507bcb7,wikipedia:Zeeland:polderhuiswestkapelledijkenoorlogsmuseum:westkapelle,Polderhuis Westkapelle Dijk- en Oorlogsmuseum,Westkapelle,Zeeland,,,NL,,,,unknown,draft,unreviewed,Provinciale lijst; adres en actuele status nog controleren.,https://nl.wikipedia.org/wiki/Lijst_van_musea_in_Zeeland,geschiedenis
73b36b88-b6a2-50b1-af94-314079360dff,wikipedia:Zeeland:oosterscheldemuseum:yerseke,OosterscheldeMuseum,Yerseke,Zeeland,,,NL,,,,unknown,draft,unreviewed,Provinciale lijst; adres en actuele status nog controleren.,https://nl.wikipedia.org/wiki/Lijst_van_musea_in_Zeeland,
8a37274c-ae00-5937-b362-4ccb2d9e70c5,wikipedia:Zeeland:minoxmuseum:zaamslag,Minox Museum,Zaamslag,Zeeland,,,NL,,,,unknown,draft,unreviewed,Provinciale lijst; adres en actuele status nog controleren.,https://nl.wikipedia.org/wiki/Lijst_van_musea_in_Zeeland,
0d8d7c33-3bfa-5210-b988-644653f33bb3,wikipedia:Zeeland:schelpenmuseumzaamslag:zaamslag,Schelpenmuseum Zaamslag,Zaamslag,Zeeland,,,NL,,,,unknown,draft,unreviewed,Provinciale lijst; adres en actuele status nog controleren.,https://nl.wikipedia.org/wiki/Lijst_van_musea_in_Zeeland,
35827c25-9159-5880-9656-7217ffafbbb7,wikipedia:Zeeland:cameramuseum:zierikzee,Cameramuseum,Zierikzee,Zeeland,,,NL,,,,unknown,draft,unreviewed,Provinciale lijst; adres en actuele status nog controleren.,https://nl.wikipedia.org/wiki/Lijst_van_musea_in_Zeeland,
4a972202-2777-57be-b836-5a590bd28fcd,wikipedia:Zeeland:museumhavenzeeland:zierikzee,Museumhaven Zeeland,Zierikzee,Zeeland,,,NL,,,,unknown,draft,unreviewed,Provinciale lijst; adres en actuele status nog controleren.,https://nl.wikipedia.org/wiki/Lijst_van_musea_in_Zeeland,
949aca7f-e317-5d02-84ec-4ec33ab0176b,museum-nl:stadhuismuseum-zierikzee,Stadhuismuseum Zierikzee,Zierikzee,Zeeland,Meelstraat 6-8,4301 EC,NL,https://www.stadhuismuseum.nl/,51.650314,3.919139,unknown,draft,unreviewed,Bronvermelding is geen controle van actuele opening of toegankelijkheid.,https://www.museum.nl/nl/stadhuismuseum-zierikzee | https://nl.wikipedia.org/wiki/Lijst_van_musea_in_Zeeland,
5eed4098-afc8-5cd9-9c8e-382bfef4b3b6,wikipedia:Zeeland:bunkermuseumzoutelande:zoutelande,Bunkermuseum Zoutelande,Zoutelande,Zeeland,,,NL,,,,unknown,draft,unreviewed,Provinciale lijst; adres en actuele status nog controleren.,https://nl.wikipedia.org/wiki/Lijst_van_musea_in_Zeeland,
478b13e1-03a2-5670-88ec-29633e982fd4,museum-nl:haags-historisch-museum,Haags Historisch Museum,'s-Gravenhage,Zuid-Holland,Korte Vijverberg 7,2513 AB,NL,https://www.haagshistorischmuseum.nl,52.08123,4.313961,unknown,draft,unreviewed,Bronvermelding is geen controle van actuele opening of toegankelijkheid.,https://www.museum.nl/nl/haags-historisch-museum | https://nl.wikipedia.org/wiki/Lijst_van_musea_in_Zuid-Holland,geschiedenis
fad7bc8e-faf0-50b9-ae5c-da860b677f67,museum-nl:nest,NEST,'s-Gravenhage,Zuid-Holland,De Constant Rebecqueplein 20B,2518 RA,NL,https://www.nestruimte.nl,52.07642,4.291495,unknown,draft,unreviewed,Bronvermelding is geen controle van actuele opening of toegankelijkheid. Provincie afgeleid uit plaatsnaam in provinciale lijst; controleren.,https://www.museum.nl/nl/nest,
65d8b256-8a18-539d-9108-e66ce17e8758,museum-nl:west-den-haag,West Den Haag,'s-Gravenhage,Zuid-Holland,Lange Voorhout 102,2514 EJ,NL,https://www.westdenhaag.nl,52.082568,4.315028,unknown,draft,unreviewed,Bronvermelding is geen controle van actuele opening of toegankelijkheid. Provincie afgeleid uit plaatsnaam in provinciale lijst; controleren.,https://www.museum.nl/nl/west-den-haag,
60fba280-18bf-57b9-a409-a83cda766b91,wikipedia:Zuid-Holland:archeon:alphenaandenrijn,Archeon,Alphen aan den Rijn,Zuid-Holland,,,NL,,,,unknown,draft,unreviewed,Provinciale lijst; adres en actuele status nog controleren.,https://nl.wikipedia.org/wiki/Lijst_van_musea_in_Zuid-Holland,
a47f494b-372b-533c-9981-d8d55d07c967,wikipedia:Zuid-Holland:museumhoevemolenaar:berkelenrodenrijs,Museumhoeve Molenaar,Berkel en Rodenrijs,Zuid-Holland,,,NL,,,,unknown,draft,unreviewed,Provinciale lijst; adres en actuele status nog controleren.,https://nl.wikipedia.org/wiki/Lijst_van_musea_in_Zuid-Holland,
3e099cc6-ccc0-5551-abcd-54f00d8f0bf8,wikipedia:Zuid-Holland:historischmuseumbleiswijk:bleiswijk,Historisch Museum Bleiswijk,Bleiswijk,Zuid-Holland,,,NL,,,,unknown,draft,unreviewed,Provinciale lijst; adres en actuele status nog controleren.,https://nl.wikipedia.org/wiki/Lijst_van_musea_in_Zuid-Holland,geschiedenis
8671f597-c6c0-522a-a201-f2909c0bdaf5,wikipedia:Zuid-Holland:historischmuseumhetvoorhuis:bleskensgraaf,Historisch Museum Het Voorhuis,Bleskensgraaf,Zuid-Holland,,,NL,,,,unknown,draft,unreviewed,Provinciale lijst; adres en actuele status nog controleren.,https://nl.wikipedia.org/wiki/Lijst_van_musea_in_Zuid-Holland,geschiedenis
9ff8ca1e-62b6-5f58-b6e0-154bf29bcf39,wikipedia:Zuid-Holland:kaasmuseumbodegraven:bodegraven,Kaasmuseum Bodegraven,Bodegraven,Zuid-Holland,,,NL,,,,unknown,draft,unreviewed,Provinciale lijst; adres en actuele status nog controleren.,https://nl.wikipedia.org/wiki/Lijst_van_musea_in_Zuid-Holland,
d3f576e8-1cfa-5b34-99c6-ce52a183fee9,museum-nl:boomkwekerijmuseum,Boomkwekerijmuseum,Boskoop,Zuid-Holland,Reijerskoop 52-54,2771 BR,NL,https://www.boomkwekerijmuseum.nl,52.074286,4.669177,unknown,draft,unreviewed,Bronvermelding is geen controle van actuele opening of toegankelijkheid.,https://www.museum.nl/nl/boomkwekerijmuseum | https://nl.wikipedia.org/wiki/Lijst_van_musea_in_Zuid-Holland,
090855e9-3018-588a-b36b-64af8de3c346,museum-nl:historisch-museum-den-briel,Historisch Museum Den Briel,Brielle,Zuid-Holland,Markt 1,3231 AH,NL,https://www.historischmuseumdenbriel.nl,51.902255,4.164558,unknown,draft,unreviewed,Bronvermelding is geen controle van actuele opening of toegankelijkheid.,https://www.museum.nl/nl/historisch-museum-den-briel | https://nl.wikipedia.org/wiki/Lijst_van_musea_in_Zuid-Holland,geschiedenis
1ec1c811-9349-5bf0-a727-78ce473c1958,wikipedia:Zuid-Holland:diefenduifhuisje:capelleaandenijssel,Dief- en Duifhuisje,Capelle aan den IJssel,Zuid-Holland,,,NL,,,,unknown,draft,unreviewed,Provinciale lijst; adres en actuele status nog controleren.,https://nl.wikipedia.org/wiki/Lijst_van_musea_in_Zuid-Holland,
6c31bb3c-ef34-5d15-a9f8-3f7eb3c55b29,wikipedia:Zuid-Holland:historischmuseumcapelle:capelleaandenijssel,Historisch Museum Capelle,Capelle aan den IJssel,Zuid-Holland,,,NL,,,,unknown,draft,unreviewed,Provinciale lijst; adres en actuele status nog controleren.,https://nl.wikipedia.org/wiki/Lijst_van_musea_in_Zuid-Holland,geschiedenis
b5d940ce-fb34-5ead-8198-8e848fb89f65,wikipedia:Zuid-Holland:museumdetimmerwerf:delier,Museum De Timmerwerf,De Lier,Zuid-Holland,,,NL,,,,unknown,draft,unreviewed,Provinciale lijst; adres en actuele status nog controleren.,https://nl.wikipedia.org/wiki/Lijst_van_musea_in_Zuid-Holland,
410ff921-052b-5543-ac96-b9770e007b0a,wikipedia:Zuid-Holland:botanischetuintudelft:delft,Botanische Tuin TU Delft,Delft,Zuid-Holland,,,NL,,,,unknown,draft,unreviewed,Provinciale lijst; adres en actuele status nog controleren.,https://nl.wikipedia.org/wiki/Lijst_van_musea_in_Zuid-Holland,
330606b4-b46f-5f3a-8ac6-f5d06137d8de,wikipedia:Zuid-Holland:deporceleynefles:delft,De Porceleyne Fles,Delft,Zuid-Holland,,,NL,,,,unknown,draft,unreviewed,Provinciale lijst; adres en actuele status nog controleren.,https://nl.wikipedia.org/wiki/Lijst_van_musea_in_Zuid-Holland,
ac8cdd73-2e17-552a-a03c-74a879fdea5b,wikipedia:Zuid-Holland:gereedschapmuseummensert:delft,Gereedschap Museum Mensert,Delft,Zuid-Holland,,,NL,,,,unknown,draft,unreviewed,Provinciale lijst; adres en actuele status nog controleren.,https://nl.wikipedia.org/wiki/Lijst_van_musea_in_Zuid-Holland,
00fa5c33-6464-5c29-b1e8-4c3433137350,wikipedia:Zuid-Holland:legermuseumdelft:delft,Legermuseum (Delft),Delft,Zuid-Holland,,,NL,,,,closed,draft,unreviewed,Mogelijk historisch/gesloten. Provinciale lijst; adres en actuele status nog controleren.,https://nl.wikipedia.org/wiki/Lijst_van_musea_in_Zuid-Holland,
f6f5dbc3-b1c0-56e9-b338-ba9a6f95fa87,wikipedia:Zuid-Holland:medischenfarmaceutischmuseumdegriffioen:delft,"Medisch en Farmaceutisch Museum ""De Griffioen""",Delft,Zuid-Holland,,,NL,,,,unknown,draft,unreviewed,Provinciale lijst; adres en actuele status nog controleren.,https://nl.wikipedia.org/wiki/Lijst_van_musea_in_Zuid-Holland,
c4ff91d1-c52b-5dff-b658-4b3b7fe6089d,wikipedia:Zuid-Holland:mineralogischgeologischmuseum:delft,Mineralogisch-Geologisch Museum,Delft,Zuid-Holland,,,NL,,,,unknown,draft,unreviewed,Provinciale lijst; adres en actuele status nog controleren.,https://nl.wikipedia.org/wiki/Lijst_van_musea_in_Zuid-Holland,
3f48ff07-9c15-5f27-8488-2d6639e6299e,wikipedia:Zuid-Holland:museumlambertvanmeerten:delft,Museum Lambert van Meerten,Delft,Zuid-Holland,,,NL,,,,unknown,draft,unreviewed,Provinciale lijst; adres en actuele status nog controleren.,https://nl.wikipedia.org/wiki/Lijst_van_musea_in_Zuid-Holland,
a7aaa7ce-5712-5be8-993b-cdad4f6d39a0,wikipedia:Zuid-Holland:museumnusantara:delft,Museum Nusantara,Delft,Zuid-Holland,,,NL,,,,closed,draft,unreviewed,Mogelijk historisch/gesloten. Provinciale lijst; adres en actuele status nog controleren.,https://nl.wikipedia.org/wiki/Lijst_van_musea_in_Zuid-Holland,
d4e52858-c159-598c-8acd-9a925ccbf031,museum-nl:museum-paul-tetar-van-elven,Museum Paul Tetar van Elven,Delft,Zuid-Holland,Koornmarkt 67,2611 EC,NL,http://tetar.nl/,52.009523,4.358782,unknown,draft,unreviewed,Bronvermelding is geen controle van actuele opening of toegankelijkheid.,https://www.museum.nl/nl/museum-paul-tetar-van-elven | https://nl.wikipedia.org/wiki/Lijst_van_musea_in_Zuid-Holland,
087b3436-17a7-5267-a11c-b5bcc00e8dfc,museum-nl:museum-prinsenhof-delft,Museum Prinsenhof Delft,Delft,Zuid-Holland,St. Agathaplein 1,2611 HR,NL,https://www.museumprinsenhofdelft.nl/,52.012144,4.354486,unknown,draft,unreviewed,Bronvermelding is geen controle van actuele opening of toegankelijkheid.,https://www.museum.nl/nl/museum-prinsenhof-delft | https://nl.wikipedia.org/wiki/Lijst_van_musea_in_Zuid-Holland,
175d1135-3fc2-5291-a7eb-22647004502c,wikipedia:Zuid-Holland:museumvanmarken:delft,Museum Van Marken,Delft,Zuid-Holland,,,NL,,,,unknown,draft,unreviewed,Provinciale lijst; adres en actuele status nog controleren.,https://nl.wikipedia.org/wiki/Lijst_van_musea_in_Zuid-Holland,
3afa43d7-49e0-5a7a-91d2-6c3292c69c02,museum-nl:radius,RADIUS,Delft,Zuid-Holland,Kalverbos 20,2611 XW,NL,https://www.radius-cca.org/nl,52.016905,4.351205,unknown,draft,unreviewed,Bronvermelding is geen controle van actuele opening of toegankelijkheid. Provincie afgeleid uit plaatsnaam in provinciale lijst; controleren.,https://www.museum.nl/nl/radius,
35e5e40b-4f64-55b3-b8ca-de87aa30f31a,museum-nl:royal-delft-museum,Royal Delft Museum,Delft,Zuid-Holland,Rotterdamseweg 196,2628 AR,NL,https://museum.royaldelft.com/,52.001268,4.367013,unknown,draft,unreviewed,Bronvermelding is geen controle van actuele opening of toegankelijkheid. Provincie afgeleid uit plaatsnaam in provinciale lijst; controleren.,https://www.museum.nl/nl/royal-delft-museum,
ed6ee50c-2942-530d-9880-e3a7952fdfdf,wikipedia:Zuid-Holland:sciencecentre:delft,Science Centre,Delft,Zuid-Holland,,,NL,,,,unknown,draft,unreviewed,Provinciale lijst; adres en actuele status nog controleren.,https://nl.wikipedia.org/wiki/Lijst_van_musea_in_Zuid-Holland,wetenschap
eb1f78b3-42b2-577b-9a48-c90111b398b1,museum-nl:tu-delft-hortus-botanicus,TU Delft Hortus Botanicus,Delft,Zuid-Holland,Poortlandplein 6,2628 BM,NL,https://www.tudelft.nl/hortus-botanicus/,52.007703,4.371033,unknown,draft,unreviewed,Bronvermelding is geen controle van actuele opening of toegankelijkheid. Provincie afgeleid uit plaatsnaam in provinciale lijst; controleren.,https://www.museum.nl/nl/tu-delft-hortus-botanicus,
d719d1ee-5221-51b9-802b-38ee465a1ece,museum-nl:tu-delft-science-centre,TU Delft Science Centre,Delft,Zuid-Holland,Van der Burghweg 1Gebouw 26,2628 CS,NL,https://www.tudelft.nl/sciencecentre/,51.997609,4.378557,unknown,draft,unreviewed,Bronvermelding is geen controle van actuele opening of toegankelijkheid. Provincie afgeleid uit plaatsnaam in provinciale lijst; controleren.,https://www.museum.nl/nl/tu-delft-science-centre,wetenschap
1c6da7d8-633b-5ca6-908c-494248ccfe2d,wikipedia:Zuid-Holland:tabakshistorischmuseum:delft,Tabakshistorisch Museum,Delft,Zuid-Holland,,,NL,,,,unknown,draft,unreviewed,Provinciale lijst; adres en actuele status nog controleren.,https://nl.wikipedia.org/wiki/Lijst_van_musea_in_Zuid-Holland,geschiedenis
aa92a112-916f-54a7-8bce-bdb310a39db0,wikipedia:Zuid-Holland:vermeercentrum:delft,Vermeercentrum,Delft,Zuid-Holland,,,NL,,,,unknown,draft,unreviewed,Provinciale lijst; adres en actuele status nog controleren.,https://nl.wikipedia.org/wiki/Lijst_van_musea_in_Zuid-Holland,kunst
16ea7349-16f9-5f69-b273-914930a5e2a7,museum-nl:1646-experimental-art-space,1646 Experimental Art Space,Den Haag,Zuid-Holland,Boekhorststraat 125,2512 CN,NL,https://1646.nl/nl/,52.072799,4.31061,unknown,draft,unreviewed,Bronvermelding is geen controle van actuele opening of toegankelijkheid. Provincie afgeleid uit plaatsnaam in provinciale lijst; controleren.,https://www.museum.nl/nl/1646-experimental-art-space,
4600f741-6071-5de9-ad60-453b6442b88b,wikipedia:Zuid-Holland:beeldenaanzee:denhaag,Beelden aan Zee,Den Haag,Zuid-Holland,,,NL,,,,unknown,draft,unreviewed,Provinciale lijst; adres en actuele status nog controleren.,https://nl.wikipedia.org/wiki/Lijst_van_musea_in_Zuid-Holland,beeldhouwkunst
db7c4ba8-5265-5420-bb1a-da63b3b2a7e3,wikipedia:Zuid-Holland:bunkermuseumdenhaag:denhaag,Bunker Museum Den Haag,Den Haag,Zuid-Holland,,,NL,,,,unknown,draft,unreviewed,Provinciale lijst; adres en actuele status nog controleren.,https://nl.wikipedia.org/wiki/Lijst_van_musea_in_Zuid-Holland,
14e73814-2d29-5368-be44-2252dc1fcf6d,museum-nl:de-mesdag-collectie,De Mesdag Collectie,Den Haag,Zuid-Holland,Laan van Meerdervoort 7f,2517 AB,NL,https://www.demesdagcollectie.nl,52.08599,4.298126,unknown,draft,unreviewed,Bronvermelding is geen controle van actuele opening of toegankelijkheid.,https://www.museum.nl/nl/de-mesdag-collectie | https://nl.wikipedia.org/wiki/Lijst_van_musea_in_Zuid-Holland,
bc076b1b-963a-5ab5-8429-fea490835ac5,wikipedia:Zuid-Holland:escherinhetpaleis:denhaag,Escher in Het Paleis,Den Haag,Zuid-Holland,,,NL,,,,unknown,draft,unreviewed,Provinciale lijst; adres en actuele status nog controleren.,https://nl.wikipedia.org/wiki/Lijst_van_musea_in_Zuid-Holland,
4e9c7be8-3423-5969-9bbe-2fa087de7dea,museum-nl:fotomuseum-den-haag,Fotomuseum Den Haag,Den Haag,Zuid-Holland,Stadhouderslaan 43,2517 HV,NL,https://www.fotomuseumdenhaag.nl,52.089202,4.279849,unknown,draft,unreviewed,Bronvermelding is geen controle van actuele opening of toegankelijkheid.,https://www.museum.nl/nl/fotomuseum-den-haag | https://nl.wikipedia.org/wiki/Lijst_van_musea_in_Zuid-Holland,fotografie
c94f7d64-cee0-5e3e-ac58-5967dc5772cf,museum-nl:galerij-prins-willem-v,Galerij Prins Willem V,Den Haag,Zuid-Holland,Buitenhof 33,2513 AH,NL,https://www.mauritshuis.nl,52.079596,4.310279,unknown,draft,unreviewed,Bronvermelding is geen controle van actuele opening of toegankelijkheid. Provincie afgeleid uit plaatsnaam in provinciale lijst; controleren.,https://www.museum.nl/nl/galerij-prins-willem-v,
056f6491-647d-5050-ad19-d9a5be678590,wikipedia:Zuid-Holland:gevangenpoort:denhaag,Gevangenpoort,Den Haag,Zuid-Holland,,,NL,,,,unknown,draft,unreviewed,Provinciale lijst; adres en actuele status nog controleren.,https://nl.wikipedia.org/wiki/Lijst_van_musea_in_Zuid-Holland,
90906004-8b3d-56f9-a497-c0e94c0a6a7b,wikipedia:Zuid-Holland:haagsopenbaarvervoermuseum:denhaag,Haags Openbaar Vervoer Museum,Den Haag,Zuid-Holland,,,NL,,,,unknown,draft,unreviewed,Provinciale lijst; adres en actuele status nog controleren.,https://nl.wikipedia.org/wiki/Lijst_van_musea_in_Zuid-Holland,
7dbb40d3-0599-5d82-8745-62fd1f951673,wikipedia:Zuid-Holland:hetvankinderenmuseum:denhaag,Het van Kinderen Museum,Den Haag,Zuid-Holland,,,NL,,,,unknown,draft,unreviewed,Provinciale lijst; adres en actuele status nog controleren.,https://nl.wikipedia.org/wiki/Lijst_van_musea_in_Zuid-Holland,
33ccdfb1-67fc-518c-946a-ab1feab324aa,wikipedia:Zuid-Holland:humanityhouse:denhaag,Humanity House,Den Haag,Zuid-Holland,,,NL,,,,unknown,draft,unreviewed,Provinciale lijst; adres en actuele status nog controleren.,https://nl.wikipedia.org/wiki/Lijst_van_musea_in_Zuid-Holland,
869d1a6b-d326-52de-b77d-fce8f2f8fc30,wikipedia:Zuid-Holland:janvangoyenhuis:denhaag,Jan van Goyenhuis,Den Haag,Zuid-Holland,,,NL,,,,unknown,draft,unreviewed,Provinciale lijst; adres en actuele status nog controleren.,https://nl.wikipedia.org/wiki/Lijst_van_musea_in_Zuid-Holland,
c576230f-abaa-54b0-b98b-214cf3013e6b,museum-nl:km21,KM21,Den Haag,Zuid-Holland,Stadhouderslaan 43,2517 HV,NL,https://www.km21.nl/,52.089202,4.279849,unknown,draft,unreviewed,Bronvermelding is geen controle van actuele opening of toegankelijkheid.,https://www.museum.nl/nl/km21 | https://nl.wikipedia.org/wiki/Lijst_van_musea_in_Zuid-Holland,
7bef6faf-2392-5e74-b9a8-384c2129e5ee,wikipedia:Zuid-Holland:kinderboekenmuseum:denhaag,Kinderboekenmuseum,Den Haag,Zuid-Holland,,,NL,,,,unknown,draft,unreviewed,Provinciale lijst; adres en actuele status nog controleren.,https://nl.wikipedia.org/wiki/Lijst_van_musea_in_Zuid-Holland,
c3ab1b89-a248-5b8f-bf3e-031df0c33a18,museum-nl:kunstmuseum-den-haag,Kunstmuseum Den Haag,Den Haag,Zuid-Holland,Stadhouderslaan 41,2517 HV,NL,https://www.kunstmuseum.nl/nl,52.089202,4.279849,unknown,draft,unreviewed,Bronvermelding is geen controle van actuele opening of toegankelijkheid.,https://www.museum.nl/nl/kunstmuseum-den-haag | https://nl.wikipedia.org/wiki/Lijst_van_musea_in_Zuid-Holland,kunst
6d95f2a8-b072-59b0-abdb-83f49f72510a,wikipedia:Zuid-Holland:literatuurmuseum:denhaag,Literatuurmuseum,Den Haag,Zuid-Holland,,,NL,,,,unknown,draft,unreviewed,Provinciale lijst; adres en actuele status nog controleren.,https://nl.wikipedia.org/wiki/Lijst_van_musea_in_Zuid-Holland,
ebc8b9ed-19c9-5ecc-ad76-f9610ba6091d,museum-nl:literatuurmuseum-kinderboekenmuseum,Literatuurmuseum / Kinderboekenmuseum,Den Haag,Zuid-Holland,Prins Willem-Alexanderhof 5,2595 BE,NL,https://literatuurmuseum.nl/,52.081921,4.326984,unknown,draft,unreviewed,Bronvermelding is geen controle van actuele opening of toegankelijkheid. Provincie afgeleid uit plaatsnaam in provinciale lijst; controleren.,https://www.museum.nl/nl/literatuurmuseum-kinderboekenmuseum,
f567a460-4b94-51d9-84ed-6c9bd823636c,wikipedia:Zuid-Holland:loosduinsmuseumdekorenschuur:denhaag,Loosduins Museum De Korenschuur,Den Haag,Zuid-Holland,,,NL,,,,unknown,draft,unreviewed,Provinciale lijst; adres en actuele status nog controleren.,https://nl.wikipedia.org/wiki/Lijst_van_musea_in_Zuid-Holland,
7d9ca99e-5f02-522f-9520-09b9af8c5406,wikipedia:Zuid-Holland:louiscouperusmuseum:denhaag,Louis Couperus Museum,Den Haag,Zuid-Holland,,,NL,,,,unknown,draft,unreviewed,Provinciale lijst; adres en actuele status nog controleren.,https://nl.wikipedia.org/wiki/Lijst_van_musea_in_Zuid-Holland,
c5bec14b-dd6d-56fc-8f6b-b77dcb49fa14,museum-nl:louwman-museum,Louwman Museum,Den Haag,Zuid-Holland,Leidsestraatweg 57,2594 BB,NL,https://www.louwmanmuseum.nl,52.099615,4.348588,unknown,draft,unreviewed,Bronvermelding is geen controle van actuele opening of toegankelijkheid.,https://www.museum.nl/nl/louwman-museum | https://nl.wikipedia.org/wiki/Lijst_van_musea_in_Zuid-Holland,
558d084e-8241-5142-a083-4137b51973a6,museum-nl:mauritshuis,Mauritshuis,Den Haag,Zuid-Holland,Plein 29,2511 CS,NL,https://www.mauritshuis.nl,52.080345,4.314388,unknown,draft,unreviewed,Bronvermelding is geen controle van actuele opening of toegankelijkheid.,https://www.museum.nl/nl/mauritshuis | https://nl.wikipedia.org/wiki/Lijst_van_musea_in_Zuid-Holland,
cbf367fe-1d35-5ce3-b867-3761a20ebd83,wikipedia:Zuid-Holland:museon:denhaag,Museon,Den Haag,Zuid-Holland,,,NL,,,,unknown,draft,unreviewed,Provinciale lijst; adres en actuele status nog controleren.,https://nl.wikipedia.org/wiki/Lijst_van_musea_in_Zuid-Holland,
d1f5bf6b-9112-5b55-b558-2b1503abab6f,museum-nl:museon-omniversum,Museon-Omniversum,Den Haag,Zuid-Holland,Stadhouderslaan 37,2517 HV,NL,https://www.museon-omniversum.nl,52.089056,4.280719,unknown,draft,unreviewed,Bronvermelding is geen controle van actuele opening of toegankelijkheid. Provincie afgeleid uit plaatsnaam in provinciale lijst; controleren.,https://www.museum.nl/nl/museon-omniversum,
875f6c88-adca-5a0b-9982-741901899f2f,museum-nl:museum-beelden-aan-zee,Museum Beelden aan Zee,Den Haag,Zuid-Holland,Harteveltstraat 1,2586 EL,NL,https://www.beeldenaanzee.nl,52.110936,4.278401,unknown,draft,unreviewed,Bronvermelding is geen controle van actuele opening of toegankelijkheid. Provincie afgeleid uit plaatsnaam in provinciale lijst; controleren.,https://www.museum.nl/nl/museum-beelden-aan-zee,beeldhouwkunst
ecf42871-4733-5818-8ffe-ad8469b6bfa7,museum-nl:museum-bredius,Museum Bredius,Den Haag,Zuid-Holland,Lange Vijverberg 14,2513 AC,NL,https://www.museumbredius.nl,52.081245,4.312499,unknown,draft,unreviewed,Bronvermelding is geen controle van actuele opening of toegankelijkheid.,https://www.museum.nl/nl/museum-bredius | https://nl.wikipedia.org/wiki/Lijst_van_musea_in_Zuid-Holland,
e09c5136-1e80-5c8e-94ab-26e527b502d3,wikipedia:Zuid-Holland:museummaluku:denhaag,Museum Maluku,Den Haag,Zuid-Holland,,,NL,,,,unknown,draft,unreviewed,Provinciale lijst; adres en actuele status nog controleren.,https://nl.wikipedia.org/wiki/Lijst_van_musea_in_Zuid-Holland,
2b636223-6a80-594b-ba9a-7c02b38bcb64,wikipedia:Zuid-Holland:museummeermanno:denhaag,Museum Meermanno,Den Haag,Zuid-Holland,,,NL,,,,unknown,draft,unreviewed,Provinciale lijst; adres en actuele status nog controleren.,https://nl.wikipedia.org/wiki/Lijst_van_musea_in_Zuid-Holland,
51f162b9-5df8-58d9-b7c3-30d0eb7ac3f6,museum-nl:museum-panorama-mesdag,Museum Panorama Mesdag,Den Haag,Zuid-Holland,Zeestraat 65,2518 AA,NL,https://www.panorama-mesdag.nl,52.084794,4.303302,unknown,draft,unreviewed,Bronvermelding is geen controle van actuele opening of toegankelijkheid. Provincie afgeleid uit plaatsnaam in provinciale lijst; controleren.,https://www.museum.nl/nl/museum-panorama-mesdag,
153ed5b7-29af-564a-9db6-79423fe1a03c,museum-nl:museum-sophiahof,Museum Sophiahof,Den Haag,Zuid-Holland,Sophialaan 10,2514 JR,NL,https://www.museumsophiahof.nl,52.086873,4.306399,unknown,draft,unreviewed,Bronvermelding is geen controle van actuele opening of toegankelijkheid. Provincie afgeleid uit plaatsnaam in provinciale lijst; controleren.,https://www.museum.nl/nl/museum-sophiahof,
7f54afb6-7359-53e7-b387-724eb9791398,wikipedia:Zuid-Holland:museumwaalsdorp:denhaag,Museum Waalsdorp,Den Haag,Zuid-Holland,,,NL,,,,unknown,draft,unreviewed,Provinciale lijst; adres en actuele status nog controleren.,https://nl.wikipedia.org/wiki/Lijst_van_musea_in_Zuid-Holland,
2026c1e6-4930-5004-9eb6-79d02798d456,wikipedia:Zuid-Holland:museumvankleef:denhaag,Museum van Kleef,Den Haag,Zuid-Holland,,,NL,,,,unknown,draft,unreviewed,Provinciale lijst; adres en actuele status nog controleren.,https://nl.wikipedia.org/wiki/Lijst_van_musea_in_Zuid-Holland,
e9a122fb-1968-5d74-91a2-7279d3f611f2,wikipedia:Zuid-Holland:museumvanhetambacht:denhaag,Museum van het Ambacht,Den Haag,Zuid-Holland,,,NL,,,,unknown,draft,unreviewed,Provinciale lijst; adres en actuele status nog controleren.,https://nl.wikipedia.org/wiki/Lijst_van_musea_in_Zuid-Holland,
b38bb3e9-3c6f-5733-b3e5-5ab4aa1c380b,wikipedia:Zuid-Holland:museumvoorcommunicatie:denhaag,Museum voor Communicatie,Den Haag,Zuid-Holland,,,NL,,,,unknown,draft,unreviewed,Provinciale lijst; adres en actuele status nog controleren.,https://nl.wikipedia.org/wiki/Lijst_van_musea_in_Zuid-Holland,
a3b04bfc-b65f-57a4-9157-31c125b770c5,wikipedia:Zuid-Holland:muzeescheveningen:denhaag,Muzee Scheveningen,Den Haag,Zuid-Holland,,,NL,,,,unknown,draft,unreviewed,Provinciale lijst; adres en actuele status nog controleren.,https://nl.wikipedia.org/wiki/Lijst_van_musea_in_Zuid-Holland,
9b24c9ff-a310-5943-9441-fd42c7efcb4b,wikipedia:Zuid-Holland:muziekhistorischmuseumscheurleer:denhaag,Muziekhistorisch Museum Scheurleer,Den Haag,Zuid-Holland,,,NL,,,,unknown,draft,unreviewed,Provinciale lijst; adres en actuele status nog controleren.,https://nl.wikipedia.org/wiki/Lijst_van_musea_in_Zuid-Holland,geschiedenis
964771ac-5924-550d-b108-385b4d8ecfce,museum-nl:nationaal-archief,Nationaal Archief,Den Haag,Zuid-Holland,Prins Willem-Alexanderhof 20,2595 BE,NL,https://www.nationaalarchief.nl/,52.081161,4.326349,unknown,draft,unreviewed,Bronvermelding is geen controle van actuele opening of toegankelijkheid. Provincie afgeleid uit plaatsnaam in provinciale lijst; controleren.,https://www.museum.nl/nl/nationaal-archief,
bb43baea-b645-59fb-96d7-5820c49838e5,museum-nl:nationaal-monument-oranjehotel,Nationaal Monument Oranjehotel,Den Haag,Zuid-Holland,Van Alkemadelaan 1258,2597 BP,NL,https://www.oranjehotel.org,52.111253,4.300817,unknown,draft,unreviewed,Bronvermelding is geen controle van actuele opening of toegankelijkheid. Provincie afgeleid uit plaatsnaam in provinciale lijst; controleren.,https://www.museum.nl/nl/nationaal-monument-oranjehotel,
5cb55b67-b4dd-515e-93f6-8da8781007ad,wikipedia:Zuid-Holland:panoramamesdag:denhaag,Panorama Mesdag,Den Haag,Zuid-Holland,,,NL,,,,unknown,draft,unreviewed,Provinciale lijst; adres en actuele status nog controleren.,https://nl.wikipedia.org/wiki/Lijst_van_musea_in_Zuid-Holland,
39feeea7-b1a8-5a92-8431-336b1d032eec,museum-nl:rkd-nederlands-instituut-voor-kunstgeschiedenis,RKD – Nederlands Instituut voor Kunstgeschiedenis,Den Haag,Zuid-Holland,Prins Willem Alexanderhof 5,2595 BE,NL,https://www.rkd.nl,52.081921,4.326984,unknown,draft,unreviewed,Bronvermelding is geen controle van actuele opening of toegankelijkheid. Provincie afgeleid uit plaatsnaam in provinciale lijst; controleren.,https://www.museum.nl/nl/rkd-nederlands-instituut-voor-kunstgeschiedenis,kunst | geschiedenis
bcc05560-930f-5d72-a012-75843026e41d,museum-nl:rijksmuseum-meermanno,Rijksmuseum Meermanno,Den Haag,Zuid-Holland,Prinsessegracht 30,2514 AP,NL,https://www.huisvanhetboek.nl,52.085009,4.31574,unknown,draft,unreviewed,Bronvermelding is geen controle van actuele opening of toegankelijkheid. Provincie afgeleid uit plaatsnaam in provinciale lijst; controleren.,https://www.museum.nl/nl/rijksmuseum-meermanno,
7204bf89-0529-5bec-96ce-08aba2ddf9df,museum-nl:rijksmuseum-de-gevangenpoort,Rijksmuseum de Gevangenpoort,Den Haag,Zuid-Holland,Buitenhof 33,2513 AH,NL,https://www.gevangenpoort.nl,52.079596,4.310279,unknown,draft,unreviewed,Bronvermelding is geen controle van actuele opening of toegankelijkheid. Provincie afgeleid uit plaatsnaam in provinciale lijst; controleren.,https://www.museum.nl/nl/rijksmuseum-de-gevangenpoort,
e8de54b1-fad9-528d-91bb-a9e5e78c7bd2,wikipedia:Zuid-Holland:sarnamihuis:denhaag,Sarnámihuis,Den Haag,Zuid-Holland,,,NL,,,,unknown,draft,unreviewed,Provinciale lijst; adres en actuele status nog controleren.,https://nl.wikipedia.org/wiki/Lijst_van_musea_in_Zuid-Holland,
b6352f00-f157-55dd-ba2e-8ae41ac95803,wikipedia:Zuid-Holland:stedelijkmuseumypenburg:denhaag,Stedelijk Museum Ypenburg,Den Haag,Zuid-Holland,,,NL,,,,unknown,draft,unreviewed,Provinciale lijst; adres en actuele status nog controleren.,https://nl.wikipedia.org/wiki/Lijst_van_musea_in_Zuid-Holland,
64e4601b-ad33-547e-8158-efa8c285289c,museum-nl:vrijmetselarij-museum,Vrijmetselarij Museum,Den Haag,Zuid-Holland,Javastraat 2Berg,2585 AM,NL,https://www.vrijmetselarijmuseum.nl,52.087205,4.300847,unknown,draft,unreviewed,Bronvermelding is geen controle van actuele opening of toegankelijkheid. Provincie afgeleid uit plaatsnaam in provinciale lijst; controleren.,https://www.museum.nl/nl/vrijmetselarij-museum,
ded2c90f-0aab-568c-8ba9-7ca3ede461bf,wikipedia:Zuid-Holland:yijunpeacemuseum:denhaag,Yi Jun Peace Museum,Den Haag,Zuid-Holland,,,NL,,,,unknown,draft,unreviewed,Provinciale lijst; adres en actuele status nog controleren.,https://nl.wikipedia.org/wiki/Lijst_van_musea_in_Zuid-Holland,
0105325a-de00-5c59-84d5-48631baf963e,wikipedia:Zuid-Holland:boekdrukmuseum:dordrecht,Boekdruk Museum,Dordrecht,Zuid-Holland,,,NL,,,,unknown,draft,unreviewed,Provinciale lijst; adres en actuele status nog controleren.,https://nl.wikipedia.org/wiki/Lijst_van_musea_in_Zuid-Holland,
b2463c1b-ea3f-5ac3-bce4-90dbe8eb067c,museum-nl:dordrechts-museum,Dordrechts Museum,Dordrecht,Zuid-Holland,Museumstraat 40,3311 XP,NL,https://www.dordrechtsmuseum.nl,51.814499,4.671739,unknown,draft,unreviewed,Bronvermelding is geen controle van actuele opening of toegankelijkheid.,https://www.museum.nl/nl/dordrechts-museum | https://nl.wikipedia.org/wiki/Lijst_van_musea_in_Zuid-Holland,
1649ac44-247d-593c-a954-70982e9cb1c1,museum-nl:het-dordts-patriciershuis,Het Dordts Patriciërshuis,Dordrecht,Zuid-Holland,Wolwevershaven 9,3311 AV,NL,https://www.dordtspatriciershuis.nl,51.819028,4.667293,unknown,draft,unreviewed,Bronvermelding is geen controle van actuele opening of toegankelijkheid.,https://www.museum.nl/nl/het-dordts-patriciershuis | https://nl.wikipedia.org/wiki/Lijst_van_musea_in_Zuid-Holland,
16927f68-8826-5116-a100-a7b9f48e7d72,museum-nl:het-hof-van-nederland,Het Hof van Nederland,Dordrecht,Zuid-Holland,Hof 6,3311 XG,NL,https://www.hofvannederland.nl/,51.815636,4.670111,unknown,draft,unreviewed,Bronvermelding is geen controle van actuele opening of toegankelijkheid.,https://www.museum.nl/nl/het-hof-van-nederland | https://nl.wikipedia.org/wiki/Lijst_van_musea_in_Zuid-Holland,
42172b48-21fb-5ff4-81b9-e7df6ef3ef54,museum-nl:huis-van-gijn,Huis Van Gijn,Dordrecht,Zuid-Holland,Nieuwe Haven 29-30,3311 AP,NL,https://www.huisvangijn.nl,51.816305,4.663562,unknown,draft,unreviewed,Bronvermelding is geen controle van actuele opening of toegankelijkheid.,https://www.museum.nl/nl/huis-van-gijn | https://nl.wikipedia.org/wiki/Lijst_van_musea_in_Zuid-Holland,
abac5383-80d1-5efd-bd1b-672a716131b1,wikipedia:Zuid-Holland:museum19401945:dordrecht,Museum 1940 - 1945,Dordrecht,Zuid-Holland,,,NL,,,,unknown,draft,unreviewed,Provinciale lijst; adres en actuele status nog controleren.,https://nl.wikipedia.org/wiki/Lijst_van_musea_in_Zuid-Holland,
6d2f08cc-3058-5741-a6d6-83444a02897a,museum-nl:museum-1940-1945-dordrecht,Museum 1940-1945 Dordrecht,Dordrecht,Zuid-Holland,Nieuwe Haven 27-28,3311 AP,NL,https://museum19401945.nl,,,unknown,draft,unreviewed,Bronvermelding is geen controle van actuele opening of toegankelijkheid. Provincie afgeleid uit plaatsnaam in provinciale lijst; controleren.,https://www.museum.nl/nl/museum-1940-1945-dordrecht,
1f4c9ac3-d603-5a00-b683-120b55412411,wikipedia:Zuid-Holland:museumtwintighoeven:dordrecht,Museum Twintighoeven,Dordrecht,Zuid-Holland,,,NL,,,,unknown,draft,unreviewed,Provinciale lijst; adres en actuele status nog controleren.,https://nl.wikipedia.org/wiki/Lijst_van_musea_in_Zuid-Holland,
6bd56852-8413-5ee9-bc5b-4779aa3b5c6a,museum-nl:nationaal-onderwijsmuseum,Nationaal Onderwijsmuseum,Dordrecht,Zuid-Holland,Burgemeester de Raadtsingel  97,3311 JG,NL,https://www.onderwijsmuseum.nl,51.808567,4.66111,unknown,draft,unreviewed,Bronvermelding is geen controle van actuele opening of toegankelijkheid.,https://www.museum.nl/nl/nationaal-onderwijsmuseum | https://nl.wikipedia.org/wiki/Lijst_van_musea_in_Zuid-Holland,
0e979e3f-5725-5d99-a842-ec91f7ce5c39,wikipedia:Zuid-Holland:museumhetregthuys:giessenburg,Museum het Regthuys,Giessenburg,Zuid-Holland,,,NL,,,,unknown,draft,unreviewed,Provinciale lijst; adres en actuele status nog controleren.,https://nl.wikipedia.org/wiki/Lijst_van_musea_in_Zuid-Holland,
a5549d62-ef21-59e5-874a-a3bd7555b806,wikipedia:Zuid-Holland:torenmuseumgoedereede:goedereede,Torenmuseum Goedereede,Goedereede,Zuid-Holland,,,NL,,,,unknown,draft,unreviewed,Provinciale lijst; adres en actuele status nog controleren.,https://nl.wikipedia.org/wiki/Lijst_van_musea_in_Zuid-Holland,
c344234a-541f-52c4-8637-6425e7ceb449,museum-nl:gorcums-museum,Gorcums Museum,Gorinchem,Zuid-Holland,Grote Markt 17,4201 EB,NL,https://www.gorcumsmuseum.nl,51.829598,4.9744,unknown,draft,unreviewed,Bronvermelding is geen controle van actuele opening of toegankelijkheid.,https://www.museum.nl/nl/gorcums-museum | https://nl.wikipedia.org/wiki/Lijst_van_musea_in_Zuid-Holland,
9d7d7a5d-f4d2-586a-bca2-084926bca113,museum-nl:hendrick-hamel-museum,Hendrick Hamel Museum,Gorinchem,Zuid-Holland,Kortendijk 67,4201 KS,NL,https://www.hendrickhamelmuseum.nl,51.831485,4.976573,unknown,draft,unreviewed,Bronvermelding is geen controle van actuele opening of toegankelijkheid. Provincie afgeleid uit plaatsnaam in provinciale lijst; controleren.,https://www.museum.nl/nl/hendrick-hamel-museum,
1e1fe032-3dd1-5551-a221-2c627c33bca2,wikipedia:Zuid-Holland:groteofsintjanskerk:gouda,Grote of Sint-Janskerk,Gouda,Zuid-Holland,,,NL,,,,unknown,draft,unreviewed,Provinciale lijst; adres en actuele status nog controleren.,https://nl.wikipedia.org/wiki/Lijst_van_musea_in_Zuid-Holland,
3a584bb4-b51b-55df-8f92-f646d0372289,wikipedia:Zuid-Holland:libertum:gouda,Libertum,Gouda,Zuid-Holland,,,NL,,,,unknown,draft,unreviewed,Provinciale lijst; adres en actuele status nog controleren.,https://nl.wikipedia.org/wiki/Lijst_van_musea_in_Zuid-Holland,
edcef0f9-0aa9-5898-9e0c-dae509612b17,museum-nl:museum-gouda,Museum Gouda,Gouda,Zuid-Holland,Oosthaven 9,2801 PB,NL,https://www.museumgouda.nl,52.010027,4.711067,unknown,draft,unreviewed,Bronvermelding is geen controle van actuele opening of toegankelijkheid. Provinciale bron meldt gesloten; controleren.,https://www.museum.nl/nl/museum-gouda | https://nl.wikipedia.org/wiki/Lijst_van_musea_in_Zuid-Holland,
5bf7f8d1-d5b2-58c5-9668-d6a07a69f7df,wikipedia:Zuid-Holland:museumhavengouda:gouda,Museumhaven Gouda,Gouda,Zuid-Holland,,,NL,,,,unknown,draft,unreviewed,Provinciale lijst; adres en actuele status nog controleren.,https://nl.wikipedia.org/wiki/Lijst_van_musea_in_Zuid-Holland,
07e80219-855d-58b0-89e1-72c49b88ad3e,wikipedia:Zuid-Holland:nationaalfarmaceutischmuseum:gouda,Nationaal farmaceutisch museum,Gouda,Zuid-Holland,,,NL,,,,closed,draft,unreviewed,Mogelijk historisch/gesloten. Provinciale lijst; adres en actuele status nog controleren.,https://nl.wikipedia.org/wiki/Lijst_van_musea_in_Zuid-Holland,
6ed4593d-b8c6-51fc-a480-f3d003d3c5a8,museum-nl:sint-jan-gouda,Sint Jan Gouda,Gouda,Zuid-Holland,Achter de Kerk 2,2801 JW,NL,http://www.sintjan.com/,52.010871,4.710725,unknown,draft,unreviewed,Bronvermelding is geen controle van actuele opening of toegankelijkheid. Provincie afgeleid uit plaatsnaam in provinciale lijst; controleren.,https://www.museum.nl/nl/sint-jan-gouda,
45a1d65d-b9ed-5daf-98c3-3b754701308f,wikipedia:Zuid-Holland:museumbisdomvanvliet:haastrecht,Museum Bisdom van Vliet,Haastrecht,Zuid-Holland,,,NL,,,,unknown,draft,unreviewed,Provinciale lijst; adres en actuele status nog controleren.,https://nl.wikipedia.org/wiki/Lijst_van_musea_in_Zuid-Holland,
aa1a023d-2f7c-548a-8f49-c2b589d688ab,museum-nl:museum-paulina-bisdom-van-vliet,Museum Paulina Bisdom van Vliet,Haastrecht,Zuid-Holland,Hoogstraat 164-166,2851 BE,NL,https://www.bisdomvanvliet.nl,52.001267,4.771692,unknown,draft,unreviewed,Bronvermelding is geen controle van actuele opening of toegankelijkheid. Provincie afgeleid uit plaatsnaam in provinciale lijst; controleren.,https://www.museum.nl/nl/museum-paulina-bisdom-van-vliet,
64bc25d4-8231-5939-a527-ce7477c3c319,wikipedia:Zuid-Holland:dekoperenknop:hardinxveldgiessendam,De Koperen Knop,Hardinxveld-Giessendam,Zuid-Holland,,,NL,,,,unknown,draft,unreviewed,Provinciale lijst; adres en actuele status nog controleren.,https://nl.wikipedia.org/wiki/Lijst_van_musea_in_Zuid-Holland,
53c601b2-66a1-522f-ae56-706ea69d4c18,museum-nl:museum-de-koperen-knop,Museum De Koperen Knop,Hardinxveld-Giessendam,Zuid-Holland,Binnendams 6,3373 AD,NL,https://www.koperenknop.nl,51.832773,4.847093,unknown,draft,unreviewed,Bronvermelding is geen controle van actuele opening of toegankelijkheid. Provincie afgeleid uit plaatsnaam in provinciale lijst; controleren.,https://www.museum.nl/nl/museum-de-koperen-knop,
47fbfcde-8865-501e-a893-166df4dcc1ea,museum-nl:museum-hoeksche-waard,Museum Hoeksche Waard,Heinenoord,Zuid-Holland,Dorpsstraat 13,3274 BB,NL,https://www.museumhw.nl,51.825229,4.476925,unknown,draft,unreviewed,Bronvermelding is geen controle van actuele opening of toegankelijkheid.,https://www.museum.nl/nl/museum-hoeksche-waard | https://nl.wikipedia.org/wiki/Lijst_van_musea_in_Zuid-Holland,
14249cf4-00b5-50e5-b33c-fdefeedd8d72,museum-nl:brandweermuseum-hellevoetsluis,Brandweermuseum Hellevoetsluis,Hellevoetsluis,Zuid-Holland,Industriehaven 8,3221 AD,NL,https://www.brwmh.nl,51.824813,4.130098,unknown,draft,unreviewed,Bronvermelding is geen controle van actuele opening of toegankelijkheid. Provincie afgeleid uit plaatsnaam in provinciale lijst; controleren.,https://www.museum.nl/nl/brandweermuseum-hellevoetsluis,
51f5dc69-39c7-55b1-8731-076a5555c54d,wikipedia:Zuid-Holland:droogdokjanblanken:hellevoetsluis,Droogdok Jan Blanken,Hellevoetsluis,Zuid-Holland,,,NL,,,,unknown,draft,unreviewed,Provinciale lijst; adres en actuele status nog controleren.,https://nl.wikipedia.org/wiki/Lijst_van_musea_in_Zuid-Holland,
1517f92c-8ec0-51ef-9810-2d868544039f,museum-nl:fortresse-holland-openluchtmuseum-hellevoetsluis,Fortresse Holland Openluchtmuseum Hellevoetsluis,Hellevoetsluis,Zuid-Holland,Dokweg 5,3221 AE,NL,https://fortresseholland,51.828836,4.128196,unknown,draft,unreviewed,Bronvermelding is geen controle van actuele opening of toegankelijkheid. Provincie afgeleid uit plaatsnaam in provinciale lijst; controleren.,https://www.museum.nl/nl/fortresse-holland-openluchtmuseum-hellevoetsluis,openlucht
9325aad0-8022-571d-ab63-e858d51e2039,wikipedia:Zuid-Holland:historyland:hellevoetsluis,Historyland,Hellevoetsluis,Zuid-Holland,,,NL,,,,unknown,draft,unreviewed,Provinciale lijst; adres en actuele status nog controleren.,https://nl.wikipedia.org/wiki/Lijst_van_musea_in_Zuid-Holland,geschiedenis
3e25d07e-c224-530f-bff0-adf7645bb329,museum-nl:museum-ramtorenschip-buffel,Museum Ramtorenschip Buffel,Hellevoetsluis,Zuid-Holland,Koningskade 2,3221 AE,NL,https://debuffel.nl/,51.82856,4.13035,unknown,draft,unreviewed,Bronvermelding is geen controle van actuele opening of toegankelijkheid. Provincie afgeleid uit plaatsnaam in provinciale lijst; controleren.,https://www.museum.nl/nl/museum-ramtorenschip-buffel,
8ffe36d6-3400-5f36-a37a-de2ad7800d6a,wikipedia:Zuid-Holland:nationaalbrandweermuseum:hellevoetsluis,Nationaal Brandweermuseum,Hellevoetsluis,Zuid-Holland,,,NL,,,,unknown,draft,unreviewed,Provinciale lijst; adres en actuele status nog controleren.,https://nl.wikipedia.org/wiki/Lijst_van_musea_in_Zuid-Holland,
4b464fee-419e-55aa-ad08-fe26bc3f45f0,wikipedia:Zuid-Holland:denhartoghfordmuseum:hillegom,Den Hartogh Ford Museum,Hillegom,Zuid-Holland,,,NL,,,,closed,draft,unreviewed,Mogelijk historisch/gesloten. Provinciale lijst; adres en actuele status nog controleren.,https://nl.wikipedia.org/wiki/Lijst_van_musea_in_Zuid-Holland,
286273c0-806e-5d13-9f4b-6546951116e1,wikipedia:Zuid-Holland:atlantikwallmuseum:hoekvanholland,Atlantikwall-museum,Hoek van Holland,Zuid-Holland,,,NL,,,,unknown,draft,unreviewed,Provinciale lijst; adres en actuele status nog controleren.,https://nl.wikipedia.org/wiki/Lijst_van_musea_in_Zuid-Holland,
77f8a238-a423-5bab-87d0-3e5009666208,wikipedia:Zuid-Holland:maeslantkering:hoekvanholland,Maeslantkering,Hoek van Holland,Zuid-Holland,,,NL,,,,unknown,draft,unreviewed,Provinciale lijst; adres en actuele status nog controleren.,https://nl.wikipedia.org/wiki/Lijst_van_musea_in_Zuid-Holland,
7a838558-74c7-5234-a52b-64b41db7a66c,wikipedia:Zuid-Holland:museumrockart:hoekvanholland,Museum RockArt,Hoek van Holland,Zuid-Holland,,,NL,,,,unknown,draft,unreviewed,Provinciale lijst; adres en actuele status nog controleren.,https://nl.wikipedia.org/wiki/Lijst_van_musea_in_Zuid-Holland,
8639c9e8-e644-50e1-bb41-192c9f83d4de,wikipedia:Zuid-Holland:nederlandskustverlichtingsmuseum:hoekvanholland,Nederlands Kustverlichtingsmuseum,Hoek van Holland,Zuid-Holland,,,NL,,,,unknown,draft,unreviewed,Provinciale lijst; adres en actuele status nog controleren.,https://nl.wikipedia.org/wiki/Lijst_van_musea_in_Zuid-Holland,
41755630-a4da-595c-9d48-74794501d363,wikipedia:Zuid-Holland:reddingsmuseumjanlels:hoekvanholland,Reddingsmuseum Jan Lels,Hoek van Holland,Zuid-Holland,,,NL,,,,unknown,draft,unreviewed,Provinciale lijst; adres en actuele status nog controleren.,https://nl.wikipedia.org/wiki/Lijst_van_musea_in_Zuid-Holland,
fea07da8-831b-5115-8772-df31bf021b94,museum-nl:westlands-museum,Westlands Museum,Honselersdijk,Zuid-Holland,Middel Broekweg 154,2675 KL,NL,https://www.westlandsmuseum.nl,52.009153,4.246301,unknown,draft,unreviewed,Bronvermelding is geen controle van actuele opening of toegankelijkheid.,https://www.museum.nl/nl/westlands-museum | https://nl.wikipedia.org/wiki/Lijst_van_musea_in_Zuid-Holland,
130361b3-5b09-58c1-b59b-0dff6358dc18,wikipedia:Zuid-Holland:westlandsschaatsmuseum:honselersdijk,Westlands Schaatsmuseum,Honselersdijk,Zuid-Holland,,,NL,,,,unknown,draft,unreviewed,Provinciale lijst; adres en actuele status nog controleren.,https://nl.wikipedia.org/wiki/Lijst_van_musea_in_Zuid-Holland,
c381e133-e892-5e84-8b5d-e4adabfcfc44,wikipedia:Zuid-Holland:katwijksmuseum:katwijk,Katwijks Museum,Katwijk,Zuid-Holland,,,NL,,,,unknown,draft,unreviewed,Provinciale lijst; adres en actuele status nog controleren.,https://nl.wikipedia.org/wiki/Lijst_van_musea_in_Zuid-Holland,
3a7750ff-0b7b-534b-87e1-d5923dbededa,wikipedia:Zuid-Holland:speldjesmuseumpinartgallery:klaaswaal,Speldjesmuseum Pin Art Gallery,Klaaswaal,Zuid-Holland,,,NL,,,,unknown,draft,unreviewed,Provinciale lijst; adres en actuele status nog controleren.,https://nl.wikipedia.org/wiki/Lijst_van_musea_in_Zuid-Holland,
ec3d693a-d9e9-5ad4-aab5-57cca33e8bca,wikipedia:Zuid-Holland:streekmuseumkrimpenerwaard:krimpenaandenijssel,Streekmuseum Krimpenerwaard,Krimpen aan den IJssel,Zuid-Holland,,,NL,,,,unknown,draft,unreviewed,Provinciale lijst; adres en actuele status nog controleren.,https://nl.wikipedia.org/wiki/Lijst_van_musea_in_Zuid-Holland,streekgeschiedenis
9c0b77fe-82dc-53dd-91a0-e2239ec9446a,wikipedia:Zuid-Holland:academischhistorischmuseum:leiden,Academisch Historisch Museum,Leiden,Zuid-Holland,,,NL,,,,unknown,draft,unreviewed,Provinciale lijst; adres en actuele status nog controleren.,https://nl.wikipedia.org/wiki/Lijst_van_musea_in_Zuid-Holland,geschiedenis
171eb484-2c03-508d-9fbb-a9613de6c2c9,wikipedia:Zuid-Holland:anatomischmuseumleiden:leiden,Anatomisch Museum Leiden,Leiden,Zuid-Holland,,,NL,,,,unknown,draft,unreviewed,Provinciale lijst; adres en actuele status nog controleren.,https://nl.wikipedia.org/wiki/Lijst_van_musea_in_Zuid-Holland,
db3ae062-8bd1-5733-973c-bf4c9992104b,wikipedia:Zuid-Holland:buurtmuseumleidennoord:leiden,BuurtmuseumLeidenNoord,Leiden,Zuid-Holland,,,NL,,,,unknown,draft,unreviewed,Provinciale lijst; adres en actuele status nog controleren.,https://nl.wikipedia.org/wiki/Lijst_van_musea_in_Zuid-Holland,
67b71837-fff2-5b13-8e34-f32fe8ab6f2a,wikipedia:Zuid-Holland:hortusbotanicus:leiden,Hortus botanicus,Leiden,Zuid-Holland,,,NL,,,,unknown,draft,unreviewed,Provinciale lijst; adres en actuele status nog controleren.,https://nl.wikipedia.org/wiki/Lijst_van_musea_in_Zuid-Holland,
53ba7208-5455-55a8-86f8-fb02cf778abd,museum-nl:hortus-botanicus-leiden,Hortus botanicus Leiden,Leiden,Zuid-Holland,Rapenburg 73,2311 GJ,NL,https://www.hortusleiden.nl,52.156933,4.485589,unknown,draft,unreviewed,Bronvermelding is geen controle van actuele opening of toegankelijkheid. Provincie afgeleid uit plaatsnaam in provinciale lijst; controleren.,https://www.museum.nl/nl/hortus-botanicus-leiden,
13d786ee-7180-5e3f-ac5f-3aa0961316ad,museum-nl:japanmuseum-sieboldhuis,Japanmuseum SieboldHuis,Leiden,Zuid-Holland,Rapenburg 19,2311 GE,NL,https://www.sieboldhuis.org,52.159641,4.484616,unknown,draft,unreviewed,Bronvermelding is geen controle van actuele opening of toegankelijkheid.,https://www.museum.nl/nl/japanmuseum-sieboldhuis | https://nl.wikipedia.org/wiki/Lijst_van_musea_in_Zuid-Holland,
9ae80ee7-435f-5c4a-95b9-df0ae3e40bb8,wikipedia:Zuid-Holland:leidenamericanpilgrimmuseum:leiden,Leiden American Pilgrim Museum,Leiden,Zuid-Holland,,,NL,,,,unknown,draft,unreviewed,Provinciale lijst; adres en actuele status nog controleren.,https://nl.wikipedia.org/wiki/Lijst_van_musea_in_Zuid-Holland,
71a8f62e-ed7e-56ba-b6d2-2d7ac864c62e,wikipedia:Zuid-Holland:leidsesterrewacht:leiden,Leidse Sterrewacht,Leiden,Zuid-Holland,,,NL,,,,unknown,draft,unreviewed,Provinciale lijst; adres en actuele status nog controleren.,https://nl.wikipedia.org/wiki/Lijst_van_musea_in_Zuid-Holland,
a21a0450-e32e-5bb9-ab3a-3107354a60a0,museum-nl:molenmuseum-de-valk,Molenmuseum De Valk,Leiden,Zuid-Holland,Molenwerf 1,2312 CH,NL,https://www.molenmuseumdevalk.nl,52.164557,4.486334,unknown,draft,unreviewed,Bronvermelding is geen controle van actuele opening of toegankelijkheid.,https://www.museum.nl/nl/molenmuseum-de-valk | https://nl.wikipedia.org/wiki/Lijst_van_musea_in_Zuid-Holland,
a97d768c-f01d-5b2e-8563-7769ab0342ed,museum-nl:museum-de-lakenhal,Museum De Lakenhal,Leiden,Zuid-Holland,Oude Singel 32,2312 RA,NL,https://www.lakenhal.nl,52.162951,4.487419,unknown,draft,unreviewed,Bronvermelding is geen controle van actuele opening of toegankelijkheid.,https://www.museum.nl/nl/museum-de-lakenhal | https://nl.wikipedia.org/wiki/Lijst_van_musea_in_Zuid-Holland,
27ecad5a-5754-5db8-89d7-10b2e3bbe251,wikipedia:Zuid-Holland:museumhetleidswevershuis:leiden,Museum Het Leids Wevershuis,Leiden,Zuid-Holland,,,NL,,,,unknown,draft,unreviewed,Provinciale lijst; adres en actuele status nog controleren.,https://nl.wikipedia.org/wiki/Lijst_van_musea_in_Zuid-Holland,
c0966944-a022-56d5-9df3-ef2720087b3b,wikipedia:Zuid-Holland:nationaalambulanceeneerstehulpmuseum:leiden,Nationaal Ambulance- en Eerste Hulpmuseum,Leiden,Zuid-Holland,,,NL,,,,unknown,draft,unreviewed,Provinciale lijst; adres en actuele status nog controleren.,https://nl.wikipedia.org/wiki/Lijst_van_musea_in_Zuid-Holland,
c8baa766-e86e-57ae-aaea-734bfb84c887,museum-nl:naturalis,Naturalis,Leiden,Zuid-Holland,Darwinweg 2,2333 CR,NL,https://www.naturalis.nl,52.164899,4.473367,unknown,draft,unreviewed,Bronvermelding is geen controle van actuele opening of toegankelijkheid. Provincie afgeleid uit plaatsnaam in provinciale lijst; controleren.,https://www.museum.nl/nl/naturalis,natuur
f5c57738-5fca-500e-8702-373a634c45d9,wikipedia:Zuid-Holland:naturalisbiodiversitycenter:leiden,Naturalis Biodiversity Center,Leiden,Zuid-Holland,,,NL,,,,unknown,draft,unreviewed,Provinciale lijst; adres en actuele status nog controleren.,https://nl.wikipedia.org/wiki/Lijst_van_musea_in_Zuid-Holland,natuur
7cbddc90-066d-5b4d-92bf-7539208a52cb,museum-nl:rijksmuseum-boerhaave,Rijksmuseum Boerhaave,Leiden,Zuid-Holland,Lange St. Agnietenstraat 10,2312 WC,NL,https://www.rijksmuseumboerhaave.nl,52.161342,4.489178,unknown,draft,unreviewed,Bronvermelding is geen controle van actuele opening of toegankelijkheid.,https://www.museum.nl/nl/rijksmuseum-boerhaave | https://nl.wikipedia.org/wiki/Lijst_van_musea_in_Zuid-Holland,
b5b6860d-d7da-57aa-869a-6f694c57cdb1,museum-nl:rijksmuseum-van-oudheden,Rijksmuseum van Oudheden,Leiden,Zuid-Holland,Rapenburg 28,2311 EW,NL,https://www.rmo.nl,52.158545,4.485519,unknown,draft,unreviewed,Bronvermelding is geen controle van actuele opening of toegankelijkheid.,https://www.museum.nl/nl/rijksmuseum-van-oudheden | https://nl.wikipedia.org/wiki/Lijst_van_musea_in_Zuid-Holland,
84d9b43d-8001-5e22-9422-643010cee1c7,wikipedia:Zuid-Holland:textileresearchcentre:leiden,Textile Research Centre,Leiden,Zuid-Holland,,,NL,,,,unknown,draft,unreviewed,Provinciale lijst; adres en actuele status nog controleren.,https://nl.wikipedia.org/wiki/Lijst_van_musea_in_Zuid-Holland,
020e3ffd-ffbc-5f1f-8ab8-2fdda151ac8b,museum-nl:wereldmuseum-leiden,Wereldmuseum Leiden,Leiden,Zuid-Holland,Steenstraat 1,2312 BS,NL,https://leiden.wereldmuseum.nl,52.163413,4.4825,unknown,draft,unreviewed,Bronvermelding is geen controle van actuele opening of toegankelijkheid.,https://www.museum.nl/nl/wereldmuseum-leiden | https://nl.wikipedia.org/wiki/Lijst_van_musea_in_Zuid-Holland,
5eaaece1-abea-5e0a-85bf-48897642b5be,wikipedia:Zuid-Holland:leiderdorpsmuseum:leiderdorp,Leiderdorps Museum,Leiderdorp,Zuid-Holland,,,NL,,,,unknown,draft,unreviewed,Provinciale lijst; adres en actuele status nog controleren.,https://nl.wikipedia.org/wiki/Lijst_van_musea_in_Zuid-Holland,
57c539ad-a05f-552a-b592-6ffd71d5b1ad,wikipedia:Zuid-Holland:sparmuseum:leiderdorp,SPAR-museum,Leiderdorp,Zuid-Holland,,,NL,,,,unknown,draft,unreviewed,Provinciale lijst; adres en actuele status nog controleren.,https://nl.wikipedia.org/wiki/Lijst_van_musea_in_Zuid-Holland,
1b698748-103a-588e-85b8-c55079e0a14c,museum-nl:kasteel-keukenhof,Kasteel Keukenhof,Lisse,Zuid-Holland,Keukenhof 1,2161 AN,NL,https://www.kasteelkeukenhof.nl,52.267757,4.540139,unknown,draft,unreviewed,Bronvermelding is geen controle van actuele opening of toegankelijkheid.,https://www.museum.nl/nl/kasteel-keukenhof | https://nl.wikipedia.org/wiki/Lijst_van_musea_in_Zuid-Holland,
631f08f6-48a8-5e5f-bf13-7e9ad1312172,wikipedia:Zuid-Holland:lisserartmuseum:lisse,Lisser Art Museum,Lisse,Zuid-Holland,,,NL,,,,unknown,draft,unreviewed,Provinciale lijst; adres en actuele status nog controleren.,https://nl.wikipedia.org/wiki/Lijst_van_musea_in_Zuid-Holland,kunst
0cdd5ab1-a3cc-5080-bef6-f4832d7163d3,museum-nl:museum-de-zwarte-tulp,Museum De Zwarte Tulp,Lisse,Zuid-Holland,Heereweg 219,2161 BG,NL,https://www.museumdezwartetulp.nl,52.25961,4.55883,unknown,draft,unreviewed,Bronvermelding is geen controle van actuele opening of toegankelijkheid.,https://www.museum.nl/nl/museum-de-zwarte-tulp | https://nl.wikipedia.org/wiki/Lijst_van_musea_in_Zuid-Holland,
7ea47799-f3a1-5e0c-a8a9-cc38b6301e15,wikipedia:Zuid-Holland:museumdeschilpen:maasland,Museum De Schilpen,Maasland,Zuid-Holland,,,NL,,,,unknown,draft,unreviewed,Provinciale lijst; adres en actuele status nog controleren.,https://nl.wikipedia.org/wiki/Lijst_van_musea_in_Zuid-Holland,
7c88711b-05d7-592a-b07e-3e7639d3720f,museum-nl:museum-maassluis,Museum Maassluis,Maassluis,Zuid-Holland,Zuiddijk 16-18,3143 AS,NL,https://www.museummaassluis.nl/,51.920844,4.254305,unknown,draft,unreviewed,Bronvermelding is geen controle van actuele opening of toegankelijkheid.,https://www.museum.nl/nl/museum-maassluis | https://nl.wikipedia.org/wiki/Lijst_van_musea_in_Zuid-Holland,
66bf535d-08fa-5e6f-9d59-d48721c8f88e,wikipedia:Zuid-Holland:museumschiphudson:maassluis,Museumschip Hudson,Maassluis,Zuid-Holland,,,NL,,,,unknown,draft,unreviewed,Provinciale lijst; adres en actuele status nog controleren.,https://nl.wikipedia.org/wiki/Lijst_van_musea_in_Zuid-Holland,
a30490bc-2e47-54ea-8d84-a6391f1a00f8,museum-nl:nationaal-sleepvaart-museum,Nationaal Sleepvaart Museum,Maassluis,Zuid-Holland,Hoogstraat 1,3142 EA,NL,https://www.nationaalsleepvaartmuseum.nl,51.921588,4.253276,unknown,draft,unreviewed,Bronvermelding is geen controle van actuele opening of toegankelijkheid.,https://www.museum.nl/nl/nationaal-sleepvaart-museum | https://nl.wikipedia.org/wiki/Lijst_van_musea_in_Zuid-Holland,kunst
780f7c18-fe3a-59ba-b444-ff275be93277,wikipedia:Zuid-Holland:oudheidkundigenpoldermuseum:nieuwkoop,Oudheidkundig- en Poldermuseum,Nieuwkoop,Zuid-Holland,,,NL,,,,unknown,draft,unreviewed,Provinciale lijst; adres en actuele status nog controleren.,https://nl.wikipedia.org/wiki/Lijst_van_musea_in_Zuid-Holland,geschiedenis
96df407b-190d-5355-ac4c-f623f83762e9,wikipedia:Zuid-Holland:atlantikwallmuseumnoordwijk:noordwijk,Atlantikwall Museum Noordwijk,Noordwijk,Zuid-Holland,,,NL,,,,unknown,draft,unreviewed,Provinciale lijst; adres en actuele status nog controleren.,https://nl.wikipedia.org/wiki/Lijst_van_musea_in_Zuid-Holland,
56ae5729-8f5b-5681-b87e-703894767713,museum-nl:museum-engelandvaarders,Museum Engelandvaarders,Noordwijk,Zuid-Holland,Bosweg 15,2202 NX,NL,https://www.museumengelandvaarders.nl,52.251705,4.436989,unknown,draft,unreviewed,Bronvermelding is geen controle van actuele opening of toegankelijkheid.,https://www.museum.nl/nl/museum-engelandvaarders | https://nl.wikipedia.org/wiki/Lijst_van_musea_in_Zuid-Holland,
cc320050-d947-5c6d-aa5e-c8f478963bd7,museum-nl:museum-noordwijk,Museum Noordwijk,Noordwijk,Zuid-Holland,Jan Kroonsplein 4,2202 JC,NL,https://www.museumnoordwijk.nl,52.244286,4.431366,unknown,draft,unreviewed,Bronvermelding is geen controle van actuele opening of toegankelijkheid. Provincie afgeleid uit plaatsnaam in provinciale lijst; controleren.,https://www.museum.nl/nl/museum-noordwijk,
4067b4ae-c242-5dd4-b7c1-1e635823bdf0,wikipedia:Zuid-Holland:museumoudnoordwijk:noordwijk,Museum Oud-Noordwijk,Noordwijk,Zuid-Holland,,,NL,,,,unknown,draft,unreviewed,Provinciale lijst; adres en actuele status nog controleren.,https://nl.wikipedia.org/wiki/Lijst_van_musea_in_Zuid-Holland,
f7f0e959-1239-54f5-93a6-825a57eeba00,wikipedia:Zuid-Holland:museumofcomicart:noordwijk,Museum of Comic Art,Noordwijk,Zuid-Holland,,,NL,,,,unknown,draft,unreviewed,Provinciale lijst; adres en actuele status nog controleren.,https://nl.wikipedia.org/wiki/Lijst_van_musea_in_Zuid-Holland,
e4c3bbb9-b2e3-5e5f-9420-b2ed971aec6b,museum-nl:space-expo,Space Expo,Noordwijk,Zuid-Holland,Keplerlaan 3,2201 AZ,NL,https://www.space-expo.nl,52.215276,4.420897,unknown,draft,unreviewed,Bronvermelding is geen controle van actuele opening of toegankelijkheid.,https://www.museum.nl/nl/space-expo | https://nl.wikipedia.org/wiki/Lijst_van_musea_in_Zuid-Holland,
bd0fe7cc-f7e7-5201-b496-5791cb3d24dd,museum-nl:streekmuseum-veldzicht,Streekmuseum Veldzicht,Noordwijk,Zuid-Holland,Herenweg 114,2201 AL,NL,https://www.streekmuseumveldzicht.nl,52.21971,4.438918,unknown,draft,unreviewed,Bronvermelding is geen controle van actuele opening of toegankelijkheid.,https://www.museum.nl/nl/streekmuseum-veldzicht | https://nl.wikipedia.org/wiki/Lijst_van_musea_in_Zuid-Holland,streekgeschiedenis
94fbc013-b575-5b25-ad07-2b2953e9fb27,wikipedia:Zuid-Holland:corpus:oegstgeest,CORPUS,Oegstgeest,Zuid-Holland,,,NL,,,,unknown,draft,unreviewed,Provinciale lijst; adres en actuele status nog controleren.,https://nl.wikipedia.org/wiki/Lijst_van_musea_in_Zuid-Holland,
aa56aea0-2315-512b-88b7-d866153bfb31,wikipedia:Zuid-Holland:raadhuisvanouddorp:ouddorp,Raadhuis van Ouddorp,Ouddorp,Zuid-Holland,,,NL,,,,unknown,draft,unreviewed,Provinciale lijst; adres en actuele status nog controleren.,https://nl.wikipedia.org/wiki/Lijst_van_musea_in_Zuid-Holland,
efb2989b-a52f-5b78-96a2-73cdd6a279b0,wikipedia:Zuid-Holland:stichtingvoorheenrtm:ouddorp,Stichting voorheen RTM,Ouddorp,Zuid-Holland,,,NL,,,,unknown,draft,unreviewed,Provinciale lijst; adres en actuele status nog controleren.,https://nl.wikipedia.org/wiki/Lijst_van_musea_in_Zuid-Holland,
79b385af-b479-53ad-b59e-dc5482fe8081,wikipedia:Zuid-Holland:museumdorpsbehoudpapendrecht:papendrecht,Museum Dorpsbehoud Papendrecht,Papendrecht,Zuid-Holland,,,NL,,,,unknown,draft,unreviewed,Provinciale lijst; adres en actuele status nog controleren.,https://nl.wikipedia.org/wiki/Lijst_van_musea_in_Zuid-Holland,
8cc17558-3ad6-5ed3-840f-56b9323eefd2,wikipedia:Zuid-Holland:oudheidkamerpernis:pernis,Oudheidkamer Pernis,Pernis,Zuid-Holland,,,NL,,,,unknown,draft,unreviewed,Provinciale lijst; adres en actuele status nog controleren.,https://nl.wikipedia.org/wiki/Lijst_van_musea_in_Zuid-Holland,geschiedenis
cf776501-4f8b-5610-a5d2-53acf4cefde8,wikipedia:Zuid-Holland:streekmuseumreeuwijk:reeuwijk,Streekmuseum Reeuwijk,Reeuwijk,Zuid-Holland,,,NL,,,,unknown,draft,unreviewed,Provinciale lijst; adres en actuele status nog controleren.,https://nl.wikipedia.org/wiki/Lijst_van_musea_in_Zuid-Holland,streekgeschiedenis
eae8041f-530c-5016-bbe5-c8702126a0a0,museum-nl:museum-het-spinozahuis,Museum Het Spinozahuis,Rijnsburg,Zuid-Holland,Spinozalaan 29,2231 SG,NL,https://www.spinozahuis.nl,52.191463,4.43715,unknown,draft,unreviewed,Bronvermelding is geen controle van actuele opening of toegankelijkheid. Provincie afgeleid uit plaatsnaam in provinciale lijst; controleren.,https://www.museum.nl/nl/museum-het-spinozahuis,
5786e02c-f170-5479-a2c9-6bc846285223,wikipedia:Zuid-Holland:museumoudrijnsburg:rijnsburg,Museum Oud Rijnsburg,Rijnsburg,Zuid-Holland,,,NL,,,,unknown,draft,unreviewed,Provinciale lijst; adres en actuele status nog controleren.,https://nl.wikipedia.org/wiki/Lijst_van_musea_in_Zuid-Holland,
768140d0-7527-5233-a59b-6df567c786f9,wikipedia:Zuid-Holland:spinozahuis:rijnsburg,Spinozahuis,Rijnsburg,Zuid-Holland,,,NL,,,,unknown,draft,unreviewed,Provinciale lijst; adres en actuele status nog controleren.,https://nl.wikipedia.org/wiki/Lijst_van_musea_in_Zuid-Holland,
cefff92b-6d55-5580-a7a1-50adcdcdb55f,wikipedia:Zuid-Holland:museumjohannespostschoolenplanetarium:rijsoord,Museum Johannes Postschool en Planetarium,Rijsoord,Zuid-Holland,,,NL,,,,unknown,draft,unreviewed,Provinciale lijst; adres en actuele status nog controleren.,https://nl.wikipedia.org/wiki/Lijst_van_musea_in_Zuid-Holland,
6b6f0653-860f-5d8b-abef-cc2c4124e213,wikipedia:Zuid-Holland:kleinmuseumdesleutel:rijswijk,Klein Museum de Sleutel,Rijswijk,Zuid-Holland,,,NL,,,,unknown,draft,unreviewed,Provinciale lijst; adres en actuele status nog controleren.,https://nl.wikipedia.org/wiki/Lijst_van_musea_in_Zuid-Holland,
d356e785-836d-50a5-a77e-29baf03bef1d,museum-nl:museum-rijswijk,Museum Rijswijk,Rijswijk,Zuid-Holland,Herenstraat 67,2282 BR,NL,https://www.museumrijswijk.nl,52.055477,4.335343,unknown,draft,unreviewed,Bronvermelding is geen controle van actuele opening of toegankelijkheid.,https://www.museum.nl/nl/museum-rijswijk | https://nl.wikipedia.org/wiki/Lijst_van_musea_in_Zuid-Holland,
a5098334-2942-52ab-8fb7-c87176561e99,wikipedia:Zuid-Holland:dekoffieleut:rockanje,De Koffieleut,Rockanje,Zuid-Holland,,,NL,,,,unknown,draft,unreviewed,Provinciale lijst; adres en actuele status nog controleren.,https://nl.wikipedia.org/wiki/Lijst_van_musea_in_Zuid-Holland,
3c78cf44-d596-512b-acf4-051e22cc1caa,museum-nl:openluchtmuseum-de-duinhuisjes,Openluchtmuseum De Duinhuisjes,Rockanje,Zuid-Holland,Duinstraat 18,3235 NK,NL,https://www.hvwv.nl/,51.902748,4.07078,unknown,draft,unreviewed,Bronvermelding is geen controle van actuele opening of toegankelijkheid.,https://www.museum.nl/nl/openluchtmuseum-de-duinhuisjes | https://nl.wikipedia.org/wiki/Lijst_van_musea_in_Zuid-Holland,openlucht
3378c57b-4660-5174-81f0-beccdc0c3723,wikipedia:Zuid-Holland:atlasvanstolk:rotterdam,Atlas Van Stolk,Rotterdam,Zuid-Holland,,,NL,,,,unknown,draft,unreviewed,Provinciale lijst; adres en actuele status nog controleren.,https://nl.wikipedia.org/wiki/Lijst_van_musea_in_Zuid-Holland,
4c430bbf-34de-578d-bfcc-dec33250cd8d,museum-nl:belasting-douane-museum,Belasting & Douane Museum,Rotterdam,Zuid-Holland,Parklaan 14-16,3016 BB,NL,https://www.bdmuseum.nl,51.907611,4.476324,unknown,draft,unreviewed,Bronvermelding is geen controle van actuele opening of toegankelijkheid.,https://www.museum.nl/nl/belasting-douane-museum | https://nl.wikipedia.org/wiki/Lijst_van_musea_in_Zuid-Holland,
1d6aa07d-0be3-540c-8792-67321db35073,museum-nl:brutus,Brutus,Rotterdam,Zuid-Holland,Keileweg 10B,3029 BS,NL,https://www.brutus.nl/,51.909542,4.432031,unknown,draft,unreviewed,Bronvermelding is geen controle van actuele opening of toegankelijkheid. Provincie afgeleid uit plaatsnaam in provinciale lijst; controleren.,https://www.museum.nl/nl/brutus,
87fe4272-7fd0-585d-a911-c5dc12dbd2f1,museum-nl:chabot-museum,Chabot Museum,Rotterdam,Zuid-Holland,Museumpark 11,3015 CB,NL,https://www.chabotmuseum.nl,51.91469,4.472382,unknown,draft,unreviewed,Bronvermelding is geen controle van actuele opening of toegankelijkheid.,https://www.museum.nl/nl/chabot-museum | https://nl.wikipedia.org/wiki/Lijst_van_musea_in_Zuid-Holland,
5ea8dd2a-10f5-5714-8267-31db16d5f99b,wikipedia:Zuid-Holland:dedubbeldepalmboom:rotterdam,De Dubbelde Palmboom,Rotterdam,Zuid-Holland,,,NL,,,,closed,draft,unreviewed,Mogelijk historisch/gesloten. Provinciale lijst; adres en actuele status nog controleren.,https://nl.wikipedia.org/wiki/Lijst_van_musea_in_Zuid-Holland,
967c388a-02a9-5f1b-81a9-17a924bd868f,wikipedia:Zuid-Holland:dutchpinballmuseum:rotterdam,Dutch Pinball Museum,Rotterdam,Zuid-Holland,,,NL,,,,unknown,draft,unreviewed,Provinciale lijst; adres en actuele status nog controleren.,https://nl.wikipedia.org/wiki/Lijst_van_musea_in_Zuid-Holland,
05474520-b74f-562b-a117-ded15719956d,museum-nl:feyenoord-museum,Feyenoord Museum,Rotterdam,Zuid-Holland,Van Zandvlietplein 1,3077 AA,NL,https://www.dekuip.com/nl/tour-en-museum/arrangementen/feyenoord-museum,51.894336,4.524699,unknown,draft,unreviewed,Bronvermelding is geen controle van actuele opening of toegankelijkheid.,https://www.museum.nl/nl/feyenoord-museum | https://nl.wikipedia.org/wiki/Lijst_van_musea_in_Zuid-Holland,
6c6b3a62-387a-5f03-bcfb-97bde8918042,wikipedia:Zuid-Holland:havenmuseum:rotterdam,Havenmuseum,Rotterdam,Zuid-Holland,,,NL,,,,unknown,draft,unreviewed,Provinciale lijst; adres en actuele status nog controleren.,https://nl.wikipedia.org/wiki/Lijst_van_musea_in_Zuid-Holland,
f0c85959-33c5-57b0-a64c-9f15d845317e,museum-nl:het-depot-van-museum-boijmans-van-beuningen,Het Depot van Museum Boijmans Van Beuningen,Rotterdam,Zuid-Holland,Museumpark 24,3015 CX,NL,https://www.boijmans.nl/depot,51.913966,4.471108,unknown,draft,unreviewed,Bronvermelding is geen controle van actuele opening of toegankelijkheid. Provincie afgeleid uit plaatsnaam in provinciale lijst; controleren.,https://www.museum.nl/nl/het-depot-van-museum-boijmans-van-beuningen,kunst
123ad4ac-5c2b-5bcb-8cd3-ea1ddffb298f,wikipedia:Zuid-Holland:hetnieuweinstituut:rotterdam,Het Nieuwe Instituut,Rotterdam,Zuid-Holland,,,NL,,,,unknown,draft,unreviewed,Provinciale lijst; adres en actuele status nog controleren.,https://nl.wikipedia.org/wiki/Lijst_van_musea_in_Zuid-Holland,
d76cf752-f475-55f8-a840-d3997e6e8bd0,wikipedia:Zuid-Holland:hetschielandshuis:rotterdam,Het Schielandshuis,Rotterdam,Zuid-Holland,,,NL,,,,closed,draft,unreviewed,Mogelijk historisch/gesloten. Provinciale lijst; adres en actuele status nog controleren.,https://nl.wikipedia.org/wiki/Lijst_van_musea_in_Zuid-Holland,
9850234b-f5e9-5640-a363-43715cd4e993,wikipedia:Zuid-Holland:houwelingtelecommuseum:rotterdam,Houweling Telecom Museum,Rotterdam,Zuid-Holland,,,NL,,,,unknown,draft,unreviewed,Provinciale lijst; adres en actuele status nog controleren.,https://nl.wikipedia.org/wiki/Lijst_van_musea_in_Zuid-Holland,
e3aedfaf-7f0b-517d-b5f4-f1f5acaad614,museum-nl:huis-sonneveld,Huis Sonneveld,Rotterdam,Zuid-Holland,Jongkindstraat 12,3015 CG,NL,https://www.huissonneveld.nl/,51.915603,4.472328,unknown,draft,unreviewed,Bronvermelding is geen controle van actuele opening of toegankelijkheid.,https://www.museum.nl/nl/huis-sonneveld | https://nl.wikipedia.org/wiki/Lijst_van_musea_in_Zuid-Holland,architectuur
e6b6688b-3189-5792-ba31-cbc8cb245510,wikipedia:Zuid-Holland:kijkkubus:rotterdam,Kijk-kubus,Rotterdam,Zuid-Holland,,,NL,,,,unknown,draft,unreviewed,Provinciale lijst; adres en actuele status nog controleren.,https://nl.wikipedia.org/wiki/Lijst_van_musea_in_Zuid-Holland,
f322ea05-3a08-5f08-bf03-c3c8d9ec4f46,wikipedia:Zuid-Holland:kunsthal:rotterdam,Kunsthal,Rotterdam,Zuid-Holland,,,NL,,,,unknown,draft,unreviewed,Provinciale lijst; adres en actuele status nog controleren.,https://nl.wikipedia.org/wiki/Lijst_van_musea_in_Zuid-Holland,kunst
cc66ef0a-4e1d-5376-9f63-0d65a78676fd,museum-nl:kunsthal-rotterdam,Kunsthal Rotterdam,Rotterdam,Zuid-Holland,Westzeedijk 341,3015 AA,NL,https://www.kunsthal.nl,51.910673,4.473386,unknown,draft,unreviewed,Bronvermelding is geen controle van actuele opening of toegankelijkheid. Provincie afgeleid uit plaatsnaam in provinciale lijst; controleren.,https://www.museum.nl/nl/kunsthal-rotterdam,kunst
712b6a6e-d1c5-52e2-b8cb-9ee8c41eb0e2,museum-nl:kunstinstituut-melly,Kunstinstituut Melly,Rotterdam,Zuid-Holland,Witte de Withstraat 50,3012 BR,NL,https://www.kunstinstituutmelly.nl,51.915469,4.477051,unknown,draft,unreviewed,Bronvermelding is geen controle van actuele opening of toegankelijkheid.,https://www.museum.nl/nl/kunstinstituut-melly | https://nl.wikipedia.org/wiki/Lijst_van_musea_in_Zuid-Holland,kunst
a64cca35-e06e-52fd-9c0b-a8edb13069e1,wikipedia:Zuid-Holland:laurenskerk:rotterdam,Laurenskerk,Rotterdam,Zuid-Holland,,,NL,,,,unknown,draft,unreviewed,Provinciale lijst; adres en actuele status nog controleren.,https://nl.wikipedia.org/wiki/Lijst_van_musea_in_Zuid-Holland,
8040a6cb-8c79-588b-b2db-1d1c3d1b2795,museum-nl:laurenskerk-rotterdam,Laurenskerk Rotterdam,Rotterdam,Zuid-Holland,Grotekerkplein 15,3011 GC,NL,https://www.laurenskerkrotterdam.nl,51.921451,4.484903,unknown,draft,unreviewed,Bronvermelding is geen controle van actuele opening of toegankelijkheid. Provincie afgeleid uit plaatsnaam in provinciale lijst; controleren.,https://www.museum.nl/nl/laurenskerk-rotterdam,
8d8c2ff1-f36b-5483-9157-84e6f2aafc37,museum-nl:mariniersmuseum,Mariniersmuseum,Rotterdam,Zuid-Holland,Wijnhaven 7-13,3011 WH,NL,https://www.mariniersmuseum.nl,51.918663,4.491337,unknown,draft,unreviewed,Bronvermelding is geen controle van actuele opening of toegankelijkheid.,https://www.museum.nl/nl/mariniersmuseum | https://nl.wikipedia.org/wiki/Lijst_van_musea_in_Zuid-Holland,
53c70bc5-659c-5803-ae56-320b4413b42b,museum-nl:maritiem-museum-rotterdam,Maritiem Museum Rotterdam,Rotterdam,Zuid-Holland,Leuvehaven 1,3011 EA,NL,https://www.maritiemmuseum.nl,51.9175,4.482442,unknown,draft,unreviewed,Bronvermelding is geen controle van actuele opening of toegankelijkheid.,https://www.museum.nl/nl/maritiem-museum-rotterdam | https://nl.wikipedia.org/wiki/Lijst_van_musea_in_Zuid-Holland,maritiem
08665fdf-c4f3-57c6-9753-5e052156a0ec,wikipedia:Zuid-Holland:museumboijmansvanbeuningen:rotterdam,Museum Boijmans Van Beuningen,Rotterdam,Zuid-Holland,,,NL,,,,unknown,draft,unreviewed,Provinciale lijst; adres en actuele status nog controleren.,https://nl.wikipedia.org/wiki/Lijst_van_musea_in_Zuid-Holland,kunst
a3623d54-3732-5b2d-b83c-aace29b1921c,wikipedia:Zuid-Holland:museumdedelft:rotterdam,Museum De Delft,Rotterdam,Zuid-Holland,,,NL,,,,closed,draft,unreviewed,Mogelijk historisch/gesloten. Provinciale lijst; adres en actuele status nog controleren.,https://nl.wikipedia.org/wiki/Lijst_van_musea_in_Zuid-Holland,
5df825c9-9f74-529a-bd98-0c04dcb9a589,wikipedia:Zuid-Holland:museumhillesluis:rotterdam,Museum Hillesluis,Rotterdam,Zuid-Holland,,,NL,,,,closed,draft,unreviewed,Mogelijk historisch/gesloten. Provinciale lijst; adres en actuele status nog controleren.,https://nl.wikipedia.org/wiki/Lijst_van_musea_in_Zuid-Holland,
847fd8a0-ee19-5535-ab4a-6600443fa1e0,wikipedia:Zuid-Holland:museumoudoverschie:rotterdam,Museum Oud-Overschie,Rotterdam,Zuid-Holland,,,NL,,,,unknown,draft,unreviewed,Provinciale lijst; adres en actuele status nog controleren.,https://nl.wikipedia.org/wiki/Lijst_van_musea_in_Zuid-Holland,
31202f4b-e24f-5f2a-9ab7-559d01ac3ac1,museum-nl:museum-rotterdam,Museum Rotterdam,Rotterdam,Zuid-Holland,Coolhaven 375,3015 GC,NL,https://www.museumrotterdam.nl,51.908749,4.458083,unknown,draft,unreviewed,Bronvermelding is geen controle van actuele opening of toegankelijkheid.,https://www.museum.nl/nl/museum-rotterdam | https://nl.wikipedia.org/wiki/Lijst_van_musea_in_Zuid-Holland,
10e00bc4-f9ce-50aa-ab09-0585879690b9,wikipedia:Zuid-Holland:museumrotterdam4045nu:rotterdam,Museum Rotterdam ´40-´45 NU,Rotterdam,Zuid-Holland,,,NL,,,,unknown,draft,unreviewed,Provinciale lijst; adres en actuele status nog controleren.,https://nl.wikipedia.org/wiki/Lijst_van_musea_in_Zuid-Holland,
abb5032d-7c22-52ec-b880-5c3e20577176,wikipedia:Zuid-Holland:museumstoomdepot:rotterdam,Museum Stoomdepot,Rotterdam,Zuid-Holland,,,NL,,,,unknown,draft,unreviewed,Provinciale lijst; adres en actuele status nog controleren.,https://nl.wikipedia.org/wiki/Lijst_van_musea_in_Zuid-Holland,
d9ea8ffa-c818-573e-bb50-60187e3ffcdf,wikipedia:Zuid-Holland:museumvoorkeramiekpabloruedalara:rotterdam,Museum voor Keramiek Pablo Rueda Lara,Rotterdam,Zuid-Holland,,,NL,,,,unknown,draft,unreviewed,Provinciale lijst; adres en actuele status nog controleren.,https://nl.wikipedia.org/wiki/Lijst_van_musea_in_Zuid-Holland,
57b08446-8207-5615-8ecc-67b041550303,museum-nl:natuurhistorisch-museum-rotterdam,Natuurhistorisch Museum Rotterdam,Rotterdam,Zuid-Holland,Westzeedijk 345(Museumpark),3015 AA,NL,https://www.hetnatuurhistorisch.nl,51.910787,4.472551,unknown,draft,unreviewed,Bronvermelding is geen controle van actuele opening of toegankelijkheid.,https://www.museum.nl/nl/natuurhistorisch-museum-rotterdam | https://nl.wikipedia.org/wiki/Lijst_van_musea_in_Zuid-Holland,geschiedenis | natuur
3141bb58-2bee-5b3c-ae96-c7f4a16886e9,museum-nl:nederlands-fotomuseum,Nederlands Fotomuseum,Rotterdam,Zuid-Holland,Brede Hilledijk 95,3072 KD,NL,https://www.nederlandsfotomuseum.nl,51.902709,4.495194,unknown,draft,unreviewed,Bronvermelding is geen controle van actuele opening of toegankelijkheid.,https://www.museum.nl/nl/nederlands-fotomuseum | https://nl.wikipedia.org/wiki/Lijst_van_musea_in_Zuid-Holland,fotografie
7754eda6-25ee-5d9e-8359-15dd037f9d5c,museum-nl:nieuwe-instituut,Nieuwe Instituut,Rotterdam,Zuid-Holland,Museumpark 25,3015 CB,NL,https://nieuweinstituut.nl,51.914488,4.470987,unknown,draft,unreviewed,Bronvermelding is geen controle van actuele opening of toegankelijkheid. Provincie afgeleid uit plaatsnaam in provinciale lijst; controleren.,https://www.museum.nl/nl/nieuwe-instituut,
296a4d43-60a1-5331-8b78-23f560a921d3,wikipedia:Zuid-Holland:radiomuseumrotterdam:rotterdam,Radiomuseum (Rotterdam),Rotterdam,Zuid-Holland,,,NL,,,,unknown,draft,unreviewed,Provinciale lijst; adres en actuele status nog controleren.,https://nl.wikipedia.org/wiki/Lijst_van_musea_in_Zuid-Holland,
e0c1f878-0e95-5296-b685-2ef6186d1a20,wikipedia:Zuid-Holland:rotterdamsopenbaarvervoermuseum:rotterdam,Rotterdams Openbaar Vervoer Museum,Rotterdam,Zuid-Holland,,,NL,,,,unknown,draft,unreviewed,Provinciale lijst; adres en actuele status nog controleren.,https://nl.wikipedia.org/wiki/Lijst_van_musea_in_Zuid-Holland,
041d5836-4320-53f6-90e2-4f16e7fda496,wikipedia:Zuid-Holland:rotterdamswelvaren:rotterdam,Rotterdams Welvaren,Rotterdam,Zuid-Holland,,,NL,,,,closed,draft,unreviewed,Mogelijk historisch/gesloten. Provinciale lijst; adres en actuele status nog controleren.,https://nl.wikipedia.org/wiki/Lijst_van_musea_in_Zuid-Holland,
2b7b2997-6968-570e-a351-2c07a7dd43df,wikipedia:Zuid-Holland:schaakstukkenmuseum:rotterdam,Schaakstukkenmuseum,Rotterdam,Zuid-Holland,,,NL,,,,unknown,draft,unreviewed,Provinciale lijst; adres en actuele status nog controleren.,https://nl.wikipedia.org/wiki/Lijst_van_musea_in_Zuid-Holland,
f8d77d92-0238-58d1-84d4-90344ea8de29,wikipedia:Zuid-Holland:scoutingmuseumdeducdalf:rotterdam,Scoutingmuseum de Ducdalf,Rotterdam,Zuid-Holland,,,NL,,,,unknown,draft,unreviewed,Provinciale lijst; adres en actuele status nog controleren.,https://nl.wikipedia.org/wiki/Lijst_van_musea_in_Zuid-Holland,
913b1085-b93f-5baa-b511-1d95832a1e37,wikipedia:Zuid-Holland:stripsmuseum:rotterdam,Strips! Museum,Rotterdam,Zuid-Holland,,,NL,,,,unknown,draft,unreviewed,Provinciale lijst; adres en actuele status nog controleren.,https://nl.wikipedia.org/wiki/Lijst_van_musea_in_Zuid-Holland,
c7ae35cc-92b0-5f4f-925f-d661381ca4c1,museum-nl:tent,TENT,Rotterdam,Zuid-Holland,Coolhaven 32,3024 AC,NL,https://www.tentrotterdam.nl,51.907913,4.460576,unknown,draft,unreviewed,Bronvermelding is geen controle van actuele opening of toegankelijkheid. Provincie afgeleid uit plaatsnaam in provinciale lijst; controleren.,https://www.museum.nl/nl/tent,
72635b82-b75d-540c-8af4-0fa34b8b7679,museum-nl:trompenburg-tuinen-arboretum,Trompenburg Tuinen & Arboretum,Rotterdam,Zuid-Holland,Honingerdijk 86,3062 NX,NL,https://www.trompenburg.nl,51.918272,4.517796,unknown,draft,unreviewed,Bronvermelding is geen controle van actuele opening of toegankelijkheid.,https://www.museum.nl/nl/trompenburg-tuinen-arboretum | https://nl.wikipedia.org/wiki/Lijst_van_musea_in_Zuid-Holland,
8f6a4ae7-6b90-5430-be60-52601ce16952,wikipedia:Zuid-Holland:villazebra:rotterdam,Villa Zebra,Rotterdam,Zuid-Holland,,,NL,,,,unknown,draft,unreviewed,Provinciale lijst; adres en actuele status nog controleren.,https://nl.wikipedia.org/wiki/Lijst_van_musea_in_Zuid-Holland,
52ab6881-02ac-5e08-915f-84fdb66fbd2b,museum-nl:wereldmuseum-rotterdam,Wereldmuseum Rotterdam,Rotterdam,Zuid-Holland,Willemskade 25,3016 DM,NL,https://rotterdam.wereldmuseum.nl,51.908005,4.480626,unknown,draft,unreviewed,Bronvermelding is geen controle van actuele opening of toegankelijkheid.,https://www.museum.nl/nl/wereldmuseum-rotterdam | https://nl.wikipedia.org/wiki/Lijst_van_musea_in_Zuid-Holland,
71aeb441-7a6c-5731-be62-e4b4b7ef3074,museum-nl:de-monopole-schiedam,De Monopole Schiedam,Schiedam,Zuid-Holland,Appelmarkt 2a,3111 JA,NL,https://monopoleschiedam.nl/,51.915958,4.397545,unknown,draft,unreviewed,Bronvermelding is geen controle van actuele opening of toegankelijkheid. Provincie afgeleid uit plaatsnaam in provinciale lijst; controleren.,https://www.museum.nl/nl/de-monopole-schiedam,
cf3c2fef-14e6-55cc-87bd-2e024d997efc,wikipedia:Zuid-Holland:dewalvisch:schiedam,De Walvisch,Schiedam,Zuid-Holland,,,NL,,,,unknown,draft,unreviewed,Provinciale lijst; adres en actuele status nog controleren.,https://nl.wikipedia.org/wiki/Lijst_van_musea_in_Zuid-Holland,
ab6eccf4-4720-5028-997a-11af8a23d8aa,museum-nl:jenevermuseum,Jenevermuseum,Schiedam,Zuid-Holland,Lange Haven 74,3111 CH,NL,https://www.jenevermuseum.nl,51.915232,4.397313,unknown,draft,unreviewed,Bronvermelding is geen controle van actuele opening of toegankelijkheid.,https://www.museum.nl/nl/jenevermuseum | https://nl.wikipedia.org/wiki/Lijst_van_musea_in_Zuid-Holland,
bc2a9397-d75b-55de-999b-1d5d96864e2e,museum-nl:museummolen-en-molenwinkel-de-walvisch,Museummolen en molenwinkel De Walvisch,Schiedam,Zuid-Holland,Westvest 229,3111 BT,NL,https://www.jenevermuseum.nl/museummolen,51.915694,4.395205,unknown,draft,unreviewed,Bronvermelding is geen controle van actuele opening of toegankelijkheid. Provincie afgeleid uit plaatsnaam in provinciale lijst; controleren.,https://www.museum.nl/nl/museummolen-en-molenwinkel-de-walvisch,
60c5a274-92bd-5492-be7e-bbba9dd4a0ff,wikipedia:Zuid-Holland:nationaalcooperatiemuseum:schiedam,Nationaal Coöperatie Museum,Schiedam,Zuid-Holland,,,NL,,,,unknown,draft,unreviewed,Provinciale lijst; adres en actuele status nog controleren.,https://nl.wikipedia.org/wiki/Lijst_van_musea_in_Zuid-Holland,
623afc94-68b5-5cd2-9a60-f47d71e4a2e8,museum-nl:stedelijk-museum-schiedam,Stedelijk Museum Schiedam,Schiedam,Zuid-Holland,Hoogstraat 112,3111 HL,NL,https://www.stedelijkmuseumschiedam.nl,51.915792,4.397874,unknown,draft,unreviewed,Bronvermelding is geen controle van actuele opening of toegankelijkheid.,https://www.museum.nl/nl/stedelijk-museum-schiedam | https://nl.wikipedia.org/wiki/Lijst_van_musea_in_Zuid-Holland,
a8ebf071-5564-598f-9eca-63d2dee68cc4,wikipedia:Zuid-Holland:museumtramstation:schipluiden,Museum Tramstation,Schipluiden,Zuid-Holland,,,NL,,,,unknown,draft,unreviewed,Provinciale lijst; adres en actuele status nog controleren.,https://nl.wikipedia.org/wiki/Lijst_van_musea_in_Zuid-Holland,vervoer
d7cfa691-5a5a-5112-b8c0-bae8b65e100f,museum-nl:nederlands-zilvermuseum,Nederlands Zilvermuseum,Schoonhoven,Zuid-Holland,Kazerneplein 4,2871 CZ,NL,https://www.zilvermuseum.com,51.947165,4.852309,unknown,draft,unreviewed,Bronvermelding is geen controle van actuele opening of toegankelijkheid.,https://www.museum.nl/nl/nederlands-zilvermuseum | https://nl.wikipedia.org/wiki/Lijst_van_musea_in_Zuid-Holland,
ebed3f3c-37ba-533f-af50-f57877a3aebb,museum-nl:nationaal-baggermuseum,Nationaal Baggermuseum,Sliedrecht,Zuid-Holland,Molendijk 204-208,3361 ER,NL,https://www.baggermuseum.nl,51.824183,4.757061,unknown,draft,unreviewed,Bronvermelding is geen controle van actuele opening of toegankelijkheid.,https://www.museum.nl/nl/nationaal-baggermuseum | https://nl.wikipedia.org/wiki/Lijst_van_musea_in_Zuid-Holland,
b762f4b1-7525-54e4-bd2f-88964986d325,wikipedia:Zuid-Holland:sliedrechtsmuseum:sliedrecht,Sliedrechts Museum,Sliedrecht,Zuid-Holland,,,NL,,,,unknown,draft,unreviewed,Provinciale lijst; adres en actuele status nog controleren.,https://nl.wikipedia.org/wiki/Lijst_van_musea_in_Zuid-Holland,
ad75edc4-2db7-59f1-916d-2ac528dec571,museum-nl:streekmuseum-goeree-overflakkee,Streekmuseum Goeree-Overflakkee,Sommelsdijk,Zuid-Holland,Kerkstraat 2-12,3245 AK,NL,https://www.streekmuseum.nl,51.759657,4.151801,unknown,draft,unreviewed,Bronvermelding is geen controle van actuele opening of toegankelijkheid.,https://www.museum.nl/nl/streekmuseum-goeree-overflakkee | https://nl.wikipedia.org/wiki/Lijst_van_musea_in_Zuid-Holland,streekgeschiedenis
83580372-5641-5a6f-b220-19fa047e9c57,wikipedia:Zuid-Holland:museumwoningbacktothesixties:spijkenisse,Museumwoning 'Back to the Sixties',Spijkenisse,Zuid-Holland,,,NL,,,,unknown,draft,unreviewed,Provinciale lijst; adres en actuele status nog controleren.,https://nl.wikipedia.org/wiki/Lijst_van_musea_in_Zuid-Holland,
3db57968-7e85-5e3a-84c7-dd6f116ada1e,wikipedia:Zuid-Holland:smederijmuseumhetlandvanstrijen:strijen,"Smederijmuseum ""Het Land van Strijen""",Strijen,Zuid-Holland,,,NL,,,,unknown,draft,unreviewed,Provinciale lijst; adres en actuele status nog controleren.,https://nl.wikipedia.org/wiki/Lijst_van_musea_in_Zuid-Holland,
598e4af0-3779-520b-b4ab-b65d0185be4c,wikipedia:Zuid-Holland:historischmuseumteraar:teraar,Historisch Museum Ter Aar,Ter Aar,Zuid-Holland,,,NL,,,,unknown,draft,unreviewed,Provinciale lijst; adres en actuele status nog controleren.,https://nl.wikipedia.org/wiki/Lijst_van_musea_in_Zuid-Holland,geschiedenis
bb03adb1-728b-55c9-9c61-372be674e7ce,wikipedia:Zuid-Holland:landbouwmuseumtiengemeten:tiengemeten,Landbouwmuseum Tiengemeten,Tiengemeten,Zuid-Holland,,,NL,,,,unknown,draft,unreviewed,Provinciale lijst; adres en actuele status nog controleren.,https://nl.wikipedia.org/wiki/Lijst_van_musea_in_Zuid-Holland,
17e28664-5ec5-546c-a57a-ccafbf58e250,wikipedia:Zuid-Holland:rienpoortvlietmuseum:tiengemeten,Rien Poortvlietmuseum,Tiengemeten,Zuid-Holland,,,NL,,,,unknown,draft,unreviewed,Provinciale lijst; adres en actuele status nog controleren.,https://nl.wikipedia.org/wiki/Lijst_van_musea_in_Zuid-Holland,
8df1c05c-afdf-5e1d-af9a-52b443b8c862,wikipedia:Zuid-Holland:museumindenhalvenmaen:tinte,Museum in den Halven Maen,Tinte,Zuid-Holland,,,NL,,,,unknown,draft,unreviewed,Provinciale lijst; adres en actuele status nog controleren.,https://nl.wikipedia.org/wiki/Lijst_van_musea_in_Zuid-Holland,
b4924cd7-fc36-5aca-bed9-ffbb4be00986,wikipedia:Zuid-Holland:nationaalsmalspoormuseum:valkenburg,Nationaal Smalspoormuseum,Valkenburg,Zuid-Holland,,,NL,,,,unknown,draft,unreviewed,Provinciale lijst; adres en actuele status nog controleren.,https://nl.wikipedia.org/wiki/Lijst_van_musea_in_Zuid-Holland,vervoer
124f14c5-926a-53bb-9506-53a381b71343,wikipedia:Zuid-Holland:torenmuseumvalkenburg:valkenburg,Torenmuseum Valkenburg,Valkenburg,Zuid-Holland,,,NL,,,,unknown,draft,unreviewed,Provinciale lijst; adres en actuele status nog controleren.,https://nl.wikipedia.org/wiki/Lijst_van_musea_in_Zuid-Holland,
33447adf-676f-5ac4-ba78-222d749817b6,museum-nl:museum-vlaardingen,Museum Vlaardingen,Vlaardingen,Zuid-Holland,Westhavenkade 54,3131 AG,NL,https://www.museumvlaardingen.nl,51.905669,4.345317,unknown,draft,unreviewed,Bronvermelding is geen controle van actuele opening of toegankelijkheid.,https://www.museum.nl/nl/museum-vlaardingen | https://nl.wikipedia.org/wiki/Lijst_van_musea_in_Zuid-Holland,
4328045a-1f32-5a82-8610-d58eece58e90,wikipedia:Zuid-Holland:muziekinformatieendocumentatiecentrumtonstolk:vlaardingen,Muziekinformatie- en Documentatiecentrum Ton Stolk,Vlaardingen,Zuid-Holland,,,NL,,,,unknown,draft,unreviewed,Provinciale lijst; adres en actuele status nog controleren.,https://nl.wikipedia.org/wiki/Lijst_van_musea_in_Zuid-Holland,
5a82160f-c10d-59c6-8f1b-7e1d46e63d34,wikipedia:Zuid-Holland:streekmuseumjananderson:vlaardingen,Streekmuseum Jan Anderson,Vlaardingen,Zuid-Holland,,,NL,,,,unknown,draft,unreviewed,Provinciale lijst; adres en actuele status nog controleren.,https://nl.wikipedia.org/wiki/Lijst_van_musea_in_Zuid-Holland,streekgeschiedenis
64c34902-491a-5c61-b6f6-e7514cc24b9a,museum-nl:huygens-museum,Huygens Museum,Voorburg,Zuid-Holland,Westeinde 2A,2275 AD,NL,https://www.huygensmuseum.nl,52.064865,4.362618,unknown,draft,unreviewed,Bronvermelding is geen controle van actuele opening of toegankelijkheid. Provincie afgeleid uit plaatsnaam in provinciale lijst; controleren.,https://www.museum.nl/nl/huygens-museum,
a686e353-d22e-5db0-b89e-6b18163fa2b2,wikipedia:Zuid-Holland:huygensmuseumhofwijck:voorburg,Huygensmuseum Hofwijck,Voorburg,Zuid-Holland,,,NL,,,,unknown,draft,unreviewed,Provinciale lijst; adres en actuele status nog controleren.,https://nl.wikipedia.org/wiki/Lijst_van_musea_in_Zuid-Holland,
f8ba8e20-c170-5540-aef7-50f1dc014f68,wikipedia:Zuid-Holland:stadsmuseumleidschendamvoorburg:voorburg,Stadsmuseum Leidschendam-Voorburg,Voorburg,Zuid-Holland,,,NL,,,,unknown,draft,unreviewed,Provinciale lijst; adres en actuele status nog controleren.,https://nl.wikipedia.org/wiki/Lijst_van_musea_in_Zuid-Holland,streekgeschiedenis
e551711f-2948-519e-a7e7-01de41a91752,wikipedia:Zuid-Holland:swaensteynmuseum:voorburg,Swaensteyn Museum,Voorburg,Zuid-Holland,,,NL,,,,unknown,draft,unreviewed,Provinciale lijst; adres en actuele status nog controleren.,https://nl.wikipedia.org/wiki/Lijst_van_musea_in_Zuid-Holland,
76d210dc-03f7-5348-9e92-f67f176482b7,wikipedia:Zuid-Holland:ruinevanteylingen:voorhout,Ruïne van Teylingen,Voorhout,Zuid-Holland,,,NL,,,,unknown,draft,unreviewed,Provinciale lijst; adres en actuele status nog controleren.,https://nl.wikipedia.org/wiki/Lijst_van_musea_in_Zuid-Holland,
012bd9ef-e087-5354-9f41-5fb761ac5cad,museum-nl:kasteel-duivenvoorde,Kasteel Duivenvoorde,Voorschoten,Zuid-Holland,Laan van Duivenvoorde 4,2252 AK,NL,https://www.kasteelduivenvoorde.nl,52.111317,4.417474,unknown,draft,unreviewed,Bronvermelding is geen controle van actuele opening of toegankelijkheid.,https://www.museum.nl/nl/kasteel-duivenvoorde | https://nl.wikipedia.org/wiki/Lijst_van_musea_in_Zuid-Holland,
9214fc59-6481-595c-9c7d-7812ac298913,museum-nl:museum-voorschoten,Museum Voorschoten,Voorschoten,Zuid-Holland,Voorstraat 17,2251 BL,NL,https://www.museumvoorschoten.nl,52.124422,4.446322,unknown,draft,unreviewed,Bronvermelding is geen controle van actuele opening of toegankelijkheid.,https://www.museum.nl/nl/museum-voorschoten | https://nl.wikipedia.org/wiki/Lijst_van_musea_in_Zuid-Holland,
ca0f2f13-c912-5fac-8825-d8ab96411645,wikipedia:Zuid-Holland:brandweermuseumwassenaar:wassenaar,Brandweermuseum Wassenaar,Wassenaar,Zuid-Holland,,,NL,,,,unknown,draft,unreviewed,Provinciale lijst; adres en actuele status nog controleren.,https://nl.wikipedia.org/wiki/Lijst_van_musea_in_Zuid-Holland,
309b4c56-a9df-5cd7-824d-5e6830fc832e,wikipedia:Zuid-Holland:museumvoorlinden:wassenaar,Museum Voorlinden,Wassenaar,Zuid-Holland,,,NL,,,,unknown,draft,unreviewed,Provinciale lijst; adres en actuele status nog controleren.,https://nl.wikipedia.org/wiki/Lijst_van_musea_in_Zuid-Holland,
6a164004-0143-5430-b389-134cdedd940f,wikipedia:Zuid-Holland:museumvanhemessen:woubrugge,Museum van Hemessen,Woubrugge,Zuid-Holland,,,NL,,,,unknown,draft,unreviewed,Provinciale lijst; adres en actuele status nog controleren.,https://nl.wikipedia.org/wiki/Lijst_van_musea_in_Zuid-Holland,
e6d711d1-859a-506d-b6a5-a4e62f1d1986,wikipedia:Zuid-Holland:stadsmuseumzoetermeer:zoetermeer,Stadsmuseum Zoetermeer,Zoetermeer,Zuid-Holland,,,NL,,,,unknown,draft,unreviewed,Provinciale lijst; adres en actuele status nog controleren.,https://nl.wikipedia.org/wiki/Lijst_van_musea_in_Zuid-Holland,streekgeschiedenis
b09e1da7-1262-5da9-a937-bbb7f1d270d1,wikipedia:Zuid-Holland:museumdebommelzolder:zoeterwoude,Museum De Bommelzolder,Zoeterwoude,Zuid-Holland,,,NL,,,,unknown,draft,unreviewed,Provinciale lijst; adres en actuele status nog controleren.,https://nl.wikipedia.org/wiki/Lijst_van_musea_in_Zuid-Holland,
c911833b-4d46-563a-a760-11a12076a55a,wikipedia:Zuid-Holland:trismuseum:zwijndrecht,TRIS-museum,Zwijndrecht,Zuid-Holland,,,NL,,,,unknown,draft,unreviewed,Provinciale lijst; adres en actuele status nog controleren.,https://nl.wikipedia.org/wiki/Lijst_van_musea_in_Zuid-Holland,
